project,versionId,versionIndex,versionDate,ATDI,ATDI_WEIGHTED,AffectedClassesRatio,AffectedComponentType,AffectedConstructType,AffectedElements,AffectsIndexList,AfferentAffectedRatio,CentralComponent,EfferentAffectedRatio,InstabilityGap,LOCDensity,MeanContTreeDepth,MeanContTreeDistance,NumberOfEdges,PageRankWeighted,PageRankWeightedRanking,Severity,Shape,Size,SmellExtent,SmellExtentByWeight,StDContTreeDepth,StDContTreeDistance,Strength,TotalNumberOfChanges,smellType,vertexId,vertexLabel
logging-log4j2,4f474b32751f4ccad67424ca585612584440cd63,1,2026-01-22T10:08:42.000,39.68576814926343,3.3071473457719525,0.0,CONTAINER,PACKAGE,"[org.apache.log4j.bridge, org.apache.log4j.helpers, org.apache.log4j]",55462;54440;54858,0.0,,0.0,0.0,0.0,3.6666666666666665,1.0,5,2.4252258139081987E-5,1,3.3071473457719525,CIRCLE,3,144,1,0.4714045207910317,0.816496580927726,0.0,0,cyclicDep,158113,smell
logging-log4j2,4f474b32751f4ccad67424ca585612584440cd63,1,2026-01-22T10:08:42.000,54.31448943015666,4.267349310305426,0.0,CONTAINER,PACKAGE,"[org.apache.log4j.bridge, org.apache.log4j.helpers, org.apache.log4j, org.apache.log4j.spi]",54664;55462;54440;54297,0.0,,0.0,0.0,0.0,3.75,1.5,11,2.2581812639711524E-5,1,4.267349310305426,CIRCLE,4,162,1,0.4330127018922193,0.7637626158259734,0.0,0,cyclicDep,158120,smell
logging-log4j2,4f474b32751f4ccad67424ca585612584440cd63,1,2026-01-22T10:08:42.000,28.981156501884378,3.4394304969681913,0.0,CONTAINER,PACKAGE,"[org.apache.log4j.bridge, org.apache.log4j.helpers, org.apache.log4j.spi]",54664;55462;55281,0.0,,0.0,0.0,0.0,4.0,1.6666666666666667,5,1.6313230186744924E-5,1,3.4394304969681913,CIRCLE,3,71,1,0.0,0.4714045207910317,0.0,0,cyclicDep,158128,smell
logging-log4j2,4f474b32751f4ccad67424ca585612584440cd63,1,2026-01-22T10:08:42.000,43.48889980221665,4.4156287640060885,0.0,CONTAINER,PACKAGE,"[org.apache.log4j.bridge, org.apache.log4j.helpers, org.apache.log4j.or, org.apache.log4j, org.apache.log4j.spi]",55202;54664;55462;54440;55423,0.0,,0.0,0.0,0.0,3.8,1.7,16,2.022664215360958E-5,1,4.4156287640060885,CIRCLE,5,97,1,0.39999999999999997,0.6403124237432849,0.0,0,cyclicDep,158141,smell
logging-log4j2,4f474b32751f4ccad67424ca585612584440cd63,1,2026-01-22T10:08:42.000,28.981156501884378,3.4394304969681913,0.0,CONTAINER,PACKAGE,"[org.apache.log4j.helpers, org.apache.log4j.or, org.apache.log4j.spi]",55202;54664;55807,0.0,,0.0,0.0,0.0,4.0,2.0,5,1.5348829577621607E-5,1,3.4394304969681913,CIRCLE,3,71,1,0.0,0.0,0.0,0,cyclicDep,158150,smell
logging-log4j2,4f474b32751f4ccad67424ca585612584440cd63,1,2026-01-22T10:08:42.000,49.62044292644242,4.987042155098612,0.0,CONTAINER,PACKAGE,"[org.apache.logging.log4j, org.apache.log4j.bridge, org.apache.log4j.helpers, org.apache.log4j.or, org.apache.log4j, org.apache.log4j.spi]",55202;54664;55462;54440;54843;55618,0.0,,0.0,0.0,0.0,3.8333333333333335,2.066666666666667,21,7.517546760858587E-5,1,4.987042155098612,CIRCLE,6,99,1,0.3726779962499649,0.7717224601860151,0.0,0,cyclicDep,158163,smell
logging-log4j2,4f474b32751f4ccad67424ca585612584440cd63,1,2026-01-22T10:08:42.000,60.755616873236356,5.153224164775673,0.0,CONTAINER,PACKAGE,"[org.apache.logging.log4j.core.util, org.apache.logging.log4j, org.apache.log4j.bridge, org.apache.log4j.helpers, org.apache.log4j.or, org.apache.log4j, org.apache.log4j.spi]",55122;55202;54664;55462;54440;54843;54298,0.0,,0.0,0.0,0.0,4.142857142857143,2.6666666666666665,25,8.228471572031376E-5,1,5.153224164775673,CIRCLE,7,139,1,0.8329931278350429,1.391584685352615,0.0,0,cyclicDep,158173,smell
logging-log4j2,4f474b32751f4ccad67424ca585612584440cd63,1,2026-01-22T10:08:42.000,157.12810978526815,10.257184888563385,0.0,CONTAINER,PACKAGE,"[org.apache.logging.log4j.core.util, org.apache.logging.log4j, org.apache.log4j.bridge, org.apache.logging.log4j.core, org.apache.log4j.helpers, org.apache.log4j.or, org.apache.log4j, org.apache.log4j.spi]",54626;55122;55202;54664;55462;54440;54843;54353,0.0,,0.0,0.0,0.0,4.25,2.75,31,9.041597561609775E-5,1,5.921988456539832,CIRCLE,8,704,3,0.82915619758885,1.4047114599497954,0.0,0,cyclicDep,158184,smell
logging-log4j2,4f474b32751f4ccad67424ca585612584440cd63,1,2026-01-22T10:08:42.000,149.09527770259,9.831051479261014,0.0,CONTAINER,PACKAGE,"[org.apache.logging.log4j.core.util, org.apache.logging.log4j, org.apache.log4j.bridge, org.apache.logging.log4j.core, org.apache.log4j.helpers, org.apache.logging.log4j.core.appender, org.apache.log4j.or, org.apache.log4j, org.apache.log4j.spi]",55138;54626;55122;55202;54664;55462;54440;54843;54388,0.0,,0.0,0.0,0.0,4.444444444444445,2.9444444444444446,37,8.498028185806674E-5,1,6.951603167179502,CIRCLE,9,460,2,0.9558139185602919,1.4896764086435468,0.0,0,cyclicDep,158196,smell
logging-log4j2,4f474b32751f4ccad67424ca585612584440cd63,1,2026-01-22T10:08:42.000,152.02466621665786,9.455484451978661,0.0,CONTAINER,PACKAGE,"[org.apache.logging.log4j.core.util, org.apache.logging.log4j, org.apache.log4j.bridge, org.apache.logging.log4j.core, org.apache.log4j.helpers, org.apache.logging.log4j.core.appender, org.apache.log4j.or, org.apache.logging.log4j.core.appender.rolling, org.apache.log4j, org.apache.log4j.spi]",54597;55138;54626;55122;55202;54664;55462;54440;54843;54501,0.0,,0.0,0.0,0.0,4.7,3.311111111111111,42,7.900160340823669E-5,1,6.686037175398076,CIRCLE,10,517,2,1.1874342087037917,1.6305721180305903,0.0,0,cyclicDep,158215,smell
logging-log4j2,4f474b32751f4ccad67424ca585612584440cd63,1,2026-01-22T10:08:42.000,107.7563305957337,7.27320002811741,0.0,CONTAINER,PACKAGE,"[org.apache.logging.log4j.core, org.apache.logging.log4j.core.appender, org.apache.logging.log4j.core.appender.rolling]",54597;55138;54561,0.0,,0.0,0.0,0.0,6.0,3.3333333333333335,5,7.13410080133902E-5,1,5.142929060808008,CIRCLE,3,439,2,0.816496580927726,0.9428090415820634,0.0,0,cyclicDep,158229,smell
logging-log4j2,4f474b32751f4ccad67424ca585612584440cd63,1,2026-01-22T10:08:42.000,205.16926096240644,15.250111066321397,0.0,CONTAINER,PACKAGE,"[org.apache.logging.log4j.core.util, org.apache.logging.log4j, org.apache.log4j.bridge, org.apache.logging.log4j.core, org.apache.log4j.helpers, org.apache.logging.log4j.core.appender, org.apache.logging.log4j.core.appender.rolling.action, org.apache.log4j.or, org.apache.logging.log4j.core.appender.rolling, org.apache.log4j, org.apache.log4j.spi]",54437;54597;55138;54626;55122;55202;54664;55462;54440;54843;55234,0.0,,0.0,0.0,0.0,5.0,3.7818181818181817,47,7.25114169796576E-5,1,6.820057001743289,CIRCLE,11,905,5,1.4770978917519928,1.8653872041717245,0.0,0,cyclicDep,158242,smell
logging-log4j2,4f474b32751f4ccad67424ca585612584440cd63,1,2026-01-22T10:08:42.000,175.7657092007791,12.726291818054657,0.0,CONTAINER,PACKAGE,"[org.apache.logging.log4j.core, org.apache.logging.log4j.core.appender, org.apache.logging.log4j.core.appender.rolling.action, org.apache.logging.log4j.core.appender.rolling]",54437;54597;55138;54689,0.0,,0.0,0.0,0.0,6.5,4.333333333333333,8,5.540814418350929E-5,1,6.363145909027328,CIRCLE,4,763,4,1.118033988749895,1.3743685418725535,0.0,0,cyclicDep,158257,smell
logging-log4j2,4f474b32751f4ccad67424ca585612584440cd63,1,2026-01-22T10:08:42.000,154.31549737086604,12.174374334162978,0.0,CONTAINER,PACKAGE,"[org.apache.logging.log4j.core.appender.rolling.action, org.apache.logging.log4j.core.appender.rolling]",54437;55012,0.0,,0.0,0.0,0.0,7.5,6.0,2,1.6401525026816423E-5,1,7.028878299044267,TINY,2,482,3,0.5,0.0,0.0,0,cyclicDep,158265,smell
logging-log4j2,4f474b32751f4ccad67424ca585612584440cd63,1,2026-01-22T10:08:42.000,252.06546862789392,16.70565967096678,0.0,CONTAINER,PACKAGE,"[org.apache.logging.log4j.core.util, org.apache.log4j.bridge, org.apache.logging.log4j, org.apache.logging.log4j.core, org.apache.log4j.helpers, org.apache.logging.log4j.core.config, org.apache.logging.log4j.core.appender, org.apache.logging.log4j.core.appender.rolling.action, org.apache.log4j.or, org.apache.logging.log4j.core.appender.rolling, org.apache.log4j, org.apache.log4j.spi]",54910;54437;54597;55138;54626;55122;55202;54664;55462;54440;54843;54293,0.0,,0.0,0.0,0.0,5.083333333333333,3.787878787878788,60,7.631717512395319E-5,1,6.820057001743289,CIRCLE,12,1366,6,1.4409680388158819,1.805002740828537,0.0,0,cyclicDep,158271,smell
logging-log4j2,4f474b32751f4ccad67424ca585612584440cd63,1,2026-01-22T10:08:42.000,257.5989046365185,15.923198068544453,0.0,CONTAINER,PACKAGE,"[org.apache.logging.log4j.core, org.apache.logging.log4j.core.config, org.apache.logging.log4j.core.appender, org.apache.logging.log4j.core.appender.rolling.action, org.apache.logging.log4j.core.appender.rolling]",54910;54437;54597;55138;54478,0.0,,0.0,0.0,0.0,6.4,4.0,15,6.796261828904839E-5,1,6.018403166598949,CIRCLE,5,1832,7,1.019803902718557,1.5491933384829668,0.0,0,cyclicDep,158287,smell
logging-log4j2,4f474b32751f4ccad67424ca585612584440cd63,1,2026-01-22T10:08:42.000,192.95003825739155,13.302154915539072,0.0,CONTAINER,PACKAGE,"[org.apache.logging.log4j.core.config, org.apache.logging.log4j.core.appender, org.apache.logging.log4j.core.appender.rolling.action, org.apache.logging.log4j.core.appender.rolling]",54910;54437;54597;54618,0.0,,0.0,0.0,0.0,6.75,4.666666666666667,9,4.811957413966407E-5,1,5.948904527675667,CIRCLE,4,1052,5,0.82915619758885,1.4907119849998598,0.0,0,cyclicDep,158296,smell
logging-log4j2,4f474b32751f4ccad67424ca585612584440cd63,1,2026-01-22T10:08:42.000,205.55598188221006,14.857958910503292,0.0,CONTAINER,PACKAGE,"[org.apache.logging.log4j.core.util, org.apache.logging.log4j.core, org.apache.log4j.helpers, org.apache.logging.log4j.core.config, org.apache.logging.log4j.core.appender, org.apache.logging.log4j.core.appender.mom, org.apache.logging.log4j, org.apache.log4j.bridge, org.apache.logging.log4j.core.appender.rolling.action, org.apache.log4j.or, org.apache.logging.log4j.core.appender.rolling, org.apache.log4j, org.apache.log4j.spi]",55743;54910;54437;54597;55138;54626;55122;55202;54664;55462;54440;54843;54781,0.0,,0.0,0.0,0.0,5.230769230769231,3.9358974358974357,66,7.108706711645065E-5,1,6.6446812261568144,CIRCLE,13,957,5,1.475640468711606,1.763880800014585,0.0,0,cyclicDep,158304,smell
logging-log4j2,4f474b32751f4ccad67424ca585612584440cd63,1,2026-01-22T10:08:42.000,182.6336745074684,12.625486553024283,0.0,CONTAINER,PACKAGE,"[org.apache.logging.log4j.core, org.apache.logging.log4j.core.config, org.apache.logging.log4j.core.appender, org.apache.logging.log4j.core.appender.rolling.action, org.apache.logging.log4j.core.appender.rolling, org.apache.logging.log4j.core.appender.mom]",55743;54910;54437;54597;55138;54935,0.0,,0.0,0.0,0.0,6.5,4.133333333333334,19,5.8023143745277003E-5,1,6.312743276512141,CIRCLE,6,837,4,0.9574271077563381,1.3597385369580761,0.0,0,cyclicDep,158321,smell
logging-log4j2,4f474b32751f4ccad67424ca585612584440cd63,1,2026-01-22T10:08:42.000,187.0054400653598,12.889266118143333,0.0,CONTAINER,PACKAGE,"[org.apache.logging.log4j.core.config, org.apache.logging.log4j.core.appender, org.apache.logging.log4j.core.appender.rolling.action, org.apache.logging.log4j.core.appender.rolling, org.apache.logging.log4j.core.appender.mom]",55743;54910;54437;54597;54792,0.0,,0.0,0.0,0.0,6.8,4.6,12,4.016081351701529E-5,1,6.444633059071666,CIRCLE,5,842,4,0.7483314773547882,1.2806248474865698,0.0,0,cyclicDep,158331,smell
logging-log4j2,4f474b32751f4ccad67424ca585612584440cd63,1,2026-01-22T10:08:42.000,149.5892950640374,10.890628090248894,0.0,CONTAINER,PACKAGE,"[org.apache.logging.log4j.core.config, org.apache.logging.log4j.core.appender.rolling.action, org.apache.logging.log4j.core.config.plugins, org.apache.logging.log4j.core.appender.rolling, org.apache.logging.log4j.core.appender.mom]",55082;55743;54910;54437;54559,0.0,,0.0,0.0,0.0,7.0,4.8,12,4.751697471749474E-5,1,6.287707059549299,CIRCLE,5,566,3,0.6324555320336759,0.9797958971132712,0.0,0,cyclicDep,158346,smell
logging-log4j2,4f474b32751f4ccad67424ca585612584440cd63,1,2026-01-22T10:08:42.000,212.80936222598507,15.270952186923932,0.0,CONTAINER,PACKAGE,"[org.apache.logging.log4j.core.util, org.apache.logging.log4j.core, org.apache.log4j.helpers, org.apache.logging.log4j.core.config, org.apache.logging.log4j.core.appender, org.apache.logging.log4j.core.appender.mom, org.apache.log4j.bridge, org.apache.logging.log4j, org.apache.logging.log4j.core.config.plugins.visitors, org.apache.logging.log4j.core.appender.rolling.action, org.apache.log4j.or, org.apache.logging.log4j.core.config.plugins, org.apache.logging.log4j.core.appender.rolling, org.apache.log4j, org.apache.log4j.spi]",54528;55082;55743;54910;54437;54597;55138;54626;55122;55202;54664;55462;54440;54843;55659,0.0,,0.0,0.0,0.0,5.533333333333333,4.123809523809523,80,6.82575998304082E-5,1,6.829377434222197,CIRCLE,15,971,5,1.586050300449376,1.7765415202698276,0.0,0,cyclicDep,158355,smell
logging-log4j2,4f474b32751f4ccad67424ca585612584440cd63,1,2026-01-22T10:08:42.000,187.13388764302775,12.829734101158591,0.0,CONTAINER,PACKAGE,"[org.apache.logging.log4j.core, org.apache.logging.log4j.core.config.plugins.visitors, org.apache.logging.log4j.core.config, org.apache.logging.log4j.core.appender, org.apache.logging.log4j.core.appender.rolling.action, org.apache.logging.log4j.core.config.plugins, org.apache.logging.log4j.core.appender.rolling, org.apache.logging.log4j.core.appender.mom]",54528;55082;55743;54910;54437;54597;55138;55113,0.0,,0.0,0.0,0.0,6.75,4.035714285714286,30,5.5983873426740814E-5,1,6.4148670505792955,CIRCLE,8,851,4,0.9682458365518543,1.4010746604237878,0.0,0,cyclicDep,158374,smell
logging-log4j2,4f474b32751f4ccad67424ca585612584440cd63,1,2026-01-22T10:08:42.000,57.79659212438568,5.838337460089446,0.0,CONTAINER,PACKAGE,"[org.apache.logging.log4j.core.config.plugins.visitors, org.apache.logging.log4j.core.config, org.apache.logging.log4j.core.config.plugins, org.apache.logging.log4j.core.appender.mom]",54528;55082;55743;54573,0.0,,0.0,0.0,0.0,7.0,4.166666666666667,7,5.655960266997234E-5,1,5.838337460089446,CIRCLE,4,98,1,0.7071067811865476,0.8975274678557507,0.0,0,cyclicDep,158386,smell
logging-log4j2,4f474b32751f4ccad67424ca585612584440cd63,1,2026-01-22T10:08:42.000,99.78571689804548,6.682145843969263,0.0,CONTAINER,PACKAGE,"[org.apache.logging.log4j.core.config.plugins.visitors, org.apache.logging.log4j.core.config.plugins]",54528;54888,0.0,,0.0,0.0,0.0,7.5,6.0,2,4.986606247113222E-5,1,6.682145843969263,TINY,2,223,1,0.5,0.0,0.0,0,cyclicDep,158394,smell
logging-log4j2,4f474b32751f4ccad67424ca585612584440cd63,1,2026-01-22T10:08:42.000,220.75909439629206,15.696595265392297,0.0,CONTAINER,PACKAGE,"[org.apache.logging.log4j.core.util, org.apache.logging.log4j.core, org.apache.log4j.helpers, org.apache.logging.log4j.core.config, org.apache.logging.log4j.core.appender, org.apache.logging.log4j.core.config.plugins.convert, org.apache.logging.log4j.core.appender.mom, org.apache.logging.log4j, org.apache.log4j.bridge, org.apache.logging.log4j.core.config.plugins.visitors, org.apache.logging.log4j.core.appender.rolling.action, org.apache.log4j.or, org.apache.logging.log4j.core.config.plugins, org.apache.logging.log4j.core.appender.rolling, org.apache.log4j, org.apache.log4j.spi]",55401;54528;55082;55743;54910;54437;54597;55138;54626;55122;55202;54664;55462;54440;54843;54334,0.0,,0.0,0.0,0.0,5.6875,4.2,86,6.491605128679339E-5,1,7.019730805743706,CIRCLE,16,989,5,1.6476782908080085,1.80092568789868,0.0,0,cyclicDep,158400,smell
logging-log4j2,4f474b32751f4ccad67424ca585612584440cd63,1,2026-01-22T10:08:42.000,195.77762842368034,13.390907239017812,0.0,CONTAINER,PACKAGE,"[org.apache.logging.log4j.core, org.apache.logging.log4j.core.config.plugins.visitors, org.apache.logging.log4j.core.config, org.apache.logging.log4j.core.appender, org.apache.logging.log4j.core.appender.rolling.action, org.apache.logging.log4j.core.config.plugins, org.apache.logging.log4j.core.appender.rolling, org.apache.logging.log4j.core.config.plugins.convert, org.apache.logging.log4j.core.appender.mom]",55401;54528;55082;55743;54910;54437;54597;55138;55657,0.0,,0.0,0.0,0.0,6.888888888888889,4.0,34,5.1407090060721966E-5,1,6.695453619508906,CIRCLE,9,855,4,0.9938079899999066,1.4337208778404378,0.0,0,cyclicDep,158420,smell
logging-log4j2,4f474b32751f4ccad67424ca585612584440cd63,1,2026-01-22T10:08:42.000,62.06996384504994,6.334989157223856,0.0,CONTAINER,PACKAGE,"[org.apache.logging.log4j.core.config.plugins.visitors, org.apache.logging.log4j.core.config, org.apache.logging.log4j.core.appender.rolling.action, org.apache.logging.log4j.core.config.plugins, org.apache.logging.log4j.core.config.plugins.convert, org.apache.logging.log4j.core.appender.mom]",55401;54528;55082;55743;54910;54993,0.0,,0.0,0.0,0.0,7.333333333333333,4.6,12,4.144013108438787E-5,1,6.334989157223856,CIRCLE,6,96,1,0.7453559924999299,1.4966629547095767,0.0,0,cyclicDep,158433,smell
logging-log4j2,4f474b32751f4ccad67424ca585612584440cd63,1,2026-01-22T10:08:42.000,42.162123412949775,5.398306733139793,0.0,CONTAINER,PACKAGE,"[org.apache.logging.log4j.core.config.plugins.visitors, org.apache.logging.log4j.core.config.plugins, org.apache.logging.log4j.core.config.plugins.convert]",55401;54528;55503,0.0,,0.0,0.0,0.0,7.666666666666667,4.333333333333333,4,3.817498269161189E-5,1,5.398306733139793,CIRCLE,3,61,1,0.4714045207910317,2.357022603955158,0.0,0,cyclicDep,158443,smell
logging-log4j2,4f474b32751f4ccad67424ca585612584440cd63,1,2026-01-22T10:08:42.000,231.5377409505891,16.372190672677572,0.0,CONTAINER,PACKAGE,"[org.apache.logging.log4j.core.util, org.apache.logging.log4j.core, org.apache.log4j.helpers, org.apache.logging.log4j.core.config, org.apache.logging.log4j.core.appender, org.apache.logging.log4j.core.config.plugins.convert, org.apache.logging.log4j.core.appender.mom, org.apache.log4j.bridge, org.apache.logging.log4j, org.apache.logging.log4j.core.config.plugins.visitors, org.apache.logging.log4j.core.appender.rolling.action, org.apache.log4j.or, org.apache.logging.log4j.core.config.plugins, org.apache.logging.log4j.core.appender.rolling, org.apache.logging.log4j.core.config.plugins.util, org.apache.log4j, org.apache.log4j.spi]",55534;55401;54528;55082;55743;54910;54437;54597;55138;54626;55122;55202;54664;55462;54440;54843;54383,0.0,,0.0,0.0,0.0,5.823529411764706,4.25,98,6.299214025472153E-5,1,7.321866256939012,CIRCLE,17,1000,5,1.6885529522832146,1.8098992497146484,0.0,0,cyclicDep,158450,smell
logging-log4j2,4f474b32751f4ccad67424ca585612584440cd63,1,2026-01-22T10:08:42.000,185.60700801759725,12.680429232958266,0.0,CONTAINER,PACKAGE,"[org.apache.logging.log4j.core, org.apache.logging.log4j.core.config.plugins.visitors, org.apache.logging.log4j.core.config, org.apache.logging.log4j.core.appender, org.apache.logging.log4j.core.appender.rolling.action, org.apache.logging.log4j.core.config.plugins, org.apache.logging.log4j.core.appender.rolling, org.apache.logging.log4j.core.config.plugins.convert, org.apache.logging.log4j.core.config.plugins.util, org.apache.logging.log4j.core.appender.mom]",55534;55401;54528;55082;55743;54910;54437;54597;55138;55711,0.0,,0.0,0.0,0.0,7.0,3.9555555555555557,43,4.948733742880697E-5,1,6.340214616479133,CIRCLE,10,857,4,1.0,1.4291497947389802,0.0,0,cyclicDep,158471,smell
logging-log4j2,4f474b32751f4ccad67424ca585612584440cd63,1,2026-01-22T10:08:42.000,63.73280391875707,6.022183911638357,0.0,CONTAINER,PACKAGE,"[org.apache.logging.log4j.core.config.plugins.visitors, org.apache.logging.log4j.core.config, org.apache.logging.log4j.core.config.plugins, org.apache.logging.log4j.core.config.plugins.convert, org.apache.logging.log4j.core.config.plugins.util, org.apache.logging.log4j.core.appender.mom]",55534;55401;54528;55082;55743;55034,0.0,,0.0,0.0,0.0,7.333333333333333,3.7333333333333334,15,4.5540132925672085E-5,1,6.022183911638357,CIRCLE,6,112,1,0.7453559924999299,1.4360439485692011,0.0,0,cyclicDep,158485,smell
logging-log4j2,4f474b32751f4ccad67424ca585612584440cd63,1,2026-01-22T10:08:42.000,38.10096316904497,5.233569787888246,0.0,CONTAINER,PACKAGE,"[org.apache.logging.log4j.core.config.plugins.visitors, org.apache.logging.log4j.core.config.plugins, org.apache.logging.log4j.core.config.plugins.convert, org.apache.logging.log4j.core.config.plugins.util]",55534;55401;54528;54782,0.0,,0.0,0.0,0.0,7.75,3.8333333333333335,8,3.6683627954101906E-5,1,5.233569787888246,CIRCLE,4,53,1,0.4330127018922193,2.1921577396609844,0.0,0,cyclicDep,158495,smell
logging-log4j2,4f474b32751f4ccad67424ca585612584440cd63,1,2026-01-22T10:08:42.000,195.21272671395897,12.680429232958266,0.0,CONTAINER,PACKAGE,"[org.apache.logging.log4j.core.config.plugins.processor, org.apache.logging.log4j.core, org.apache.logging.log4j.core.config.plugins.visitors, org.apache.logging.log4j.core.config, org.apache.logging.log4j.core.appender, org.apache.logging.log4j.core.appender.rolling.action, org.apache.logging.log4j.core.config.plugins, org.apache.logging.log4j.core.appender.rolling, org.apache.logging.log4j.core.config.plugins.convert, org.apache.logging.log4j.core.config.plugins.util, org.apache.logging.log4j.core.appender.mom]",54912;55534;55401;54528;55082;55743;54910;54437;54597;55138;55151,0.0,,0.0,0.0,0.0,7.090909090909091,3.890909090909091,49,4.567486538441036E-5,1,6.340214616479133,CIRCLE,11,948,4,0.9958591954639383,1.4355578867746823,0.0,0,cyclicDep,158503,smell
logging-log4j2,4f474b32751f4ccad67424ca585612584440cd63,1,2026-01-22T10:08:42.000,60.40830726140227,5.257868264158234,0.0,CONTAINER,PACKAGE,"[org.apache.logging.log4j.core.config.plugins.processor, org.apache.logging.log4j.core.config.plugins.visitors, org.apache.logging.log4j.core.config, org.apache.logging.log4j.core.config.plugins, org.apache.logging.log4j.core.config.plugins.convert, org.apache.logging.log4j.core.config.plugins.util, org.apache.logging.log4j.core.appender.mom]",54912;55534;55401;54528;55082;55743;55205,0.0,,0.0,0.0,0.0,7.428571428571429,3.5714285714285716,19,4.0112991784925255E-5,1,5.257868264158234,CIRCLE,7,132,1,0.7284313590846836,1.466171839841967,0.0,0,cyclicDep,158518,smell
logging-log4j2,4f474b32751f4ccad67424ca585612584440cd63,1,2026-01-22T10:08:42.000,66.36892075716943,4.974560927195369,0.0,CONTAINER,PACKAGE,"[org.apache.logging.log4j.core.config.plugins.processor, org.apache.logging.log4j.core.config.plugins.visitors, org.apache.logging.log4j.core.config.plugins, org.apache.logging.log4j.core.config.plugins.convert, org.apache.logging.log4j.core.config.plugins.util]",54912;55534;55401;54528;54434,0.0,,0.0,0.0,0.0,7.8,3.5,11,3.085693135137038E-5,1,4.974560927195369,CIRCLE,5,178,1,0.39999999999999997,2.0615528128088303,0.0,0,cyclicDep,158529,smell
logging-log4j2,4f474b32751f4ccad67424ca585612584440cd63,1,2026-01-22T10:08:42.000,213.13865133372028,15.162427708983403,0.0,CONTAINER,PACKAGE,"[org.apache.logging.log4j.core.util, org.apache.logging.log4j.core, org.apache.logging.log4j.core.config.plugins.processor.internal, org.apache.logging.log4j.core.config, org.apache.logging.log4j.core.appender, org.apache.logging.log4j.core.config.plugins.convert, org.apache.logging.log4j.core.appender.mom, org.apache.logging.log4j.core.config.plugins.processor, org.apache.logging.log4j.core.config.plugins.visitors, org.apache.logging.log4j.core.appender.rolling.action, org.apache.logging.log4j.core.config.plugins, org.apache.logging.log4j.core.appender.rolling, org.apache.logging.log4j.core.config.plugins.util]",55085;54912;55534;55401;54528;55082;55743;54910;54437;54597;55138;54626;55752,0.0,,0.0,0.0,0.0,7.153846153846154,4.141025641025641,64,4.873391332122116E-5,1,6.780843812242657,CIRCLE,13,988,5,1.0986812966989001,1.6849587910532609,0.0,0,cyclicDep,158538,smell
logging-log4j2,4f474b32751f4ccad67424ca585612584440cd63,1,2026-01-22T10:08:42.000,56.936452214794954,4.974560927195369,0.0,CONTAINER,PACKAGE,"[org.apache.logging.log4j.core.config.plugins.processor, org.apache.logging.log4j.core.config.plugins.visitors, org.apache.logging.log4j.core.config.plugins, org.apache.logging.log4j.core.config.plugins.convert, org.apache.logging.log4j.core.config.plugins.util, org.apache.logging.log4j.core.config.plugins.validation]",55552;54912;55534;55401;54528;54687,0.0,,0.0,0.0,0.0,7.833333333333333,3.2666666666666666,14,2.9994413060885132E-5,1,4.974560927195369,CIRCLE,6,131,1,0.37267799624996495,1.948218559493661,0.0,0,cyclicDep,158555,smell
logging-log4j2,4f474b32751f4ccad67424ca585612584440cd63,1,2026-01-22T10:08:42.000,250.16149521278558,16.943074372936717,0.0,CONTAINER,PACKAGE,"[org.apache.logging.log4j.core.util, org.apache.logging.log4j.core, org.apache.log4j.helpers, org.apache.logging.log4j.core.config, org.apache.logging.log4j.core.appender, org.apache.logging.log4j.core.config.plugins.validation.validators, org.apache.logging.log4j.core.config.plugins.convert, org.apache.logging.log4j.core.config.plugins.validation.constraints, org.apache.logging.log4j.core.config.plugins.validation, org.apache.logging.log4j.core.appender.mom, org.apache.logging.log4j.core.config.plugins.processor, org.apache.logging.log4j, org.apache.log4j.bridge, org.apache.logging.log4j.core.config.plugins.visitors, org.apache.logging.log4j.core.appender.rolling.action, org.apache.log4j.or, org.apache.logging.log4j.core.config.plugins, org.apache.logging.log4j.core.appender.rolling, org.apache.logging.log4j.core.config.plugins.util, org.apache.log4j, org.apache.log4j.spi]",55388;54777;55552;54912;55534;55401;54528;55082;55743;54910;54437;54597;55138;54626;55122;55202;54664;55462;54440;54843;54760,0.0,,0.0,0.0,0.0,6.333333333333333,4.576190476190476,128,5.467359825275531E-5,1,7.577173209144224,CIRCLE,21,1090,5,1.8601928556785343,2.053198378814488,0.0,0,cyclicDep,158571,smell
logging-log4j2,4f474b32751f4ccad67424ca585612584440cd63,1,2026-01-22T10:08:42.000,219.1931357259318,15.843677105667943,0.0,CONTAINER,PACKAGE,"[org.apache.logging.log4j.core, org.apache.logging.log4j.core.config, org.apache.logging.log4j.core.appender, org.apache.logging.log4j.core.config.plugins.validation.validators, org.apache.logging.log4j.core.config.plugins.convert, org.apache.logging.log4j.core.config.plugins.validation.constraints, org.apache.logging.log4j.core.config.plugins.validation, org.apache.logging.log4j.core.appender.mom, org.apache.logging.log4j.core.config.plugins.processor, org.apache.logging.log4j.core.config.plugins.visitors, org.apache.logging.log4j.core.appender.rolling.action, org.apache.logging.log4j.core.config.plugins, org.apache.logging.log4j.core.appender.rolling, org.apache.logging.log4j.core.config.plugins.util]",55388;54777;55552;54912;55534;55401;54528;55082;55743;54910;54437;54597;55138;54959,0.0,,0.0,0.0,0.0,7.428571428571429,4.274725274725275,69,4.086803951897607E-5,1,7.085507804366127,CIRCLE,14,957,5,1.1157499537009508,1.955920480113142,0.0,0,cyclicDep,158596,smell
logging-log4j2,4f474b32751f4ccad67424ca585612584440cd63,1,2026-01-22T10:08:42.000,213.80932633487788,15.470699891059784,0.0,CONTAINER,PACKAGE,"[org.apache.logging.log4j.core.config, org.apache.logging.log4j.core.appender, org.apache.logging.log4j.core.config.plugins.validation.validators, org.apache.logging.log4j.core.config.plugins.convert, org.apache.logging.log4j.core.config.plugins.validation.constraints, org.apache.logging.log4j.core.config.plugins.validation, org.apache.logging.log4j.core.appender.mom, org.apache.logging.log4j.core.config.plugins.processor, org.apache.logging.log4j.core.config.plugins.visitors, org.apache.logging.log4j.core.appender.rolling.action, org.apache.logging.log4j.core.config.plugins, org.apache.logging.log4j.core.appender.rolling, org.apache.logging.log4j.core.config.plugins.util]",55388;54777;55552;54912;55534;55401;54528;55082;55743;54910;54437;54597;55384,0.0,,0.0,0.0,0.0,7.615384615384615,4.410256410256411,56,3.2678289106083035E-5,1,6.918707323181653,CIRCLE,13,955,5,0.9230769230769231,2.021905026022187,0.0,0,cyclicDep,158614,smell
logging-log4j2,4f474b32751f4ccad67424ca585612584440cd63,1,2026-01-22T10:08:42.000,108.29489923741849,6.918707323181653,0.0,CONTAINER,PACKAGE,"[org.apache.logging.log4j.core.config.plugins.processor, org.apache.logging.log4j.core.config.plugins.visitors, org.apache.logging.log4j.core.config, org.apache.logging.log4j.core.config.plugins, org.apache.logging.log4j.core.config.plugins.validation.validators, org.apache.logging.log4j.core.config.plugins.convert, org.apache.logging.log4j.core.config.plugins.validation.constraints, org.apache.logging.log4j.core.config.plugins.util, org.apache.logging.log4j.core.config.plugins.validation, org.apache.logging.log4j.core.appender.mom]",55388;54777;55552;54912;55534;55401;54528;55082;55743;54613,0.0,,0.0,0.0,0.0,7.8,4.333333333333333,33,3.5051997653162794E-5,1,6.918707323181653,CIRCLE,10,245,1,0.8717797887081347,2.422120283277993,0.0,0,cyclicDep,158631,smell
logging-log4j2,4f474b32751f4ccad67424ca585612584440cd63,1,2026-01-22T10:08:42.000,60.66778191974991,5.707144849045384,0.0,CONTAINER,PACKAGE,"[org.apache.logging.log4j.core.config.plugins.processor, org.apache.logging.log4j.core.config.plugins.validation.validators, org.apache.logging.log4j.core.config.plugins.convert, org.apache.logging.log4j.core.config.plugins.validation.constraints, org.apache.logging.log4j.core.config.plugins.util, org.apache.logging.log4j.core.config.plugins.validation]",55388;54777;55552;54912;55534;55753,0.0,,0.0,0.0,0.0,8.333333333333334,5.133333333333334,11,2.0713594308623096E-5,1,5.707144849045384,CIRCLE,6,113,1,0.4714045207910317,3.0739045022396008,0.0,0,cyclicDep,158645,smell
logging-log4j2,4f474b32751f4ccad67424ca585612584440cd63,1,2026-01-22T10:08:42.000,84.44084495502749,5.758817827943264,0.0,CONTAINER,PACKAGE,"[org.apache.logging.log4j.core.config.plugins.processor, org.apache.logging.log4j.core.config.plugins.validation.validators, org.apache.logging.log4j.core.config.plugins.validation.constraints, org.apache.logging.log4j.core.config.plugins.util, org.apache.logging.log4j.core.config.plugins.validation]",55388;54777;55552;54912;54362,0.0,,0.0,0.0,0.0,8.4,5.5,9,2.1897748543833465E-5,1,5.758817827943264,CIRCLE,5,215,1,0.4898979485566356,3.0740852297878796,0.0,0,cyclicDep,158655,smell
logging-log4j2,4f474b32751f4ccad67424ca585612584440cd63,1,2026-01-22T10:08:42.000,47.32262878873975,5.8696497018749705,0.0,CONTAINER,PACKAGE,"[org.apache.logging.log4j.core.config.plugins.validation.validators, org.apache.logging.log4j.core.config.plugins.validation.constraints, org.apache.logging.log4j.core.config.plugins.validation]",55388;54777;54635,0.0,,0.0,0.0,0.0,8.666666666666666,5.666666666666667,5,2.3243011345717044E-5,1,5.8696497018749705,CIRCLE,3,65,1,0.4714045207910317,3.299831645537222,0.0,0,cyclicDep,158664,smell
logging-log4j2,4f474b32751f4ccad67424ca585612584440cd63,1,2026-01-22T10:08:42.000,217.85149355720003,15.521276251410608,0.0,CONTAINER,PACKAGE,"[org.apache.logging.log4j.core.util, org.apache.logging.log4j.core, org.apache.logging.log4j.core.config, org.apache.logging.log4j.core.appender, org.apache.logging.log4j.core.config.plugins.validation.validators, org.apache.logging.log4j.core.config.plugins.convert, org.apache.logging.log4j.core.config.plugins.validation.constraints, org.apache.logging.log4j.core.config.plugins.validation, org.apache.logging.log4j.core.appender.mom, org.apache.logging.log4j.core.config.plugins.processor, org.apache.logging.log4j.core.config.plugins.visitors, org.apache.logging.log4j.core.appender.rolling.action, org.apache.logging.log4j.core.config.plugins, org.apache.logging.log4j.core.appender.rolling, org.apache.logging.log4j.core.config.plugins.util]",55388;54777;55552;54912;55534;55401;54528;55082;55743;54910;54437;54597;55138;54626;54697,0.0,,0.0,0.0,0.0,7.333333333333333,4.142857142857143,84,4.647285051042309E-5,1,6.941325759141447,CIRCLE,15,985,5,1.1352924243950933,1.8995165872679611,0.0,0,cyclicDep,158677,smell
logging-log4j2,4f474b32751f4ccad67424ca585612584440cd63,1,2026-01-22T10:08:42.000,275.75169990880084,19.11994025610654,0.0,CONTAINER,PACKAGE,"[org.apache.logging.log4j.core.util, org.apache.logging.log4j.status, org.apache.logging.log4j.core, org.apache.log4j.helpers, org.apache.logging.log4j.core.config, org.apache.logging.log4j.core.appender, org.apache.logging.log4j.core.config.plugins.validation.validators, org.apache.logging.log4j.core.config.plugins.convert, org.apache.logging.log4j.core.config.plugins.validation.constraints, org.apache.logging.log4j.core.config.plugins.validation, org.apache.logging.log4j.core.appender.mom, org.apache.logging.log4j.core.config.plugins.processor, org.apache.logging.log4j, org.apache.log4j.bridge, org.apache.logging.log4j.core.config.plugins.visitors, org.apache.logging.log4j.core.appender.rolling.action, org.apache.log4j.or, org.apache.logging.log4j.core.config.plugins, org.apache.logging.log4j.core.appender.rolling, org.apache.logging.log4j.core.config.plugins.util, org.apache.log4j, org.apache.log4j.spi]",55100;55388;54777;55552;54912;55534;55401;54528;55082;55743;54910;54437;54597;55138;54626;55122;55202;54664;55462;54440;54843;55084,0.0,,0.0,0.0,0.0,6.2727272727272725,4.48051948051948,145,6.431007928803425E-5,1,7.80568292332669,CIRCLE,22,1248,6,1.8385225832869712,2.006118711405819,0.0,0,cyclicDep,158696,smell
logging-log4j2,4f474b32751f4ccad67424ca585612584440cd63,1,2026-01-22T10:08:42.000,265.7373646244288,17.454037627367757,0.0,CONTAINER,PACKAGE,"[org.apache.logging.log4j.core.util, org.apache.logging.log4j.status, org.apache.logging.log4j.core, org.apache.log4j.helpers, org.apache.logging.log4j.core.config, org.apache.logging.log4j.core.appender, org.apache.logging.log4j.core.config.plugins.validation.validators, org.apache.logging.log4j.core.config.plugins.convert, org.apache.logging.log4j.core.config.plugins.validation.constraints, org.apache.logging.log4j.core.config.plugins.validation, org.apache.logging.log4j.core.appender.mom, org.apache.logging.log4j.core.config.plugins.processor, org.apache.logging.log4j, org.apache.log4j.bridge, org.apache.logging.log4j.core.config.plugins.visitors, org.apache.logging.log4j.core.appender.rolling.action, org.apache.log4j.or, org.apache.logging.log4j.core.config.plugins, org.apache.logging.log4j.core.appender.rolling, org.apache.logging.log4j.message, org.apache.logging.log4j.core.config.plugins.util, org.apache.log4j, org.apache.log4j.spi]",54308;55100;55388;54777;55552;54912;55534;55401;54528;55082;55743;54910;54437;54597;55138;54626;55122;55202;54664;55462;54440;54843;54606,0.0,,0.0,0.0,0.0,6.217391304347826,4.395256916996048,157,7.228514042722802E-5,1,7.80568292332669,CIRCLE,23,1159,5,1.8167462970240156,1.9585369108665935,0.0,0,cyclicDep,158722,smell
logging-log4j2,4f474b32751f4ccad67424ca585612584440cd63,1,2026-01-22T10:08:42.000,433.90049484818286,28.143790020068025,0.0,CONTAINER,PACKAGE,"[org.apache.logging.log4j.core.util, org.apache.logging.log4j.status, org.apache.logging.log4j.core, org.apache.log4j.helpers, org.apache.logging.log4j.core.config, org.apache.logging.log4j.core.impl, org.apache.logging.log4j.core.appender, org.apache.logging.log4j.core.config.plugins.validation.validators, org.apache.logging.log4j.core.config.plugins.convert, org.apache.logging.log4j.core.config.plugins.validation.constraints, org.apache.logging.log4j.core.config.plugins.validation, org.apache.logging.log4j.core.appender.mom, org.apache.logging.log4j.core.config.plugins.processor, org.apache.logging.log4j, org.apache.log4j.bridge, org.apache.logging.log4j.core.config.plugins.visitors, org.apache.logging.log4j.core.appender.rolling.action, org.apache.log4j.or, org.apache.logging.log4j.core.config.plugins, org.apache.logging.log4j.core.appender.rolling, org.apache.logging.log4j.message, org.apache.logging.log4j.core.config.plugins.util, org.apache.log4j, org.apache.log4j.spi]",55520;54308;55100;55388;54777;55552;54912;55534;55401;54528;55082;55743;54910;54437;54597;55138;54626;55122;55202;54664;55462;54440;54843;54359,0.0,,0.0,0.0,0.0,6.208333333333333,4.315217391304348,172,7.256054192415809E-5,1,7.80568292332669,CIRCLE,24,3090,13,1.7790251700174327,1.9257749117464469,0.0,0,cyclicDep,158749,smell
logging-log4j2,4f474b32751f4ccad67424ca585612584440cd63,1,2026-01-22T10:08:42.000,254.21277888679057,16.732010042710392,0.0,CONTAINER,PACKAGE,"[org.apache.logging.log4j.status, org.apache.logging.log4j.core, org.apache.logging.log4j.core.config, org.apache.logging.log4j.core.impl, org.apache.logging.log4j.core.appender, org.apache.logging.log4j.core.config.plugins.validation.validators, org.apache.logging.log4j.core.config.plugins.convert, org.apache.logging.log4j.core.config.plugins.validation.constraints, org.apache.logging.log4j.core.config.plugins.validation, org.apache.logging.log4j.core.appender.mom, org.apache.logging.log4j.core.config.plugins.processor, org.apache.logging.log4j.core.config.plugins.visitors, org.apache.logging.log4j.core.appender.rolling.action, org.apache.logging.log4j.core.config.plugins, org.apache.logging.log4j.core.appender.rolling, org.apache.logging.log4j.message, org.apache.logging.log4j.core.config.plugins.util]",55520;54308;55100;55388;54777;55552;54912;55534;55401;54528;55082;55743;54910;54437;54597;55138;54469,0.0,,0.0,0.0,0.0,7.0588235294117645,4.007352941176471,98,6.855647036103518E-5,1,6.830814495960706,CIRCLE,17,1385,6,1.3047690007540491,1.7594130184667196,0.0,0,cyclicDep,158777,smell
logging-log4j2,4f474b32751f4ccad67424ca585612584440cd63,1,2026-01-22T10:08:42.000,329.7525435804247,20.644123425762015,0.0,CONTAINER,PACKAGE,"[org.apache.logging.log4j.status, org.apache.logging.log4j.core, org.apache.logging.log4j.core.config, org.apache.logging.log4j.core.impl, org.apache.logging.log4j.core.appender, org.apache.logging.log4j.core.config.plugins.validation.validators, org.apache.logging.log4j.core.config.plugins.validation, org.apache.logging.log4j.core.appender.mom, org.apache.logging.log4j.core.config.plugins.processor, org.apache.logging.log4j, org.apache.logging.log4j.core.appender.rolling.action, org.apache.log4j.or, org.apache.logging.log4j.message, org.apache.logging.log4j.core.config.plugins.util, org.apache.logging.log4j.core.util, org.apache.logging.log4j.core.async, org.apache.log4j.helpers, org.apache.logging.log4j.core.config.plugins.convert, org.apache.logging.log4j.core.config.plugins.validation.constraints, org.apache.log4j.bridge, org.apache.logging.log4j.core.config.plugins.visitors, org.apache.logging.log4j.core.config.plugins, org.apache.logging.log4j.core.appender.rolling, org.apache.log4j, org.apache.log4j.spi]",54724;55520;54308;55100;55388;54777;55552;54912;55534;55401;54528;55082;55743;54910;54437;54597;55138;54626;55122;55202;54664;55462;54440;54843;54323,0.0,,0.0,0.0,0.0,6.2,4.24,187,7.095924833566914E-5,1,7.802745231355582,CIRCLE,25,1786,7,1.7435595774162693,1.896241897367879,0.0,0,cyclicDep,158798,smell
logging-log4j2,4f474b32751f4ccad67424ca585612584440cd63,1,2026-01-22T10:08:42.000,284.2476238974873,17.161591206142106,0.0,CONTAINER,PACKAGE,"[org.apache.logging.log4j.status, org.apache.logging.log4j.core.async, org.apache.logging.log4j.core, org.apache.logging.log4j.core.config, org.apache.logging.log4j.core.impl, org.apache.logging.log4j.core.appender, org.apache.logging.log4j.core.config.plugins.validation.validators, org.apache.logging.log4j.core.config.plugins.convert, org.apache.logging.log4j.core.config.plugins.validation.constraints, org.apache.logging.log4j.core.config.plugins.validation, org.apache.logging.log4j.core.appender.mom, org.apache.logging.log4j.core.config.plugins.processor, org.apache.logging.log4j.core.config.plugins.visitors, org.apache.logging.log4j.core.appender.rolling.action, org.apache.logging.log4j.core.config.plugins, org.apache.logging.log4j.core.appender.rolling, org.apache.logging.log4j.message, org.apache.logging.log4j.core.config.plugins.util]",54724;55520;54308;55100;55388;54777;55552;54912;55534;55401;54528;55082;55743;54910;54437;54597;55138;54425,0.0,,0.0,0.0,0.0,7.0,3.9084967320261437,110,6.655489990830734E-5,1,7.00619027154718,CIRCLE,18,1646,6,1.2909944487358056,1.7201591244382053,0.0,0,cyclicDep,158827,smell
logging-log4j2,4f474b32751f4ccad67424ca585612584440cd63,1,2026-01-22T10:08:42.000,222.49603894656164,14.932956380012023,0.0,CONTAINER,PACKAGE,"[org.apache.logging.log4j.status, org.apache.logging.log4j.core.async, org.apache.logging.log4j.core.config, org.apache.logging.log4j.core.impl, org.apache.logging.log4j.core.appender, org.apache.logging.log4j.core.config.plugins.validation.validators, org.apache.logging.log4j.core.config.plugins.convert, org.apache.logging.log4j.core.config.plugins.validation.constraints, org.apache.logging.log4j.core.config.plugins.validation, org.apache.logging.log4j.core.appender.mom, org.apache.logging.log4j.core.config.plugins.processor, org.apache.logging.log4j.core.config.plugins.visitors, org.apache.logging.log4j.core.appender.rolling.action, org.apache.logging.log4j.core.config.plugins, org.apache.logging.log4j.core.appender.rolling, org.apache.logging.log4j.message, org.apache.logging.log4j.core.config.plugins.util]",54724;55520;54308;55100;55388;54777;55552;54912;55534;55401;54528;55082;55743;54910;54437;54597;54869,0.0,,0.0,0.0,0.0,7.117647058823529,4.014705882352941,91,6.180314138017332E-5,1,6.6782211141492125,CIRCLE,17,1110,5,1.2310852668503736,1.736228561963304,0.0,0,cyclicDep,158849,smell
logging-log4j2,4f474b32751f4ccad67424ca585612584440cd63,1,2026-01-22T10:08:42.000,165.23690627890986,6.820057001743289,0.0,CONTAINER,PACKAGE,"[org.apache.logging.log4j.status, org.apache.logging.log4j.core.async, org.apache.logging.log4j.core.config, org.apache.logging.log4j.core.impl, org.apache.logging.log4j.core.config.plugins.validation.validators, org.apache.logging.log4j.core.config.plugins.convert, org.apache.logging.log4j.core.config.plugins.validation.constraints, org.apache.logging.log4j.core.config.plugins.validation, org.apache.logging.log4j.core.appender.mom, org.apache.logging.log4j.core.config.plugins.processor, org.apache.logging.log4j.core.config.plugins.visitors, org.apache.logging.log4j.core.config.plugins, org.apache.logging.log4j.message, org.apache.logging.log4j.core.config.plugins.util]",54724;55520;54308;55100;55388;54777;55552;54912;55534;55401;54528;55082;55743;54627,0.0,,0.0,0.0,0.0,7.142857142857143,3.879120879120879,59,6.973968725824964E-5,1,6.820057001743289,CIRCLE,14,587,1,1.3014905113063284,1.880116695204327,0.0,0,cyclicDep,158870,smell
logging-log4j2,4f474b32751f4ccad67424ca585612584440cd63,1,2026-01-22T10:08:42.000,103.92675908589378,6.882717758708492,0.0,CONTAINER,PACKAGE,"[org.apache.logging.log4j.status, org.apache.logging.log4j.core.config.plugins.processor, org.apache.logging.log4j.core.async, org.apache.logging.log4j.core.config.plugins.visitors, org.apache.logging.log4j.core.impl, org.apache.logging.log4j.core.config.plugins, org.apache.logging.log4j.message, org.apache.logging.log4j.core.config.plugins.validation.validators, org.apache.logging.log4j.core.config.plugins.convert, org.apache.logging.log4j.core.config.plugins.validation.constraints, org.apache.logging.log4j.core.config.plugins.util, org.apache.logging.log4j.core.config.plugins.validation]",54724;55520;54308;55100;55388;54777;55552;54912;55534;55401;54528;54518,0.0,,0.0,0.0,0.0,7.25,4.045454545454546,38,7.08207779898225E-5,1,6.882717758708492,CIRCLE,12,228,1,1.3616778865306827,2.077526342186625,0.0,0,cyclicDep,158888,smell
logging-log4j2,4f474b32751f4ccad67424ca585612584440cd63,1,2026-01-22T10:08:42.000,60.575748100758716,6.247911359914329,0.0,CONTAINER,PACKAGE,"[org.apache.logging.log4j.status, org.apache.logging.log4j.core.async, org.apache.logging.log4j.core.impl, org.apache.logging.log4j.message, org.apache.logging.log4j.core.config.plugins.validation.validators, org.apache.logging.log4j.core.config.plugins.validation.constraints]",54724;55520;54308;55100;55388;55485,0.0,,0.0,0.0,0.0,6.666666666666667,3.2666666666666666,13,1.1164714291875986E-4,1,6.247911359914329,CIRCLE,6,94,1,1.699673171197595,1.3888444437333105,0.0,0,cyclicDep,158904,smell
logging-log4j2,4f474b32751f4ccad67424ca585612584440cd63,1,2026-01-22T10:08:42.000,334.647192781665,22.959609485915305,0.0,CONTAINER,PACKAGE,"[org.apache.logging.log4j.status, org.apache.logging.log4j.core, org.apache.logging.log4j.core.config, org.apache.logging.log4j.core.impl, org.apache.logging.log4j.core.appender, org.apache.logging.log4j.core.config.plugins.validation.validators, org.apache.logging.log4j.core.config.plugins.validation, org.apache.logging.log4j.core.appender.mom, org.apache.logging.log4j.core.config.plugins.processor, org.apache.logging.log4j, org.apache.logging.log4j.core.appender.rolling.action, org.apache.log4j.or, org.apache.logging.log4j.message, org.apache.logging.log4j.core.config.plugins.util, org.apache.logging.log4j.core.util, org.apache.logging.log4j.core.async, org.apache.log4j.helpers, org.apache.logging.log4j.core.config.plugins.convert, org.apache.logging.log4j.core.config.plugins.validation.constraints, org.apache.logging.log4j.core.filter, org.apache.log4j.bridge, org.apache.logging.log4j.core.config.plugins.visitors, org.apache.logging.log4j.core.config.plugins, org.apache.logging.log4j.core.appender.rolling, org.apache.log4j, org.apache.log4j.spi]",54672;54724;55520;54308;55100;55388;54777;55552;54912;55534;55401;54528;55082;55743;54910;54437;54597;55138;54626;55122;55202;54664;55462;54440;54843;54340,0.0,,0.0,0.0,0.0,6.1923076923076925,4.1692307692307695,202,6.943598209775097E-5,1,7.653203161971768,CIRCLE,26,1912,9,1.710133390416593,1.8693415605026507,0.0,0,cyclicDep,158914,smell
logging-log4j2,4f474b32751f4ccad67424ca585612584440cd63,1,2026-01-22T10:08:42.000,317.2079595146879,16.741595786223037,0.0,CONTAINER,PACKAGE,"[org.apache.logging.log4j.status, org.apache.logging.log4j.core.async, org.apache.logging.log4j.core, org.apache.logging.log4j.core.config, org.apache.logging.log4j.core.impl, org.apache.logging.log4j.core.appender, org.apache.logging.log4j.core.config.plugins.validation.validators, org.apache.logging.log4j.core.config.plugins.convert, org.apache.logging.log4j.core.config.plugins.validation.constraints, org.apache.logging.log4j.core.filter, org.apache.logging.log4j.core.config.plugins.validation, org.apache.logging.log4j.core.appender.mom, org.apache.logging.log4j.core.config.plugins.processor, org.apache.logging.log4j.core.config.plugins.visitors, org.apache.logging.log4j.core.appender.rolling.action, org.apache.logging.log4j.core.config.plugins, org.apache.logging.log4j.core.appender.rolling, org.apache.logging.log4j.message, org.apache.logging.log4j.core.config.plugins.util]",54672;54724;55520;54308;55100;55388;54777;55552;54912;55534;55401;54528;55082;55743;54910;54437;54597;55138;54356,0.0,,0.0,0.0,0.0,6.947368421052632,3.818713450292398,122,6.470223813154361E-5,1,7.48706924596375,CIRCLE,19,1795,5,1.2762479634718042,1.6847789813904015,0.0,0,cyclicDep,158944,smell
logging-log4j2,4f474b32751f4ccad67424ca585612584440cd63,1,2026-01-22T10:08:42.000,120.85171797374949,6.820057001743289,0.0,CONTAINER,PACKAGE,"[org.apache.logging.log4j.status, org.apache.logging.log4j.core.async, org.apache.logging.log4j.core.config, org.apache.logging.log4j.core.impl, org.apache.logging.log4j.core.config.plugins.validation.validators, org.apache.logging.log4j.core.config.plugins.convert, org.apache.logging.log4j.core.config.plugins.validation.constraints, org.apache.logging.log4j.core.filter, org.apache.logging.log4j.core.config.plugins.validation, org.apache.logging.log4j.core.appender.mom, org.apache.logging.log4j.core.config.plugins.processor, org.apache.logging.log4j.core.config.plugins.visitors, org.apache.logging.log4j.core.config.plugins, org.apache.logging.log4j.message, org.apache.logging.log4j.core.config.plugins.util]",54672;54724;55520;54308;55100;55388;54777;55552;54912;55534;55401;54528;55082;55743;54320,0.0,,0.0,0.0,0.0,7.066666666666666,3.7523809523809524,68,6.718066318435277E-5,1,6.820057001743289,CIRCLE,15,314,1,1.2892719737209144,1.80359932400241,0.0,0,cyclicDep,158967,smell
logging-log4j2,4f474b32751f4ccad67424ca585612584440cd63,1,2026-01-22T10:08:42.000,113.15040038790681,6.873397326229584,0.0,CONTAINER,PACKAGE,"[org.apache.logging.log4j.status, org.apache.logging.log4j.core.async, org.apache.logging.log4j.core.impl, org.apache.logging.log4j.core.config.plugins.validation.validators, org.apache.logging.log4j.core.config.plugins.convert, org.apache.logging.log4j.core.config.plugins.validation.constraints, org.apache.logging.log4j.core.filter, org.apache.logging.log4j.core.config.plugins.validation, org.apache.logging.log4j.core.config.plugins.processor, org.apache.logging.log4j.core.config.plugins.visitors, org.apache.logging.log4j.core.config.plugins, org.apache.logging.log4j.message, org.apache.logging.log4j.core.config.plugins.util]",54672;54724;55520;54308;55100;55388;54777;55552;54912;55534;55401;54528;54358,0.0,,0.0,0.0,0.0,7.153846153846154,3.871794871794872,44,6.778489707905127E-5,1,6.873397326229584,CIRCLE,13,271,1,1.3499945211372495,1.9765222913437706,0.0,0,cyclicDep,158986,smell
logging-log4j2,4f474b32751f4ccad67424ca585612584440cd63,1,2026-01-22T10:08:42.000,60.575748100758716,6.247911359914329,0.0,CONTAINER,PACKAGE,"[org.apache.logging.log4j.status, org.apache.logging.log4j.core.async, org.apache.logging.log4j.core.impl, org.apache.logging.log4j.message, org.apache.logging.log4j.core.config.plugins.validation.validators, org.apache.logging.log4j.core.config.plugins.validation.constraints, org.apache.logging.log4j.core.filter]",54672;54724;55520;54308;55100;55388;55250,0.0,,0.0,0.0,0.0,6.571428571428571,3.0952380952380953,18,1.001767405231937E-4,1,6.247911359914329,CIRCLE,7,94,1,1.5907898179514348,1.3058389715049608,0.0,0,cyclicDep,159003,smell
logging-log4j2,4f474b32751f4ccad67424ca585612584440cd63,1,2026-01-22T10:08:42.000,41.51310420171974,3.2615774987933097,0.0,CONTAINER,PACKAGE,"[org.apache.logging.log4j.core.async, org.apache.logging.log4j.core.impl, org.apache.logging.log4j.core.filter]",54672;54724;54669,0.0,,0.0,0.0,0.0,6.0,2.0,4,4.759243490509348E-5,1,3.2615774987933097,CIRCLE,3,162,1,0.0,0.0,0.0,0,cyclicDep,159014,smell
logging-log4j2,4f474b32751f4ccad67424ca585612584440cd63,1,2026-01-22T10:08:42.000,257.5094419415581,16.762436906825574,0.0,CONTAINER,PACKAGE,"[org.apache.logging.log4j.status, org.apache.logging.log4j.core, org.apache.logging.log4j.core.config, org.apache.logging.log4j.core.impl, org.apache.logging.log4j.core.appender, org.apache.logging.log4j.core.config.plugins.validation.validators, org.apache.logging.log4j.core.config.plugins.validation, org.apache.logging.log4j.core.appender.mom, org.apache.logging.log4j.core.config.plugins.processor, org.apache.logging.log4j, org.apache.logging.log4j.core.appender.rolling.action, org.apache.log4j.or, org.apache.logging.log4j.message, org.apache.logging.log4j.core.config.plugins.util, org.apache.logging.log4j.core.util, org.apache.logging.log4j.core.script, org.apache.logging.log4j.core.async, org.apache.log4j.helpers, org.apache.logging.log4j.core.config.plugins.convert, org.apache.logging.log4j.core.config.plugins.validation.constraints, org.apache.logging.log4j.core.filter, org.apache.log4j.bridge, org.apache.logging.log4j.core.config.plugins.visitors, org.apache.logging.log4j.core.config.plugins, org.apache.logging.log4j.core.appender.rolling, org.apache.log4j, org.apache.log4j.spi]",55103;54672;54724;55520;54308;55100;55388;54777;55552;54912;55534;55401;54528;55082;55743;54910;54437;54597;55138;54626;55122;55202;54664;55462;54440;54843;55152,0.0,,0.0,0.0,0.0,6.185185185185185,4.0997150997151,211,6.734908653873487E-5,1,7.496389678442657,CIRCLE,27,1180,5,1.678558399055505,1.8486230892854374,0.0,0,cyclicDep,159021,smell
logging-log4j2,4f474b32751f4ccad67424ca585612584440cd63,1,2026-01-22T10:08:42.000,105.87575633351418,6.820057001743289,0.0,CONTAINER,PACKAGE,"[org.apache.logging.log4j.status, org.apache.logging.log4j.core.script, org.apache.logging.log4j.core.async, org.apache.logging.log4j.core.config, org.apache.logging.log4j.core.impl, org.apache.logging.log4j.core.config.plugins.validation.validators, org.apache.logging.log4j.core.config.plugins.convert, org.apache.logging.log4j.core.config.plugins.validation.constraints, org.apache.logging.log4j.core.filter, org.apache.logging.log4j.core.config.plugins.validation, org.apache.logging.log4j.core.appender.mom, org.apache.logging.log4j.core.config.plugins.processor, org.apache.logging.log4j.core.config.plugins.visitors, org.apache.logging.log4j.core.config.plugins, org.apache.logging.log4j.message, org.apache.logging.log4j.core.config.plugins.util]",55103;54672;54724;55520;54308;55100;55388;54777;55552;54912;55534;55401;54528;55082;55743;54900,0.0,,0.0,0.0,0.0,7.0,3.6416666666666666,73,6.37999843606005E-5,1,6.820057001743289,CIRCLE,16,241,1,1.2747548783981961,1.735875539573298,0.0,0,cyclicDep,159052,smell
logging-log4j2,4f474b32751f4ccad67424ca585612584440cd63,1,2026-01-22T10:08:42.000,101.61656069047083,6.820057001743289,0.0,CONTAINER,PACKAGE,"[org.apache.logging.log4j.status, org.apache.logging.log4j.core.script, org.apache.logging.log4j.core.async, org.apache.logging.log4j.core.impl, org.apache.logging.log4j.core.config.plugins.validation.validators, org.apache.logging.log4j.core.config.plugins.convert, org.apache.logging.log4j.core.config.plugins.validation.constraints, org.apache.logging.log4j.core.filter, org.apache.logging.log4j.core.config.plugins.validation, org.apache.logging.log4j.core.config.plugins.processor, org.apache.logging.log4j.core.config.plugins.visitors, org.apache.logging.log4j.core.config.plugins, org.apache.logging.log4j.message, org.apache.logging.log4j.core.config.plugins.util]",55103;54672;54724;55520;54308;55100;55388;54777;55552;54912;55534;55401;54528;54904,0.0,,0.0,0.0,0.0,7.071428571428571,3.7252747252747254,47,6.387810457371307E-5,1,6.820057001743289,CIRCLE,14,222,1,1.3343958351621004,1.8872966541563518,0.0,0,cyclicDep,159072,smell
logging-log4j2,4f474b32751f4ccad67424ca585612584440cd63,1,2026-01-22T10:08:42.000,247.07328511680373,16.741595786223037,0.0,CONTAINER,PACKAGE,"[org.apache.logging.log4j.core.util, org.apache.logging.log4j.status, org.apache.logging.log4j.core.script, org.apache.logging.log4j.core.async, org.apache.logging.log4j.core, org.apache.logging.log4j.core.config, org.apache.logging.log4j.core.impl, org.apache.logging.log4j.core.appender, org.apache.logging.log4j.core.config.plugins.validation.validators, org.apache.logging.log4j.core.config.plugins.convert, org.apache.logging.log4j.core.config.plugins.validation.constraints, org.apache.logging.log4j.core.filter, org.apache.logging.log4j.core.config.plugins.validation, org.apache.logging.log4j.core.appender.mom, org.apache.logging.log4j.core.config.plugins.processor, org.apache.logging.log4j.core.config.plugins.visitors, org.apache.logging.log4j.core.appender.rolling.action, org.apache.logging.log4j.core.config.plugins, org.apache.logging.log4j.core.appender.rolling, org.apache.logging.log4j.message, org.apache.logging.log4j.core.config.plugins.util]",55103;54672;54724;55520;54308;55100;55388;54777;55552;54912;55534;55401;54528;55082;55743;54910;54437;54597;55138;54626;54565,0.0,,0.0,0.0,0.0,6.857142857142857,3.657142857142857,151,6.511297766163459E-5,1,7.48706924596375,CIRCLE,21,1089,5,1.2453996981544782,1.6290726045883923,0.0,0,cyclicDep,159090,smell
logging-log4j2,4f474b32751f4ccad67424ca585612584440cd63,1,2026-01-22T10:08:42.000,43.54900955053202,4.723553289672971,0.0,CONTAINER,PACKAGE,"[org.apache.logging.log4j.status, org.apache.logging.log4j.core.script, org.apache.logging.log4j.core.async, org.apache.logging.log4j.core.impl, org.apache.logging.log4j.message, org.apache.logging.log4j.core.filter]",55103;54672;54724;55520;54308;54600,0.0,,0.0,0.0,0.0,5.666666666666667,2.0,15,1.117132955396633E-4,1,4.723553289672971,CIRCLE,6,85,1,0.4714045207910317,0.0,0.0,0,cyclicDep,159115,smell
logging-log4j2,4f474b32751f4ccad67424ca585612584440cd63,1,2026-01-22T10:08:42.000,256.1180917929026,17.90991815806387,0.0,CONTAINER,PACKAGE,"[org.apache.logging.log4j.status, org.apache.logging.log4j.core, org.apache.logging.log4j.core.config, org.apache.logging.log4j.core.impl, org.apache.logging.log4j.core.appender, org.apache.logging.log4j.core.config.plugins.validation.validators, org.apache.logging.log4j.core.config.plugins.validation, org.apache.logging.log4j.core.appender.mom, org.apache.logging.log4j.core.config.plugins.processor, org.apache.logging.log4j, org.apache.logging.log4j.core.appender.rolling.action, org.apache.log4j.or, org.apache.logging.log4j.util, org.apache.logging.log4j.message, org.apache.logging.log4j.core.config.plugins.util, org.apache.logging.log4j.core.util, org.apache.logging.log4j.core.script, org.apache.logging.log4j.core.async, org.apache.log4j.helpers, org.apache.logging.log4j.core.config.plugins.convert, org.apache.logging.log4j.core.config.plugins.validation.constraints, org.apache.logging.log4j.core.filter, org.apache.log4j.bridge, org.apache.logging.log4j.core.config.plugins.visitors, org.apache.logging.log4j.core.config.plugins, org.apache.logging.log4j.core.appender.rolling, org.apache.log4j, org.apache.log4j.spi]",54301;55103;54672;54724;55520;54308;55100;55388;54777;55552;54912;55534;55401;54528;55082;55743;54910;54437;54597;55138;54626;55122;55202;54664;55462;54440;54843;54638,0.0,,0.0,0.0,0.0,6.142857142857143,4.037037037037037,238,7.904258615286432E-5,1,7.311693470377275,CIRCLE,28,1227,6,1.662920960974688,1.8181052127877044,0.0,0,cyclicDep,159125,smell
logging-log4j2,4f474b32751f4ccad67424ca585612584440cd63,1,2026-01-22T10:08:42.000,256.0137029188729,17.90991815806387,0.0,CONTAINER,PACKAGE,"[org.apache.logging.log4j.status, org.apache.logging.log4j.core, org.apache.logging.log4j.core.config, org.apache.logging.log4j.core.impl, org.apache.logging.log4j.internal, org.apache.logging.log4j.core.appender, org.apache.logging.log4j.core.config.plugins.validation.validators, org.apache.logging.log4j.core.config.plugins.validation, org.apache.logging.log4j.core.appender.mom, org.apache.logging.log4j.core.config.plugins.processor, org.apache.logging.log4j, org.apache.logging.log4j.core.appender.rolling.action, org.apache.log4j.or, org.apache.logging.log4j.util, org.apache.logging.log4j.message, org.apache.logging.log4j.core.config.plugins.util, org.apache.logging.log4j.core.util, org.apache.logging.log4j.core.script, org.apache.logging.log4j.core.async, org.apache.log4j.helpers, org.apache.logging.log4j.core.config.plugins.convert, org.apache.logging.log4j.core.config.plugins.validation.constraints, org.apache.logging.log4j.core.filter, org.apache.log4j.bridge, org.apache.logging.log4j.core.config.plugins.visitors, org.apache.logging.log4j.core.config.plugins, org.apache.logging.log4j.core.appender.rolling, org.apache.log4j, org.apache.log4j.spi]",54763;54301;55103;54672;54724;55520;54308;55100;55388;54777;55552;54912;55534;55401;54528;55082;55743;54910;54437;54597;55138;54626;55122;55202;54664;55462;54440;54843;54521,0.0,,0.0,0.0,0.0,6.103448275862069,3.977832512315271,244,7.901589474141331E-5,1,7.311693470377275,CIRCLE,29,1226,6,1.6472511603443016,1.7899558933187971,0.0,0,cyclicDep,159157,smell
logging-log4j2,4f474b32751f4ccad67424ca585612584440cd63,1,2026-01-22T10:08:42.000,33.54432009892919,4.697144336679102,0.0,CONTAINER,PACKAGE,"[org.apache.logging.log4j.core.script, org.apache.logging.log4j.core.async, org.apache.logging.log4j.core.impl, org.apache.logging.log4j.internal, org.apache.logging.log4j.util, org.apache.logging.log4j.message, org.apache.logging.log4j.core.filter]",54763;54301;55103;54672;54724;55520;54816,0.0,,0.0,0.0,0.0,5.571428571428571,2.0,18,1.252341718806046E-4,1,4.697144336679102,CIRCLE,7,51,1,0.4948716593053935,0.0,0.0,0,cyclicDep,159190,smell
logging-log4j2,4f474b32751f4ccad67424ca585612584440cd63,1,2026-01-22T10:08:42.000,333.3534214120794,19.57036723574668,0.0,CONTAINER,PACKAGE,"[org.apache.logging.log4j.status, org.apache.logging.log4j.core, org.apache.logging.log4j.core.config, org.apache.logging.log4j.core.impl, org.apache.logging.log4j.internal, org.apache.logging.log4j.core.appender, org.apache.logging.log4j.core.config.plugins.validation.validators, org.apache.logging.log4j.core.config.plugins.validation, org.apache.logging.log4j.core.appender.mom, org.apache.logging.log4j.core.config.plugins.processor, org.apache.logging.log4j, org.apache.logging.log4j.core.appender.rolling.action, org.apache.log4j.or, org.apache.logging.log4j.util, org.apache.logging.log4j.message, org.apache.logging.log4j.core.config.plugins.util, org.apache.logging.log4j.core.util, org.apache.logging.log4j.core.script, org.apache.logging.log4j.core.async, org.apache.log4j.helpers, org.apache.logging.log4j.core.config.plugins.convert, org.apache.logging.log4j.core.config.plugins.validation.constraints, org.apache.logging.log4j.core.filter, org.apache.log4j.bridge, org.apache.logging.log4j.core.config.plugins.visitors, org.apache.logging.log4j.spi, org.apache.logging.log4j.core.config.plugins, org.apache.logging.log4j.core.appender.rolling, org.apache.log4j, org.apache.log4j.spi]",55717;54763;54301;55103;54672;54724;55520;54308;55100;55388;54777;55552;54912;55534;55401;54528;55082;55743;54910;54437;54597;55138;54626;55122;55202;54664;55462;54440;54843;54324,0.0,,0.0,0.0,0.0,6.066666666666666,3.9218390804597703,262,8.54876785628886E-5,1,7.396903538856041,CIRCLE,30,2031,7,1.6316317667360556,1.763840199668601,0.0,0,cyclicDep,159201,smell
logging-log4j2,4f474b32751f4ccad67424ca585612584440cd63,1,2026-01-22T10:08:42.000,38.486157020053305,5.142929060808008,0.0,CONTAINER,PACKAGE,"[org.apache.logging.log4j.spi, org.apache.logging.log4j.core.context.internal, org.apache.logging.log4j.test.spi]",55645;55223;54487,0.0,,0.0,0.0,0.0,6.0,3.3333333333333335,5,1.1159019359238551E-4,1,5.142929060808008,CIRCLE,3,56,1,0.816496580927726,0.9428090415820634,0.0,0,cyclicDep,159241,smell
logging-log4j2,4f474b32751f4ccad67424ca585612584440cd63,1,2026-01-22T10:08:42.000,52.18346312406934,4.887429116119988,0.0,CONTAINER,PACKAGE,"[org.apache.logging.log4j.spi, org.apache.logging.log4j.internal, org.apache.logging.log4j.util, org.apache.logging.log4j.core.context.internal]",55223;55717;54763;54863,0.0,,0.0,0.0,0.0,5.5,3.0,9,1.9370383037428936E-4,1,4.887429116119988,CIRCLE,4,114,1,0.8660254037844386,1.0,0.0,0,cyclicDep,159248,smell
logging-log4j2,4f474b32751f4ccad67424ca585612584440cd63,1,2026-01-22T10:08:42.000,28.515391098721455,4.687901419246007,0.0,CONTAINER,PACKAGE,"[org.apache.logging.log4j.spi, org.apache.logging.log4j.internal, org.apache.logging.log4j.util, org.apache.logging.log4j.internal.map]",55670;55717;54763;54447,0.0,,0.0,0.0,0.0,5.25,3.0,8,1.9277243349422998E-4,1,4.687901419246007,CIRCLE,4,37,1,0.4330127018922193,1.0,0.0,0,cyclicDep,159262,smell
logging-log4j2,4f474b32751f4ccad67424ca585612584440cd63,1,2026-01-22T10:08:42.000,101.07690695410872,6.073122749102495,0.0,CONTAINER,PACKAGE,"[org.apache.logging.log4j.core.script, org.apache.logging.log4j.core.async, org.apache.logging.log4j.core.impl, org.apache.logging.log4j.spi, org.apache.logging.log4j.internal, org.apache.logging.log4j.util, org.apache.logging.log4j.message, org.apache.logging.log4j.core.filter]",55717;54763;54301;55103;54672;54724;55520;54463,0.0,,0.0,0.0,0.0,5.5,2.0,26,1.4372607656873803E-4,1,6.073122749102495,CIRCLE,8,277,1,0.5,0.0,0.0,0,cyclicDep,159270,smell
logging-log4j2,4f474b32751f4ccad67424ca585612584440cd63,1,2026-01-22T10:08:42.000,248.53235961025746,16.879256163198928,0.0,CONTAINER,PACKAGE,"[org.apache.logging.log4j.status, org.apache.logging.log4j.core.script, org.apache.logging.log4j.core.async, org.apache.logging.log4j.core, org.apache.logging.log4j.core.config, org.apache.logging.log4j.core.impl, org.apache.logging.log4j.internal, org.apache.logging.log4j.core.appender, org.apache.logging.log4j.core.config.plugins.validation.validators, org.apache.logging.log4j.core.config.plugins.convert, org.apache.logging.log4j.core.config.plugins.validation.constraints, org.apache.logging.log4j.core.filter, org.apache.logging.log4j.core.config.plugins.validation, org.apache.logging.log4j.core.appender.mom, org.apache.logging.log4j.perf.nogc, org.apache.logging.log4j.core.config.plugins.processor, org.apache.logging.log4j.core.config.plugins.visitors, org.apache.logging.log4j.spi, org.apache.logging.log4j.core.appender.rolling.action, org.apache.logging.log4j.core.config.plugins, org.apache.logging.log4j.core.appender.rolling, org.apache.logging.log4j.util, org.apache.logging.log4j.message, org.apache.logging.log4j.core.config.plugins.util]",55632;55717;54763;54301;55103;54672;54724;55520;54308;55100;55388;54777;55552;54912;55534;55401;54528;55082;55743;54910;54437;54597;55138;54530,0.0,,0.0,0.0,0.0,6.625,3.5942028985507246,174,8.391125981668579E-5,1,7.548632838109016,CIRCLE,24,1084,5,1.3169567191065923,1.542338151419763,0.0,0,cyclicDep,159282,smell
logging-log4j2,4f474b32751f4ccad67424ca585612584440cd63,1,2026-01-22T10:08:42.000,246.11212339669524,16.895082532321066,0.0,CONTAINER,PACKAGE,"[org.apache.logging.log4j.status, org.apache.logging.log4j.core.script, org.apache.logging.log4j.core.async, org.apache.logging.log4j.core.config, org.apache.logging.log4j.core.impl, org.apache.logging.log4j.internal, org.apache.logging.log4j.core.appender, org.apache.logging.log4j.core.config.plugins.validation.validators, org.apache.logging.log4j.core.config.plugins.convert, org.apache.logging.log4j.core.config.plugins.validation.constraints, org.apache.logging.log4j.core.filter, org.apache.logging.log4j.core.config.plugins.validation, org.apache.logging.log4j.core.appender.mom, org.apache.logging.log4j.perf.nogc, org.apache.logging.log4j.core.config.plugins.processor, org.apache.logging.log4j.core.config.plugins.visitors, org.apache.logging.log4j.spi, org.apache.logging.log4j.core.appender.rolling.action, org.apache.logging.log4j.core.config.plugins, org.apache.logging.log4j.core.appender.rolling, org.apache.logging.log4j.util, org.apache.logging.log4j.message, org.apache.logging.log4j.core.config.plugins.util]",55632;55717;54763;54301;55103;54672;54724;55520;54308;55100;55388;54777;55552;54912;55534;55401;54528;55082;55743;54910;54437;54597;55402,0.0,,0.0,0.0,0.0,6.695652173913044,3.6679841897233203,150,8.115371481364668E-5,1,7.555710605547838,CIRCLE,23,1061,5,1.299992729367483,1.5478030738699482,0.0,0,cyclicDep,159310,smell
logging-log4j2,4f474b32751f4ccad67424ca585612584440cd63,1,2026-01-22T10:08:42.000,118.00879074978604,7.375549421861628,0.0,CONTAINER,PACKAGE,"[org.apache.logging.log4j.status, org.apache.logging.log4j.core.script, org.apache.logging.log4j.core.async, org.apache.logging.log4j.core.config, org.apache.logging.log4j.core.impl, org.apache.logging.log4j.internal, org.apache.logging.log4j.core.config.plugins.validation.validators, org.apache.logging.log4j.core.config.plugins.convert, org.apache.logging.log4j.core.config.plugins.validation.constraints, org.apache.logging.log4j.core.filter, org.apache.logging.log4j.core.config.plugins.validation, org.apache.logging.log4j.core.appender.mom, org.apache.logging.log4j.perf.nogc, org.apache.logging.log4j.core.config.plugins.processor, org.apache.logging.log4j.core.config.plugins.visitors, org.apache.logging.log4j.spi, org.apache.logging.log4j.core.config.plugins, org.apache.logging.log4j.util, org.apache.logging.log4j.message, org.apache.logging.log4j.core.config.plugins.util]",55632;55717;54763;54301;55103;54672;54724;55520;54308;55100;55388;54777;55552;54912;55534;55401;54528;55082;55743;55206,0.0,,0.0,0.0,0.0,6.65,3.5210526315789474,110,8.96118829433211E-5,1,7.375549421861628,CIRCLE,20,256,1,1.3518505834595773,1.5784999366048438,0.0,0,cyclicDep,159337,smell
logging-log4j2,4f474b32751f4ccad67424ca585612584440cd63,1,2026-01-22T10:08:42.000,32.10526138246628,5.766275167246409,0.0,CONTAINER,PACKAGE,"[org.apache.logging.log4j.perf.nogc, org.apache.logging.log4j.core.script, org.apache.logging.log4j.core.async, org.apache.logging.log4j.core.impl, org.apache.logging.log4j.spi, org.apache.logging.log4j.internal, org.apache.logging.log4j.util, org.apache.logging.log4j.core.filter]",55632;55717;54763;54301;55103;54672;54724;55500,0.0,,0.0,0.0,0.0,5.625,2.142857142857143,22,1.1591312697705132E-4,1,5.766275167246409,CIRCLE,8,31,1,0.4841229182759271,0.3499271061118826,0.0,0,cyclicDep,159361,smell
logging-log4j2,4f474b32751f4ccad67424ca585612584440cd63,1,2026-01-22T10:08:42.000,356.0886655482068,23.67619181664488,0.0,CONTAINER,PACKAGE,"[org.apache.logging.log4j.status, org.apache.logging.log4j.core, org.apache.logging.log4j.core.config, org.apache.logging.log4j.core.impl, org.apache.logging.log4j.internal, org.apache.logging.log4j.core.appender, org.apache.logging.log4j.core.config.plugins.validation.validators, org.apache.logging.log4j.core.config.plugins.validation, org.apache.logging.log4j.core.appender.mom, org.apache.logging.log4j.core.config.plugins.processor, org.apache.logging.log4j, org.apache.logging.log4j.core.appender.rolling.action, org.apache.log4j.or, org.apache.logging.log4j.util, org.apache.logging.log4j.message, org.apache.logging.log4j.core.config.plugins.util, org.apache.logging.log4j.core.util, org.apache.logging.log4j.core.script, org.apache.logging.log4j.core.async, org.apache.log4j.helpers, org.apache.logging.log4j.core.config.plugins.convert, org.apache.logging.log4j.core.config.plugins.validation.constraints, org.apache.logging.log4j.core.filter, org.apache.logging.log4j.perf.nogc, org.apache.log4j.bridge, org.apache.logging.log4j.core.config.plugins.visitors, org.apache.logging.log4j.spi, org.apache.logging.log4j.core.config.plugins, org.apache.logging.log4j.core.appender.rolling, org.apache.logging.log4j.core.layout, org.apache.log4j, org.apache.log4j.spi]",54327;55632;55717;54763;54301;55103;54672;54724;55520;54308;55100;55388;54777;55552;54912;55534;55401;54528;55082;55743;54910;54437;54597;55138;54626;55122;55202;54664;55462;54440;54843;54404,0.0,,0.0,0.0,0.0,6.0625,3.8669354838709675,292,8.212655680661827E-5,1,7.48706924596375,CIRCLE,32,2262,10,1.5799030824705673,1.7199128716770073,0.0,0,cyclicDep,159373,smell
logging-log4j2,4f474b32751f4ccad67424ca585612584440cd63,1,2026-01-22T10:08:42.000,384.9062614246516,23.870872988765573,0.0,CONTAINER,PACKAGE,"[org.apache.logging.log4j.status, org.apache.logging.log4j.core, org.apache.logging.log4j.core.config, org.apache.logging.log4j.core.impl, org.apache.logging.log4j.internal, org.apache.logging.log4j.core.appender, org.apache.logging.log4j.core.config.plugins.validation.validators, org.apache.logging.log4j.core.config.plugins.validation, org.apache.logging.log4j.core.appender.mom, org.apache.logging.log4j.core.config.plugins.processor, org.apache.logging.log4j.core.appender.rolling.action, org.apache.logging.log4j.util, org.apache.logging.log4j.message, org.apache.logging.log4j.core.config.plugins.util, org.apache.logging.log4j.core.script, org.apache.logging.log4j.core.async, org.apache.logging.log4j.core.config.plugins.convert, org.apache.logging.log4j.core.config.plugins.validation.constraints, org.apache.logging.log4j.core.filter, org.apache.logging.log4j.perf.nogc, org.apache.logging.log4j.core.config.plugins.visitors, org.apache.logging.log4j.spi, org.apache.logging.log4j.core.config.plugins, org.apache.logging.log4j.core.appender.rolling, org.apache.logging.log4j.core.layout]",54327;55632;55717;54763;54301;55103;54672;54724;55520;54308;55100;55388;54777;55552;54912;55534;55401;54528;55082;55743;54910;54437;54597;55138;54538,0.0,,0.0,0.0,0.0,6.6,3.533333333333333,192,8.208227231078355E-5,1,7.548632838109016,CIRCLE,25,2600,10,1.296148139681572,1.521694961401777,0.0,0,cyclicDep,159409,smell
logging-log4j2,4f474b32751f4ccad67424ca585612584440cd63,1,2026-01-22T10:08:42.000,247.9585136364941,16.879256163198928,0.0,CONTAINER,PACKAGE,"[org.apache.logging.log4j.status, org.apache.logging.log4j.core.script, org.apache.logging.log4j.core.async, org.apache.logging.log4j.core.config, org.apache.logging.log4j.core.impl, org.apache.logging.log4j.internal, org.apache.logging.log4j.core.appender, org.apache.logging.log4j.core.config.plugins.validation.validators, org.apache.logging.log4j.core.config.plugins.convert, org.apache.logging.log4j.core.config.plugins.validation.constraints, org.apache.logging.log4j.core.filter, org.apache.logging.log4j.core.config.plugins.validation, org.apache.logging.log4j.core.appender.mom, org.apache.logging.log4j.perf.nogc, org.apache.logging.log4j.core.config.plugins.processor, org.apache.logging.log4j.core.config.plugins.visitors, org.apache.logging.log4j.spi, org.apache.logging.log4j.core.appender.rolling.action, org.apache.logging.log4j.core.config.plugins, org.apache.logging.log4j.core.appender.rolling, org.apache.logging.log4j.util, org.apache.logging.log4j.message, org.apache.logging.log4j.core.layout, org.apache.logging.log4j.core.config.plugins.util]",54327;55632;55717;54763;54301;55103;54672;54724;55520;54308;55100;55388;54777;55552;54912;55534;55401;54528;55082;55743;54910;54437;54597;55476,0.0,,0.0,0.0,0.0,6.666666666666667,3.601449275362319,166,7.936341720345845E-5,1,7.548632838109016,CIRCLE,24,1079,5,1.2801909579781012,1.5277142871228198,0.0,0,cyclicDep,159438,smell
logging-log4j2,4f474b32751f4ccad67424ca585612584440cd63,1,2026-01-22T10:08:42.000,38.249142335400336,5.766275167246409,0.0,CONTAINER,PACKAGE,"[org.apache.logging.log4j.perf.nogc, org.apache.logging.log4j.core.script, org.apache.logging.log4j.core.async, org.apache.logging.log4j.spi, org.apache.logging.log4j.internal, org.apache.logging.log4j.util, org.apache.logging.log4j.core.layout, org.apache.logging.log4j.core.filter]",54327;55632;55717;54763;54301;55103;54672;55572,0.0,,0.0,0.0,0.0,5.625,2.142857142857143,21,1.1082460145399878E-4,1,5.766275167246409,CIRCLE,8,44,1,0.4841229182759271,0.3499271061118826,0.0,0,cyclicDep,159466,smell
logging-log4j2,4f474b32751f4ccad67424ca585612584440cd63,1,2026-01-22T10:08:42.000,249.70952434585436,7.633842906587782,0.0,CONTAINER,PACKAGE,"[org.apache.logging.log4j.status, org.apache.logging.log4j.core.script, org.apache.logging.log4j.core.async, org.apache.logging.log4j.core.config, org.apache.logging.log4j.core.impl, org.apache.logging.log4j.internal, org.apache.logging.log4j.core.config.plugins.validation.validators, org.apache.logging.log4j.core.config.plugins.convert, org.apache.logging.log4j.core.config.plugins.validation.constraints, org.apache.logging.log4j.core.filter, org.apache.logging.log4j.core.config.plugins.validation, org.apache.logging.log4j.core.appender.mom, org.apache.logging.log4j.perf.nogc, org.apache.logging.log4j.core.config.plugins.processor, org.apache.logging.log4j.core.config.plugins.visitors, org.apache.logging.log4j.spi, org.apache.logging.log4j.core.config.plugins, org.apache.logging.log4j.util, org.apache.logging.log4j.message, org.apache.logging.log4j.core.layout, org.apache.logging.log4j.core.config.plugins.util]",54327;55632;55717;54763;54301;55103;54672;54724;55520;54308;55100;55388;54777;55552;54912;55534;55401;54528;55082;55743;54696,0.0,,0.0,0.0,0.0,6.619047619047619,3.442857142857143,123,8.716305862074052E-5,1,7.633842906587782,CIRCLE,21,1070,1,1.3265131692556305,1.5396571753760884,0.0,0,cyclicDep,159478,smell
logging-log4j2,4f474b32751f4ccad67424ca585612584440cd63,1,2026-01-22T10:08:42.000,143.55341205563943,7.222956040050135,0.0,CONTAINER,PACKAGE,"[org.apache.logging.log4j.status, org.apache.logging.log4j.core.script, org.apache.logging.log4j.core.async, org.apache.logging.log4j.core.impl, org.apache.logging.log4j.internal, org.apache.logging.log4j.core.config.plugins.validation.validators, org.apache.logging.log4j.core.config.plugins.convert, org.apache.logging.log4j.core.config.plugins.validation.constraints, org.apache.logging.log4j.core.filter, org.apache.logging.log4j.core.config.plugins.validation, org.apache.logging.log4j.perf.nogc, org.apache.logging.log4j.core.config.plugins.processor, org.apache.logging.log4j.core.config.plugins.visitors, org.apache.logging.log4j.spi, org.apache.logging.log4j.core.config.plugins, org.apache.logging.log4j.util, org.apache.logging.log4j.message, org.apache.logging.log4j.core.layout, org.apache.logging.log4j.core.config.plugins.util]",54327;55632;55717;54763;54301;55103;54672;54724;55520;54308;55100;55388;54777;55552;54912;55534;55401;54528;54586,0.0,,0.0,0.0,0.0,6.631578947368421,3.473684210526316,91,8.967989185778559E-5,1,7.222956040050135,CIRCLE,19,395,1,1.3845206776806216,1.6269506132448603,0.0,0,cyclicDep,159503,smell
logging-log4j2,4f474b32751f4ccad67424ca585612584440cd63,1,2026-01-22T10:08:42.000,111.02264372354351,7.078545226085893,0.0,CONTAINER,PACKAGE,"[org.apache.logging.log4j.status, org.apache.logging.log4j.core.script, org.apache.logging.log4j.core.async, org.apache.logging.log4j.core.impl, org.apache.logging.log4j.internal, org.apache.logging.log4j.core.config.plugins.validation.validators, org.apache.logging.log4j.core.config.plugins.validation.constraints, org.apache.logging.log4j.core.filter, org.apache.logging.log4j.core.config.plugins.validation, org.apache.logging.log4j.perf.nogc, org.apache.logging.log4j.core.config.plugins.processor, org.apache.logging.log4j.spi, org.apache.logging.log4j.util, org.apache.logging.log4j.message, org.apache.logging.log4j.core.layout, org.apache.logging.log4j.core.config.plugins.util]",54327;55632;55717;54763;54301;55103;54672;54724;55520;54308;55100;55388;54777;55552;54912;54443,0.0,,0.0,0.0,0.0,6.4375,3.2666666666666666,68,9.933706232644315E-5,1,7.078545226085893,CIRCLE,16,246,1,1.4128318194321643,1.5638272140986533,0.0,0,cyclicDep,159526,smell
logging-log4j2,4f474b32751f4ccad67424ca585612584440cd63,1,2026-01-22T10:08:42.000,209.86068637758407,13.701467505124873,0.0,CONTAINER,PACKAGE,"[org.apache.logging.log4j.perf.nogc, org.apache.logging.log4j.core.script, org.apache.logging.log4j.core.async, org.apache.logging.log4j.core.impl, org.apache.logging.log4j.spi, org.apache.logging.log4j.internal, org.apache.logging.log4j.util, org.apache.logging.log4j.core.layout, org.apache.logging.log4j.core.filter]",54327;55632;55717;54763;54301;55103;54672;54724;54314,0.0,,0.0,0.0,0.0,5.666666666666667,2.138888888888889,28,1.0727684310950443E-4,1,6.1274825465927325,CIRCLE,9,1173,5,0.4714045207910317,0.3458305443885759,0.0,0,cyclicDep,159546,smell
logging-log4j2,4f474b32751f4ccad67424ca585612584440cd63,1,2026-01-22T10:08:42.000,266.18610829612095,18.339499321495587,0.0,CONTAINER,PACKAGE,"[org.apache.logging.log4j.status, org.apache.logging.log4j.core, org.apache.logging.log4j.core.config, org.apache.logging.log4j.core.impl, org.apache.logging.log4j.internal, org.apache.logging.log4j.core.appender, org.apache.logging.log4j.core.config.plugins.validation.validators, org.apache.logging.log4j.core.config.plugins.validation, org.apache.logging.log4j.core.appender.mom, org.apache.logging.log4j.core.config.plugins.processor, org.apache.logging.log4j, org.apache.logging.log4j.core.appender.rolling.action, org.apache.log4j.or, org.apache.logging.log4j.util, org.apache.logging.log4j.message, org.apache.logging.log4j.core.config.plugins.util, org.apache.logging.log4j.core.util, org.apache.logging.log4j.core.script, org.apache.logging.log4j.core.async, org.apache.log4j.helpers, org.apache.logging.log4j.core.config.plugins.convert, org.apache.logging.log4j.core.config.plugins.validation.constraints, org.apache.logging.log4j.core.filter, org.apache.logging.log4j.perf.nogc, org.apache.log4j.bridge, org.apache.logging.log4j.core.config.plugins.visitors, org.apache.logging.log4j.spi, org.apache.logging.log4j.core.config.plugins, org.apache.logging.log4j.core.appender.rolling, org.apache.logging.log4j.core.layout, org.apache.logging.log4j.core.jackson, org.apache.log4j, org.apache.log4j.spi]",54713;54327;55632;55717;54763;54301;55103;54672;54724;55520;54308;55100;55388;54777;55552;54912;55534;55401;54528;55082;55743;54910;54437;54597;55138;54626;55122;55202;54664;55462;54440;54843;55146,0.0,,0.0,0.0,0.0,6.0606060606060606,3.8181818181818183,302,8.050538157115415E-5,1,7.48706924596375,CIRCLE,33,1264,6,1.5558178973325376,1.7036866523414425,0.0,0,cyclicDep,159559,smell
logging-log4j2,4f474b32751f4ccad67424ca585612584440cd63,1,2026-01-22T10:08:42.000,252.96368558490929,16.879256163198928,0.0,CONTAINER,PACKAGE,"[org.apache.logging.log4j.status, org.apache.logging.log4j.core, org.apache.logging.log4j.core.config, org.apache.logging.log4j.core.impl, org.apache.logging.log4j.internal, org.apache.logging.log4j.core.appender, org.apache.logging.log4j.core.config.plugins.validation.validators, org.apache.logging.log4j.core.config.plugins.validation, org.apache.logging.log4j.core.appender.mom, org.apache.logging.log4j.core.config.plugins.processor, org.apache.logging.log4j.core.appender.rolling.action, org.apache.logging.log4j.util, org.apache.logging.log4j.message, org.apache.logging.log4j.core.config.plugins.util, org.apache.logging.log4j.core.script, org.apache.logging.log4j.core.async, org.apache.logging.log4j.core.config.plugins.convert, org.apache.logging.log4j.core.config.plugins.validation.constraints, org.apache.logging.log4j.core.filter, org.apache.logging.log4j.perf.nogc, org.apache.logging.log4j.core.config.plugins.visitors, org.apache.logging.log4j.spi, org.apache.logging.log4j.core.config.plugins, org.apache.logging.log4j.core.appender.rolling, org.apache.logging.log4j.core.layout, org.apache.logging.log4j.core.jackson]",54713;54327;55632;55717;54763;54301;55103;54672;54724;55520;54308;55100;55388;54777;55552;54912;55534;55401;54528;55082;55743;54910;54437;54597;55138;55042,0.0,,0.0,0.0,0.0,6.576923076923077,3.476923076923077,199,8.002633006945732E-5,1,7.548632838109016,CIRCLE,26,1123,5,1.2762046171566968,1.5018725983834809,0.0,0,cyclicDep,159596,smell
logging-log4j2,4f474b32751f4ccad67424ca585612584440cd63,1,2026-01-22T10:08:42.000,59.72331223304567,6.1274825465927325,0.0,CONTAINER,PACKAGE,"[org.apache.logging.log4j.perf.nogc, org.apache.logging.log4j.core.script, org.apache.logging.log4j.core.async, org.apache.logging.log4j.core.impl, org.apache.logging.log4j.spi, org.apache.logging.log4j.internal, org.apache.logging.log4j.util, org.apache.logging.log4j.core.layout, org.apache.logging.log4j.core.jackson, org.apache.logging.log4j.core.filter]",54713;54327;55632;55717;54763;54301;55103;54672;54724;54886,0.0,,0.0,0.0,0.0,5.7,2.1333333333333333,32,9.941193620218422E-5,1,6.1274825465927325,CIRCLE,10,95,1,0.45825756949558405,0.33993463423951903,0.0,0,cyclicDep,159626,smell
logging-log4j2,4f474b32751f4ccad67424ca585612584440cd63,1,2026-01-22T10:08:42.000,10.320217947392978,5.160108973696489,0.0,CONTAINER,PACKAGE,"[org.apache.logging.log4j.core.time.internal, org.apache.logging.log4j.core.time]",54765;54645,0.0,,0.0,0.0,0.0,6.5,0.0,2,3.8775931314394534E-5,1,5.160108973696489,TINY,2,4,1,0.5,0.0,0.0,0,cyclicDep,159640,smell
logging-log4j2,4f474b32751f4ccad67424ca585612584440cd63,1,2026-01-22T10:08:42.000,256.6535164957066,18.490298708984305,0.0,CONTAINER,PACKAGE,"[org.apache.logging.log4j.status, org.apache.logging.log4j.core, org.apache.logging.log4j.core.config, org.apache.logging.log4j.core.impl, org.apache.logging.log4j.internal, org.apache.logging.log4j.core.appender, org.apache.logging.log4j.core.config.plugins.validation.validators, org.apache.logging.log4j.core.config.plugins.validation, org.apache.logging.log4j.core.appender.mom, org.apache.logging.log4j.core.config.plugins.processor, org.apache.logging.log4j.core.appender.rolling.action, org.apache.logging.log4j.util, org.apache.logging.log4j.message, org.apache.logging.log4j.core.config.plugins.util, org.apache.logging.log4j.core.time, org.apache.logging.log4j.core.util, org.apache.logging.log4j.core.script, org.apache.logging.log4j.core.async, org.apache.logging.log4j.core.config.plugins.convert, org.apache.logging.log4j.core.config.plugins.validation.constraints, org.apache.logging.log4j.core.filter, org.apache.logging.log4j.perf.nogc, org.apache.logging.log4j.core.config.plugins.visitors, org.apache.logging.log4j.spi, org.apache.logging.log4j.core.config.plugins, org.apache.logging.log4j.core.appender.rolling, org.apache.logging.log4j.core.layout, org.apache.logging.log4j.core.jackson]",55105;54713;54327;55632;55717;54763;54301;55103;54672;54724;55520;54308;55100;55388;54777;55552;54912;55534;55401;54528;55082;55743;54910;54437;54597;55138;54626;55578,0.0,,0.0,0.0,0.0,6.535714285714286,3.367724867724868,232,8.074440717865426E-5,1,7.548632838109016,CIRCLE,28,1156,6,1.2387246568589019,1.476344552085164,0.0,0,cyclicDep,159646,smell
logging-log4j2,4f474b32751f4ccad67424ca585612584440cd63,1,2026-01-22T10:08:42.000,37.76717572929456,4.57994278568074,0.0,CONTAINER,PACKAGE,"[org.apache.logging.log4j.perf.nogc, org.apache.logging.log4j.spi, org.apache.logging.log4j.internal, org.apache.logging.log4j.util, org.apache.logging.log4j.core.layout, org.apache.logging.log4j.core.jackson, org.apache.logging.log4j.core.time]",55105;54713;54327;55632;55717;54763;55078,0.0,,0.0,0.0,0.0,5.571428571428571,2.142857142857143,18,1.2763869572971333E-4,1,4.57994278568074,CIRCLE,7,68,1,0.4948716593053935,0.3499271061118826,0.0,0,cyclicDep,159678,smell
logging-log4j2,4f474b32751f4ccad67424ca585612584440cd63,1,2026-01-22T10:08:42.000,256.09786848193215,16.879256163198928,0.0,CONTAINER,PACKAGE,"[org.apache.logging.log4j.status, org.apache.logging.log4j.core, org.apache.logging.log4j.core.config, org.apache.logging.log4j.core.impl, org.apache.logging.log4j.internal, org.apache.logging.log4j.core.appender, org.apache.logging.log4j.core.config.plugins.validation.validators, org.apache.logging.log4j.core.config.plugins.validation, org.apache.logging.log4j.core.appender.mom, org.apache.logging.log4j.core.config.plugins.processor, org.apache.logging.log4j.core.appender.rolling.action, org.apache.logging.log4j.util, org.apache.logging.log4j.message, org.apache.logging.log4j.core.config.plugins.util, org.apache.logging.log4j.core.util, org.apache.logging.log4j.core.script, org.apache.logging.log4j.core.async, org.apache.logging.log4j.core.config.plugins.convert, org.apache.logging.log4j.core.config.plugins.validation.constraints, org.apache.logging.log4j.core.filter, org.apache.logging.log4j.perf.nogc, org.apache.logging.log4j.core.config.plugins.visitors, org.apache.logging.log4j.spi, org.apache.logging.log4j.core.config.plugins, org.apache.logging.log4j.core.appender.rolling, org.apache.logging.log4j.core.layout, org.apache.logging.log4j.core.jackson]",54713;54327;55632;55717;54763;54301;55103;54672;54724;55520;54308;55100;55388;54777;55552;54912;55534;55401;54528;55082;55743;54910;54437;54597;55138;54626;55118,0.0,,0.0,0.0,0.0,6.555555555555555,3.421652421652422,224,8.168980689616933E-5,1,7.548632838109016,CIRCLE,27,1151,5,1.2570787221094177,1.486497098140133,0.0,0,cyclicDep,159689,smell
logging-log4j2,4f474b32751f4ccad67424ca585612584440cd63,1,2026-01-22T10:08:42.000,63.12161087180443,6.018409453918338,0.0,CONTAINER,PACKAGE,"[org.apache.logging.log4j.perf.nogc, org.apache.logging.log4j.core.script, org.apache.logging.log4j.core.async, org.apache.logging.log4j.core.impl, org.apache.logging.log4j.spi, org.apache.logging.log4j.internal, org.apache.logging.log4j.util, org.apache.logging.log4j.message, org.apache.logging.log4j.core.layout, org.apache.logging.log4j.core.jackson, org.apache.logging.log4j.core.filter]",54713;54327;55632;55717;54763;54301;55103;54672;54724;55520;54702,0.0,,0.0,0.0,0.0,5.636363636363637,2.109090909090909,43,1.1289598613739392E-4,1,6.018409453918338,CIRCLE,11,110,1,0.48104569292083466,0.3117532399905863,0.0,0,cyclicDep,159720,smell
logging-log4j2,4f474b32751f4ccad67424ca585612584440cd63,1,2026-01-22T10:08:42.000,35.11943287035936,4.496582609733602,0.0,CONTAINER,PACKAGE,"[org.apache.logging.log4j.perf.nogc, org.apache.logging.log4j.spi, org.apache.logging.log4j.core.layout, org.apache.logging.log4j.core.jackson]",54713;54327;55632;55614,0.0,,0.0,0.0,0.0,5.75,2.3333333333333335,6,9.130416108677522E-5,1,4.496582609733602,CIRCLE,4,61,1,0.4330127018922193,0.4714045207910317,0.0,0,cyclicDep,159735,smell
logging-log4j2,4f474b32751f4ccad67424ca585612584440cd63,1,2026-01-22T10:08:42.000,53.68810860299531,5.07304941874832,0.0,CONTAINER,PACKAGE,"[org.apache.logging.log4j.perf.nogc, org.apache.logging.log4j.spi, org.apache.logging.log4j.internal, org.apache.logging.log4j.util, org.apache.logging.log4j.core.layout, org.apache.logging.log4j.core.jackson]",54713;54327;55632;55717;54763;54964,0.0,,0.0,0.0,0.0,5.5,2.1333333333333333,15,1.3970870921704091E-4,1,5.07304941874832,CIRCLE,6,112,1,0.5,0.33993463423951903,0.0,0,cyclicDep,159743,smell
logging-log4j2,4f474b32751f4ccad67424ca585612584440cd63,1,2026-01-22T10:08:42.000,288.51943739092593,19.808923273539968,0.0,CONTAINER,PACKAGE,"[org.apache.logging.log4j.status, org.apache.logging.log4j.core, org.apache.logging.log4j.core.config, org.apache.logging.log4j.core.impl, org.apache.logging.log4j.internal, org.apache.logging.log4j.core.appender, org.apache.logging.log4j.core.config.plugins.validation.validators, org.apache.logging.log4j.core.config.plugins.validation, org.apache.logging.log4j.core.appender.mom, org.apache.logging.log4j.core.config.plugins.processor, org.apache.logging.log4j, org.apache.logging.log4j.core.appender.rolling.action, org.apache.log4j.or, org.apache.logging.log4j.util, org.apache.logging.log4j.message, org.apache.logging.log4j.core.config.plugins.util, org.apache.logging.log4j.core.util, org.apache.logging.log4j.core.script, org.apache.logging.log4j.core.async, org.apache.log4j.helpers, org.apache.logging.log4j.core.lookup, org.apache.logging.log4j.core.config.plugins.convert, org.apache.logging.log4j.core.config.plugins.validation.constraints, org.apache.logging.log4j.core.filter, org.apache.logging.log4j.perf.nogc, org.apache.log4j.bridge, org.apache.logging.log4j.core.config.plugins.visitors, org.apache.logging.log4j.spi, org.apache.logging.log4j.core.config.plugins, org.apache.logging.log4j.core.appender.rolling, org.apache.logging.log4j.core.layout, org.apache.log4j, org.apache.log4j.spi]",55111;54327;55632;55717;54763;54301;55103;54672;54724;55520;54308;55100;55388;54777;55552;54912;55534;55401;54528;55082;55743;54910;54437;54597;55138;54626;55122;55202;54664;55462;54440;54843;54454,0.0,,0.0,0.0,0.0,6.0606060606060606,3.8181818181818183,311,8.046110399922078E-5,1,7.48706924596375,CIRCLE,33,1485,7,1.5558178973325376,1.7036866523414425,0.0,0,cyclicDep,159753,smell
logging-log4j2,4f474b32751f4ccad67424ca585612584440cd63,1,2026-01-22T10:08:42.000,275.6026421260547,18.490298708984305,0.0,CONTAINER,PACKAGE,"[org.apache.logging.log4j.status, org.apache.logging.log4j.core, org.apache.logging.log4j.core.config, org.apache.logging.log4j.core.impl, org.apache.logging.log4j.internal, org.apache.logging.log4j.core.appender, org.apache.logging.log4j.core.config.plugins.validation.validators, org.apache.logging.log4j.core.config.plugins.validation, org.apache.logging.log4j.core.appender.mom, org.apache.logging.log4j.core.config.plugins.processor, org.apache.logging.log4j.core.appender.rolling.action, org.apache.logging.log4j.util, org.apache.logging.log4j.message, org.apache.logging.log4j.core.config.plugins.util, org.apache.logging.log4j.core.script, org.apache.logging.log4j.core.async, org.apache.logging.log4j.core.lookup, org.apache.logging.log4j.core.config.plugins.convert, org.apache.logging.log4j.core.config.plugins.validation.constraints, org.apache.logging.log4j.core.filter, org.apache.logging.log4j.perf.nogc, org.apache.logging.log4j.core.config.plugins.visitors, org.apache.logging.log4j.spi, org.apache.logging.log4j.core.config.plugins, org.apache.logging.log4j.core.appender.rolling, org.apache.logging.log4j.core.layout]",55111;54327;55632;55717;54763;54301;55103;54672;54724;55520;54308;55100;55388;54777;55552;54912;55534;55401;54528;55082;55743;54910;54437;54597;55138;54343,0.0,,0.0,0.0,0.0,6.576923076923077,3.476923076923077,209,7.997013161277266E-5,1,7.548632838109016,CIRCLE,26,1333,6,1.2762046171566968,1.5018725983834809,0.0,0,cyclicDep,159790,smell
logging-log4j2,4f474b32751f4ccad67424ca585612584440cd63,1,2026-01-22T10:08:42.000,140.006282206388,7.548632838109016,0.0,CONTAINER,PACKAGE,"[org.apache.logging.log4j.status, org.apache.logging.log4j.core.script, org.apache.logging.log4j.core.async, org.apache.logging.log4j.core.config, org.apache.logging.log4j.core.impl, org.apache.logging.log4j.internal, org.apache.logging.log4j.core.lookup, org.apache.logging.log4j.core.config.plugins.validation.validators, org.apache.logging.log4j.core.config.plugins.convert, org.apache.logging.log4j.core.config.plugins.validation.constraints, org.apache.logging.log4j.core.filter, org.apache.logging.log4j.core.config.plugins.validation, org.apache.logging.log4j.core.appender.mom, org.apache.logging.log4j.perf.nogc, org.apache.logging.log4j.core.config.plugins.processor, org.apache.logging.log4j.core.config.plugins.visitors, org.apache.logging.log4j.spi, org.apache.logging.log4j.core.config.plugins, org.apache.logging.log4j.util, org.apache.logging.log4j.message, org.apache.logging.log4j.core.layout, org.apache.logging.log4j.core.config.plugins.util]",55111;54327;55632;55717;54763;54301;55103;54672;54724;55520;54308;55100;55388;54777;55552;54912;55534;55401;54528;55082;55743;54506,0.0,,0.0,0.0,0.0,6.590909090909091,3.3722943722943723,136,8.443594750900238E-5,1,7.548632838109016,CIRCLE,22,344,1,1.302413525626764,1.503218313694434,0.0,0,cyclicDep,159820,smell
logging-log4j2,4f474b32751f4ccad67424ca585612584440cd63,1,2026-01-22T10:08:42.000,124.51360505254905,7.375549421861628,0.0,CONTAINER,PACKAGE,"[org.apache.logging.log4j.status, org.apache.logging.log4j.core.script, org.apache.logging.log4j.core.async, org.apache.logging.log4j.core.impl, org.apache.logging.log4j.internal, org.apache.logging.log4j.core.lookup, org.apache.logging.log4j.core.config.plugins.validation.validators, org.apache.logging.log4j.core.config.plugins.convert, org.apache.logging.log4j.core.config.plugins.validation.constraints, org.apache.logging.log4j.core.filter, org.apache.logging.log4j.core.config.plugins.validation, org.apache.logging.log4j.perf.nogc, org.apache.logging.log4j.core.config.plugins.processor, org.apache.logging.log4j.core.config.plugins.visitors, org.apache.logging.log4j.spi, org.apache.logging.log4j.core.config.plugins, org.apache.logging.log4j.util, org.apache.logging.log4j.message, org.apache.logging.log4j.core.layout, org.apache.logging.log4j.core.config.plugins.util]",55111;54327;55632;55717;54763;54301;55103;54672;54724;55520;54308;55100;55388;54777;55552;54912;55534;55401;54528;54701,0.0,,0.0,0.0,0.0,6.6,3.389473684210526,102,8.655422797302136E-5,1,7.375549421861628,CIRCLE,20,285,1,1.3564659966250536,1.581436634283792,0.0,0,cyclicDep,159846,smell
logging-log4j2,4f474b32751f4ccad67424ca585612584440cd63,1,2026-01-22T10:08:42.000,117.5976253794998,7.078545226085893,0.0,CONTAINER,PACKAGE,"[org.apache.logging.log4j.status, org.apache.logging.log4j.core.script, org.apache.logging.log4j.core.async, org.apache.logging.log4j.core.impl, org.apache.logging.log4j.internal, org.apache.logging.log4j.core.lookup, org.apache.logging.log4j.core.config.plugins.validation.validators, org.apache.logging.log4j.core.config.plugins.validation.constraints, org.apache.logging.log4j.core.filter, org.apache.logging.log4j.core.config.plugins.validation, org.apache.logging.log4j.perf.nogc, org.apache.logging.log4j.core.config.plugins.processor, org.apache.logging.log4j.spi, org.apache.logging.log4j.util, org.apache.logging.log4j.message, org.apache.logging.log4j.core.layout, org.apache.logging.log4j.core.config.plugins.util]",55111;54327;55632;55717;54763;54301;55103;54672;54724;55520;54308;55100;55388;54777;55552;54912;55467,0.0,,0.0,0.0,0.0,6.411764705882353,3.176470588235294,77,9.509174184621127E-5,1,7.078545226085893,CIRCLE,17,276,1,1.3745084053585792,1.509199013019706,0.0,0,cyclicDep,159870,smell
logging-log4j2,4f474b32751f4ccad67424ca585612584440cd63,1,2026-01-22T10:08:42.000,107.53688226143603,6.1274825465927325,0.0,CONTAINER,PACKAGE,"[org.apache.logging.log4j.perf.nogc, org.apache.logging.log4j.core.script, org.apache.logging.log4j.core.async, org.apache.logging.log4j.core.impl, org.apache.logging.log4j.spi, org.apache.logging.log4j.internal, org.apache.logging.log4j.util, org.apache.logging.log4j.core.lookup, org.apache.logging.log4j.core.layout, org.apache.logging.log4j.core.filter]",55111;54327;55632;55717;54763;54301;55103;54672;54724;54531,0.0,,0.0,0.0,0.0,5.7,2.1333333333333333,32,9.92658202148041E-5,1,6.1274825465927325,CIRCLE,10,308,1,0.45825756949558405,0.33993463423951903,0.0,0,cyclicDep,159891,smell
logging-log4j2,4f474b32751f4ccad67424ca585612584440cd63,1,2026-01-22T10:08:42.000,271.08981155116373,18.339499321495587,0.0,CONTAINER,PACKAGE,"[org.apache.logging.log4j.status, org.apache.logging.log4j.core, org.apache.logging.log4j.core.config, org.apache.logging.log4j.core.impl, org.apache.logging.log4j.internal, org.apache.logging.log4j.core.appender, org.apache.logging.log4j.core.config.plugins.validation.validators, org.apache.logging.log4j.core.net, org.apache.logging.log4j.core.config.plugins.validation, org.apache.logging.log4j.core.appender.mom, org.apache.logging.log4j.core.config.plugins.processor, org.apache.logging.log4j, org.apache.logging.log4j.core.appender.rolling.action, org.apache.log4j.or, org.apache.logging.log4j.util, org.apache.logging.log4j.message, org.apache.logging.log4j.core.config.plugins.util, org.apache.logging.log4j.core.util, org.apache.logging.log4j.core.script, org.apache.logging.log4j.core.async, org.apache.log4j.helpers, org.apache.logging.log4j.core.lookup, org.apache.logging.log4j.core.config.plugins.convert, org.apache.logging.log4j.core.config.plugins.validation.constraints, org.apache.logging.log4j.core.filter, org.apache.logging.log4j.perf.nogc, org.apache.log4j.bridge, org.apache.logging.log4j.core.config.plugins.visitors, org.apache.logging.log4j.spi, org.apache.logging.log4j.core.config.plugins, org.apache.logging.log4j.core.appender.rolling, org.apache.logging.log4j.core.layout, org.apache.log4j, org.apache.log4j.spi]",55329;55111;54327;55632;55717;54763;54301;55103;54672;54724;55520;54308;55100;55388;54777;55552;54912;55534;55401;54528;55082;55743;54910;54437;54597;55138;54626;55122;55202;54664;55462;54440;54843;54709,0.0,,0.0,0.0,0.0,6.0588235294117645,3.771836007130125,333,7.899757175872297E-5,1,7.48706924596375,CIRCLE,34,1311,6,1.532801673034751,1.6881652693594313,0.0,0,cyclicDep,159905,smell
logging-log4j2,4f474b32751f4ccad67424ca585612584440cd63,1,2026-01-22T10:08:42.000,261.3833342272777,18.490298708984305,0.0,CONTAINER,PACKAGE,"[org.apache.logging.log4j.status, org.apache.logging.log4j.core, org.apache.logging.log4j.core.config, org.apache.logging.log4j.core.impl, org.apache.logging.log4j.internal, org.apache.logging.log4j.core.appender, org.apache.logging.log4j.core.config.plugins.validation.validators, org.apache.logging.log4j.core.net, org.apache.logging.log4j.core.config.plugins.validation, org.apache.logging.log4j.core.appender.mom, org.apache.logging.log4j.core.config.plugins.processor, org.apache.logging.log4j.core.appender.rolling.action, org.apache.logging.log4j.util, org.apache.logging.log4j.message, org.apache.logging.log4j.core.config.plugins.util, org.apache.logging.log4j.core.script, org.apache.logging.log4j.core.async, org.apache.logging.log4j.core.lookup, org.apache.logging.log4j.core.config.plugins.convert, org.apache.logging.log4j.core.config.plugins.validation.constraints, org.apache.logging.log4j.core.filter, org.apache.logging.log4j.perf.nogc, org.apache.logging.log4j.core.config.plugins.visitors, org.apache.logging.log4j.spi, org.apache.logging.log4j.core.config.plugins, org.apache.logging.log4j.core.appender.rolling, org.apache.logging.log4j.core.layout]",55329;55111;54327;55632;55717;54763;54301;55103;54672;54724;55520;54308;55100;55388;54777;55552;54912;55534;55401;54528;55082;55743;54910;54437;54597;55138;54351,0.0,,0.0,0.0,0.0,6.555555555555555,3.4245014245014245,227,7.814534925016238E-5,1,7.548632838109016,CIRCLE,27,1199,6,1.2570787221094177,1.4828067707943744,0.0,0,cyclicDep,159943,smell
logging-log4j2,4f474b32751f4ccad67424ca585612584440cd63,1,2026-01-22T10:08:42.000,293.62144120838,19.97180522817215,0.0,CONTAINER,PACKAGE,"[org.apache.logging.log4j.status, org.apache.logging.log4j.core.config, org.apache.logging.log4j.core.impl, org.apache.logging.log4j.internal, org.apache.logging.log4j.core.appender, org.apache.logging.log4j.core.config.plugins.validation.validators, org.apache.logging.log4j.core.net, org.apache.logging.log4j.core.config.plugins.validation, org.apache.logging.log4j.core.appender.mom, org.apache.logging.log4j.core.config.plugins.processor, org.apache.logging.log4j.core.appender.rolling.action, org.apache.logging.log4j.util, org.apache.logging.log4j.message, org.apache.logging.log4j.core.config.plugins.util, org.apache.logging.log4j.core.script, org.apache.logging.log4j.core.async, org.apache.logging.log4j.core.lookup, org.apache.logging.log4j.core.config.plugins.convert, org.apache.logging.log4j.core.config.plugins.validation.constraints, org.apache.logging.log4j.core.filter, org.apache.logging.log4j.perf.nogc, org.apache.logging.log4j.core.config.plugins.visitors, org.apache.logging.log4j.spi, org.apache.logging.log4j.core.config.plugins, org.apache.logging.log4j.core.appender.rolling, org.apache.logging.log4j.core.layout]",55329;55111;54327;55632;55717;54763;54301;55103;54672;54724;55520;54308;55100;55388;54777;55552;54912;55534;55401;54528;55082;55743;54910;54437;54597;54926,0.0,,0.0,0.0,0.0,6.615384615384615,3.483076923076923,199,7.548421672568457E-5,1,7.548632838109016,CIRCLE,26,1513,7,1.2427303401079624,1.4896121571396446,0.0,0,cyclicDep,159974,smell
logging-log4j2,4f474b32751f4ccad67424ca585612584440cd63,1,2026-01-22T10:08:42.000,49.779903532255915,6.1274825465927325,0.0,CONTAINER,PACKAGE,"[org.apache.logging.log4j.perf.nogc, org.apache.logging.log4j.core.script, org.apache.logging.log4j.core.async, org.apache.logging.log4j.spi, org.apache.logging.log4j.internal, org.apache.logging.log4j.util, org.apache.logging.log4j.core.lookup, org.apache.logging.log4j.core.layout, org.apache.logging.log4j.core.filter, org.apache.logging.log4j.core.net]",55329;55111;54327;55632;55717;54763;54301;55103;54672;55539,0.0,,0.0,0.0,0.0,5.7,2.1333333333333333,30,9.444644336167863E-5,1,6.1274825465927325,CIRCLE,10,66,1,0.45825756949558405,0.33993463423951903,0.0,0,cyclicDep,160004,smell
logging-log4j2,4f474b32751f4ccad67424ca585612584440cd63,1,2026-01-22T10:08:42.000,134.18743250009138,7.548632838109016,0.0,CONTAINER,PACKAGE,"[org.apache.logging.log4j.status, org.apache.logging.log4j.core.script, org.apache.logging.log4j.core.async, org.apache.logging.log4j.core.config, org.apache.logging.log4j.core.impl, org.apache.logging.log4j.internal, org.apache.logging.log4j.core.lookup, org.apache.logging.log4j.core.config.plugins.validation.validators, org.apache.logging.log4j.core.config.plugins.convert, org.apache.logging.log4j.core.config.plugins.validation.constraints, org.apache.logging.log4j.core.filter, org.apache.logging.log4j.core.net, org.apache.logging.log4j.core.config.plugins.validation, org.apache.logging.log4j.core.appender.mom, org.apache.logging.log4j.perf.nogc, org.apache.logging.log4j.core.config.plugins.processor, org.apache.logging.log4j.core.config.plugins.visitors, org.apache.logging.log4j.spi, org.apache.logging.log4j.core.config.plugins, org.apache.logging.log4j.util, org.apache.logging.log4j.message, org.apache.logging.log4j.core.layout, org.apache.logging.log4j.core.config.plugins.util]",55329;55111;54327;55632;55717;54763;54301;55103;54672;54724;55520;54308;55100;55388;54777;55552;54912;55534;55401;54528;55082;55743;54740,0.0,,0.0,0.0,0.0,6.565217391304348,3.308300395256917,151,8.209964578349336E-5,1,7.548632838109016,CIRCLE,23,316,1,1.2794729538749705,1.4689844427909708,0.0,0,cyclicDep,160018,smell
logging-log4j2,4f474b32751f4ccad67424ca585612584440cd63,1,2026-01-22T10:08:42.000,126.60869145366992,7.35898071296695,0.0,CONTAINER,PACKAGE,"[org.apache.logging.log4j.status, org.apache.logging.log4j.core.script, org.apache.logging.log4j.core.async, org.apache.logging.log4j.core.impl, org.apache.logging.log4j.internal, org.apache.logging.log4j.core.lookup, org.apache.logging.log4j.core.config.plugins.validation.validators, org.apache.logging.log4j.core.config.plugins.convert, org.apache.logging.log4j.core.config.plugins.validation.constraints, org.apache.logging.log4j.core.filter, org.apache.logging.log4j.core.net, org.apache.logging.log4j.core.config.plugins.validation, org.apache.logging.log4j.perf.nogc, org.apache.logging.log4j.core.config.plugins.processor, org.apache.logging.log4j.core.config.plugins.visitors, org.apache.logging.log4j.spi, org.apache.logging.log4j.core.config.plugins, org.apache.logging.log4j.util, org.apache.logging.log4j.message, org.apache.logging.log4j.core.layout, org.apache.logging.log4j.core.config.plugins.util]",55329;55111;54327;55632;55717;54763;54301;55103;54672;54724;55520;54308;55100;55388;54777;55552;54912;55534;55401;54528;54537,0.0,,0.0,0.0,0.0,6.571428571428571,3.3142857142857145,114,8.389455082298677E-5,1,7.35898071296695,CIRCLE,21,296,1,1.3299276232160897,1.5387953588643895,0.0,0,cyclicDep,160045,smell
logging-log4j2,4f474b32751f4ccad67424ca585612584440cd63,1,2026-01-22T10:08:42.000,90.60255901335461,7.140481959031699,0.0,CONTAINER,PACKAGE,"[org.apache.logging.log4j.status, org.apache.logging.log4j.core.script, org.apache.logging.log4j.core.async, org.apache.logging.log4j.core.impl, org.apache.logging.log4j.internal, org.apache.logging.log4j.core.lookup, org.apache.logging.log4j.core.config.plugins.validation.validators, org.apache.logging.log4j.core.config.plugins.validation.constraints, org.apache.logging.log4j.core.filter, org.apache.logging.log4j.core.net, org.apache.logging.log4j.perf.nogc, org.apache.logging.log4j.spi, org.apache.logging.log4j.util, org.apache.logging.log4j.message, org.apache.logging.log4j.core.layout]",55329;55111;54327;55632;55717;54763;54301;55103;54672;54724;55520;54308;55100;55388;54989,0.0,,0.0,0.0,0.0,6.066666666666666,2.6857142857142855,72,1.0545460592782743E-4,1,7.140481959031699,CIRCLE,15,161,1,1.2364824660660938,1.1407122730101218,0.0,0,cyclicDep,160070,smell
logging-log4j2,4f474b32751f4ccad67424ca585612584440cd63,1,2026-01-22T10:08:42.000,52.12095477469712,6.018409453918338,0.0,CONTAINER,PACKAGE,"[org.apache.logging.log4j.perf.nogc, org.apache.logging.log4j.core.script, org.apache.logging.log4j.core.async, org.apache.logging.log4j.core.impl, org.apache.logging.log4j.spi, org.apache.logging.log4j.internal, org.apache.logging.log4j.util, org.apache.logging.log4j.core.lookup, org.apache.logging.log4j.core.layout, org.apache.logging.log4j.core.filter, org.apache.logging.log4j.core.net]",55329;55111;54327;55632;55717;54763;54301;55103;54672;54724;55381,0.0,,0.0,0.0,0.0,5.7272727272727275,2.1272727272727274,39,9.303265545184873E-5,1,6.018409453918338,CIRCLE,11,75,1,0.4453617714151233,0.33327823236042475,0.0,0,cyclicDep,160089,smell
logging-log4j2,4f474b32751f4ccad67424ca585612584440cd63,1,2026-01-22T10:08:42.000,25.22638304606168,3.371017230924486,0.0,CONTAINER,PACKAGE,"[org.apache.logging.log4j.core.lookup, org.apache.logging.log4j.core.layout, org.apache.logging.log4j.core.net]",55329;55111;54674,0.0,,0.0,0.0,0.0,6.0,2.0,4,3.201806471797513E-5,1,3.371017230924486,CIRCLE,3,56,1,0.0,0.0,0.0,0,cyclicDep,160104,smell
logging-log4j2,4f474b32751f4ccad67424ca585612584440cd63,1,2026-01-22T10:08:42.000,293.3364553666476,26.995012069271805,0.0,CONTAINER,PACKAGE,"[org.apache.logging.log4j.status, org.apache.logging.log4j.core, org.apache.logging.log4j.core.config, org.apache.logging.log4j.core.impl, org.apache.logging.log4j.internal, org.apache.logging.log4j.core.appender, org.apache.logging.log4j.core.config.plugins.validation.validators, org.apache.logging.log4j.core.net, org.apache.logging.log4j.core.config.plugins.validation, org.apache.logging.log4j.core.appender.mom, org.apache.logging.log4j.core.config.plugins.processor, org.apache.logging.log4j, org.apache.logging.log4j.core.appender.rolling.action, org.apache.log4j.or, org.apache.logging.log4j.util, org.apache.logging.log4j.message, org.apache.logging.log4j.core.config.plugins.util, org.apache.logging.log4j.core.util, org.apache.logging.log4j.core.net.ssl, org.apache.logging.log4j.core.script, org.apache.logging.log4j.core.async, org.apache.log4j.helpers, org.apache.logging.log4j.core.lookup, org.apache.logging.log4j.core.config.plugins.convert, org.apache.logging.log4j.core.config.plugins.validation.constraints, org.apache.logging.log4j.core.filter, org.apache.logging.log4j.perf.nogc, org.apache.log4j.bridge, org.apache.logging.log4j.core.config.plugins.visitors, org.apache.logging.log4j.spi, org.apache.logging.log4j.core.config.plugins, org.apache.logging.log4j.core.appender.rolling, org.apache.logging.log4j.core.layout, org.apache.log4j, org.apache.log4j.spi]",54927;55329;55111;54327;55632;55717;54763;54301;55103;54672;54724;55520;54308;55100;55388;54777;55552;54912;55534;55401;54528;55082;55743;54910;54437;54597;55138;54626;55122;55202;54664;55462;54440;54843;55499,0.0,,0.0,0.0,0.0,6.085714285714285,3.820168067226891,342,7.703592049986665E-5,1,7.48706924596375,CIRCLE,35,1535,13,1.5188610125716586,1.6681686144917292,0.0,0,cyclicDep,160111,smell
logging-log4j2,4f474b32751f4ccad67424ca585612584440cd63,1,2026-01-22T10:08:42.000,283.35037944906674,27.216982757453316,0.0,CONTAINER,PACKAGE,"[org.apache.logging.log4j.status, org.apache.logging.log4j.core, org.apache.logging.log4j.core.config, org.apache.logging.log4j.core.impl, org.apache.logging.log4j.internal, org.apache.logging.log4j.core.appender, org.apache.logging.log4j.core.config.plugins.validation.validators, org.apache.logging.log4j.core.net, org.apache.logging.log4j.core.config.plugins.validation, org.apache.logging.log4j.core.appender.mom, org.apache.logging.log4j.core.config.plugins.processor, org.apache.logging.log4j.core.appender.rolling.action, org.apache.logging.log4j.util, org.apache.logging.log4j.message, org.apache.logging.log4j.core.config.plugins.util, org.apache.logging.log4j.core.net.ssl, org.apache.logging.log4j.core.script, org.apache.logging.log4j.core.async, org.apache.logging.log4j.core.lookup, org.apache.logging.log4j.core.config.plugins.convert, org.apache.logging.log4j.core.config.plugins.validation.constraints, org.apache.logging.log4j.core.filter, org.apache.logging.log4j.perf.nogc, org.apache.logging.log4j.core.config.plugins.visitors, org.apache.logging.log4j.spi, org.apache.logging.log4j.core.config.plugins, org.apache.logging.log4j.core.appender.rolling, org.apache.logging.log4j.core.layout]",54927;55329;55111;54327;55632;55717;54763;54301;55103;54672;54724;55520;54308;55100;55388;54777;55552;54912;55534;55401;54528;55082;55743;54910;54437;54597;55138;55230,0.0,,0.0,0.0,0.0,6.571428571428571,3.502645502645503,234,7.572372169475487E-5,1,7.548632838109016,CIRCLE,28,1409,13,1.2371791482634837,1.4733051014473115,0.0,0,cyclicDep,160150,smell
logging-log4j2,4f474b32751f4ccad67424ca585612584440cd63,1,2026-01-22T10:08:42.000,183.51097491764756,21.350757874057358,0.0,CONTAINER,PACKAGE,"[org.apache.logging.log4j.status, org.apache.logging.log4j.core.net.ssl, org.apache.logging.log4j.core.script, org.apache.logging.log4j.core.async, org.apache.logging.log4j.core.config, org.apache.logging.log4j.core.impl, org.apache.logging.log4j.internal, org.apache.logging.log4j.core.lookup, org.apache.logging.log4j.core.config.plugins.validation.validators, org.apache.logging.log4j.core.config.plugins.convert, org.apache.logging.log4j.core.config.plugins.validation.constraints, org.apache.logging.log4j.core.filter, org.apache.logging.log4j.core.net, org.apache.logging.log4j.core.config.plugins.validation, org.apache.logging.log4j.core.appender.mom, org.apache.logging.log4j.perf.nogc, org.apache.logging.log4j.core.config.plugins.processor, org.apache.logging.log4j.core.config.plugins.visitors, org.apache.logging.log4j.spi, org.apache.logging.log4j.core.config.plugins, org.apache.logging.log4j.util, org.apache.logging.log4j.message, org.apache.logging.log4j.core.layout, org.apache.logging.log4j.core.config.plugins.util]",54927;55329;55111;54327;55632;55717;54763;54301;55103;54672;54724;55520;54308;55100;55388;54777;55552;54912;55534;55401;54528;55082;55743;55628,0.0,,0.0,0.0,0.0,6.583333333333333,3.4094202898550723,156,7.910965127996246E-5,1,7.548632838109016,CIRCLE,24,591,8,1.2555432644432802,1.4654666211003702,0.0,0,cyclicDep,160182,smell
logging-log4j2,4f474b32751f4ccad67424ca585612584440cd63,1,2026-01-22T10:08:42.000,181.48144192948754,21.350757874057358,0.0,CONTAINER,PACKAGE,"[org.apache.logging.log4j.status, org.apache.logging.log4j.core.net.ssl, org.apache.logging.log4j.core.script, org.apache.logging.log4j.core.async, org.apache.logging.log4j.core.impl, org.apache.logging.log4j.internal, org.apache.logging.log4j.core.lookup, org.apache.logging.log4j.core.config.plugins.validation.validators, org.apache.logging.log4j.core.config.plugins.convert, org.apache.logging.log4j.core.config.plugins.validation.constraints, org.apache.logging.log4j.core.filter, org.apache.logging.log4j.core.net, org.apache.logging.log4j.core.config.plugins.validation, org.apache.logging.log4j.perf.nogc, org.apache.logging.log4j.core.config.plugins.processor, org.apache.logging.log4j.core.config.plugins.visitors, org.apache.logging.log4j.spi, org.apache.logging.log4j.core.config.plugins, org.apache.logging.log4j.util, org.apache.logging.log4j.message, org.apache.logging.log4j.core.layout, org.apache.logging.log4j.core.config.plugins.util]",54927;55329;55111;54327;55632;55717;54763;54301;55103;54672;54724;55520;54308;55100;55388;54777;55552;54912;55534;55401;54528;54350,0.0,,0.0,0.0,0.0,6.590909090909091,3.4285714285714284,118,8.055115204461246E-5,1,7.548632838109016,CIRCLE,22,578,8,1.302413525626764,1.532577587947761,0.0,0,cyclicDep,160210,smell
logging-log4j2,4f474b32751f4ccad67424ca585612584440cd63,1,2026-01-22T10:08:42.000,286.15193438140216,27.216982757453316,0.0,CONTAINER,PACKAGE,"[org.apache.logging.log4j.status, org.apache.logging.log4j.core, org.apache.logging.log4j.core.config, org.apache.logging.log4j.core.impl, org.apache.logging.log4j.internal, org.apache.logging.log4j.core.appender, org.apache.logging.log4j.core.config.plugins.validation.validators, org.apache.logging.log4j.core.net, org.apache.logging.log4j.core.config.plugins.validation, org.apache.logging.log4j.core.appender.mom, org.apache.logging.log4j.core.config.plugins.processor, org.apache.logging.log4j.core.appender.rolling.action, org.apache.logging.log4j.util, org.apache.logging.log4j.message, org.apache.logging.log4j.core.config.plugins.util, org.apache.logging.log4j.core.util, org.apache.logging.log4j.core.net.ssl, org.apache.logging.log4j.core.script, org.apache.logging.log4j.core.async, org.apache.logging.log4j.core.lookup, org.apache.logging.log4j.core.config.plugins.convert, org.apache.logging.log4j.core.config.plugins.validation.constraints, org.apache.logging.log4j.core.filter, org.apache.logging.log4j.perf.nogc, org.apache.logging.log4j.core.config.plugins.visitors, org.apache.logging.log4j.spi, org.apache.logging.log4j.core.config.plugins, org.apache.logging.log4j.core.appender.rolling, org.apache.logging.log4j.core.layout]",54927;55329;55111;54327;55632;55717;54763;54301;55103;54672;54724;55520;54308;55100;55388;54777;55552;54912;55534;55401;54528;55082;55743;54910;54437;54597;55138;54626;55383,0.0,,0.0,0.0,0.0,6.551724137931035,3.4507389162561575,262,7.742084178771785E-5,1,7.548632838109016,CIRCLE,29,1437,13,1.2201245526175264,1.4609150738552685,0.0,0,cyclicDep,160236,smell
logging-log4j2,4f474b32751f4ccad67424ca585612584440cd63,1,2026-01-22T10:08:42.000,126.80271987258753,17.020882652018965,0.0,CONTAINER,PACKAGE,"[org.apache.logging.log4j.status, org.apache.logging.log4j.core.net.ssl, org.apache.logging.log4j.core.script, org.apache.logging.log4j.core.async, org.apache.logging.log4j.core.impl, org.apache.logging.log4j.internal, org.apache.logging.log4j.core.lookup, org.apache.logging.log4j.core.filter, org.apache.logging.log4j.core.net, org.apache.logging.log4j.perf.nogc, org.apache.logging.log4j.spi, org.apache.logging.log4j.util, org.apache.logging.log4j.message, org.apache.logging.log4j.core.layout]",54927;55329;55111;54327;55632;55717;54763;54301;55103;54672;54724;55520;54308;55117,0.0,,0.0,0.0,0.0,5.714285714285714,2.3626373626373627,68,1.1057940387053365E-4,1,6.017790772511538,CIRCLE,14,444,8,0.5890150893739515,0.7189198784086209,0.0,0,cyclicDep,160269,smell
logging-log4j2,4f474b32751f4ccad67424ca585612584440cd63,1,2026-01-22T10:08:42.000,296.66183315916163,28.01404794944827,0.0,CONTAINER,PACKAGE,"[org.apache.logging.log4j.status, org.apache.logging.log4j.core, org.apache.logging.log4j.core.config, org.apache.logging.log4j.core.impl, org.apache.logging.log4j.internal, org.apache.logging.log4j.core.appender, org.apache.logging.log4j.core.config.plugins.validation.validators, org.apache.logging.log4j.core.net, org.apache.logging.log4j.core.config.plugins.validation, org.apache.logging.log4j.core.appender.mom, org.apache.logging.log4j.core.config.plugins.processor, org.apache.logging.log4j.test.junit, org.apache.logging.log4j, org.apache.logging.log4j.core.appender.rolling.action, org.apache.log4j.or, org.apache.logging.log4j.util, org.apache.logging.log4j.message, org.apache.logging.log4j.core.config.plugins.util, org.apache.logging.log4j.core.util, org.apache.logging.log4j.core.net.ssl, org.apache.logging.log4j.core.script, org.apache.logging.log4j.core.async, org.apache.log4j.helpers, org.apache.logging.log4j.core.lookup, org.apache.logging.log4j.core.config.plugins.convert, org.apache.logging.log4j.core.config.plugins.validation.constraints, org.apache.logging.log4j.core.filter, org.apache.logging.log4j.perf.nogc, org.apache.log4j.bridge, org.apache.logging.log4j.core.config.plugins.visitors, org.apache.logging.log4j.spi, org.apache.logging.log4j.core.config.plugins, org.apache.logging.log4j.core.appender.rolling, org.apache.logging.log4j.core.layout, org.apache.log4j, org.apache.log4j.spi]",54914;54927;55329;55111;54327;55632;55717;54763;54301;55103;54672;54724;55520;54308;55100;55388;54777;55552;54912;55534;55401;54528;55082;55743;54910;54437;54597;55138;54626;55122;55202;54664;55462;54440;54843;55237,0.0,,0.0,0.0,0.0,6.083333333333333,3.811111111111111,364,7.91667732188265E-5,1,7.48706924596375,CIRCLE,36,1570,14,1.4976833963009524,1.6496859836942235,0.0,0,cyclicDep,160287,smell
logging-log4j2,4f474b32751f4ccad67424ca585612584440cd63,1,2026-01-22T10:08:42.000,118.61596019993854,16.966792307631394,0.0,CONTAINER,PACKAGE,"[org.apache.logging.log4j.core.net.ssl, org.apache.logging.log4j.core.script, org.apache.logging.log4j.core.async, org.apache.logging.log4j.core.impl, org.apache.logging.log4j.internal, org.apache.logging.log4j.core.lookup, org.apache.logging.log4j.core.filter, org.apache.logging.log4j.core.net, org.apache.logging.log4j.perf.nogc, org.apache.logging.log4j.test.junit, org.apache.logging.log4j.spi, org.apache.logging.log4j.util, org.apache.logging.log4j.message, org.apache.logging.log4j.core.layout]",54914;54927;55329;55111;54327;55632;55717;54763;54301;55103;54672;54724;55520;55639,0.0,,0.0,0.0,0.0,5.785714285714286,2.4505494505494507,64,1.0251300653864289E-4,1,5.998666947854955,CIRCLE,14,391,8,0.5578749768504754,0.730252647289501,0.0,0,cyclicDep,160327,smell
logging-log4j2,4f474b32751f4ccad67424ca585612584440cd63,1,2026-01-22T10:08:42.000,96.80625117508121,14.594091477665723,0.0,CONTAINER,PACKAGE,"[org.apache.logging.log4j.perf.nogc, org.apache.logging.log4j.core.net.ssl, org.apache.logging.log4j.test.junit, org.apache.logging.log4j.spi, org.apache.logging.log4j.core.lookup, org.apache.logging.log4j.core.layout, org.apache.logging.log4j.core.net]",54914;54927;55329;55111;54327;55632;54901,0.0,,0.0,0.0,0.0,6.0,2.9047619047619047,16,7.979184119668115E-5,1,5.159790524557117,CIRCLE,7,352,8,0.5345224838248488,0.8109231602822096,0.0,0,cyclicDep,160345,smell
logging-log4j2,4f474b32751f4ccad67424ca585612584440cd63,1,2026-01-22T10:08:42.000,134.93667628392018,17.996000843564865,0.0,CONTAINER,PACKAGE,"[org.apache.logging.log4j.status, org.apache.logging.log4j.core.net.ssl, org.apache.logging.log4j.core.script, org.apache.logging.log4j.core.async, org.apache.logging.log4j.core.impl, org.apache.logging.log4j.internal, org.apache.logging.log4j.core.lookup, org.apache.logging.log4j.core.filter, org.apache.logging.log4j.core.net, org.apache.logging.log4j.perf.nogc, org.apache.logging.log4j.test.junit, org.apache.logging.log4j.spi, org.apache.logging.log4j.util, org.apache.logging.log4j.message, org.apache.logging.log4j.core.layout]",54914;54927;55329;55111;54327;55632;55717;54763;54301;55103;54672;54724;55520;54308;55011,0.0,,0.0,0.0,0.0,5.733333333333333,2.4095238095238094,80,1.1345721817132617E-4,1,5.998666947854955,CIRCLE,15,506,9,0.5734883511361751,0.7130783446603766,0.0,0,cyclicDep,160356,smell
logging-log4j2,4f474b32751f4ccad67424ca585612584440cd63,1,2026-01-22T10:08:42.000,309.6063824899191,35.90672270701814,0.0,CONTAINER,PACKAGE,"[org.apache.logging.log4j.status, org.apache.logging.log4j.core, org.apache.logging.log4j.core.config, org.apache.logging.log4j.core.impl, org.apache.logging.log4j.internal, org.apache.logging.log4j.core.appender, org.apache.logging.log4j.core.config.plugins.validation.validators, org.apache.logging.log4j.core.net, org.apache.logging.log4j.core.config.plugins.validation, org.apache.logging.log4j.core.appender.mom, org.apache.logging.log4j.core.config.plugins.processor, org.apache.logging.log4j.test.junit, org.apache.logging.log4j, org.apache.logging.log4j.core.appender.rolling.action, org.apache.log4j.or, org.apache.logging.log4j.util, org.apache.logging.log4j.message, org.apache.logging.log4j.core.config.plugins.util, org.apache.logging.log4j.core.util, org.apache.logging.log4j.core.net.ssl, org.apache.logging.log4j.core.script, org.apache.logging.log4j.core.async, org.apache.log4j.helpers, org.apache.logging.log4j.core.lookup, org.apache.logging.log4j.test, org.apache.logging.log4j.core.config.plugins.convert, org.apache.logging.log4j.core.config.plugins.validation.constraints, org.apache.logging.log4j.core.filter, org.apache.logging.log4j.perf.nogc, org.apache.log4j.bridge, org.apache.logging.log4j.core.config.plugins.visitors, org.apache.logging.log4j.spi, org.apache.logging.log4j.core.config.plugins, org.apache.logging.log4j.core.appender.rolling, org.apache.logging.log4j.core.layout, org.apache.log4j, org.apache.log4j.spi]",55002;54914;54927;55329;55111;54327;55632;55717;54763;54301;55103;54672;54724;55520;54308;55100;55388;54777;55552;54912;55534;55401;54528;55082;55743;54910;54437;54597;55138;54626;55122;55202;54664;55462;54440;54843;54475,0.0,,0.0,0.0,0.0,6.054054054054054,3.7582582582582584,386,8.199270377746381E-5,1,7.48706924596375,CIRCLE,37,1710,23,1.4877144804889604,1.6421985828622934,0.0,0,cyclicDep,160375,smell
logging-log4j2,4f474b32751f4ccad67424ca585612584440cd63,1,2026-01-22T10:08:42.000,131.28723649870426,24.733137438907484,0.0,CONTAINER,PACKAGE,"[org.apache.logging.log4j.core.net.ssl, org.apache.logging.log4j.core.script, org.apache.logging.log4j.core.async, org.apache.logging.log4j.core.impl, org.apache.logging.log4j.internal, org.apache.logging.log4j.core.lookup, org.apache.logging.log4j.test, org.apache.logging.log4j.core.filter, org.apache.logging.log4j.core.net, org.apache.logging.log4j.perf.nogc, org.apache.logging.log4j.test.junit, org.apache.logging.log4j.spi, org.apache.logging.log4j.util, org.apache.logging.log4j.message, org.apache.logging.log4j.core.layout]",55002;54914;54927;55329;55111;54327;55632;55717;54763;54301;55103;54672;54724;55520;54825,0.0,,0.0,0.0,0.0,5.733333333333333,2.4095238095238094,75,1.079272196952938E-4,1,5.998666947854955,CIRCLE,15,479,17,0.5734883511361751,0.7130783446603766,0.0,0,cyclicDep,160416,smell
logging-log4j2,4f474b32751f4ccad67424ca585612584440cd63,1,2026-01-22T10:08:42.000,122.97278406154736,23.31787614962745,0.0,CONTAINER,PACKAGE,"[org.apache.logging.log4j.perf.nogc, org.apache.logging.log4j.core.net.ssl, org.apache.logging.log4j.test.junit, org.apache.logging.log4j.spi, org.apache.logging.log4j.core.lookup, org.apache.logging.log4j.core.layout, org.apache.logging.log4j.test, org.apache.logging.log4j.core.net]",55002;54914;54927;55329;55111;54327;55632;55443,0.0,,0.0,0.0,0.0,5.875,2.75,20,9.278363653314685E-5,1,5.829469037406862,CIRCLE,8,445,16,0.5994789404140899,0.82915619758885,0.0,0,cyclicDep,160435,smell
logging-log4j2,4f474b32751f4ccad67424ca585612584440cd63,1,2026-01-22T10:08:42.000,153.85979642978532,27.27413473694261,0.0,CONTAINER,PACKAGE,"[org.apache.logging.log4j.status, org.apache.logging.log4j.core.net.ssl, org.apache.logging.log4j.core.script, org.apache.logging.log4j.core.async, org.apache.logging.log4j.core.impl, org.apache.logging.log4j.internal, org.apache.logging.log4j.core.lookup, org.apache.logging.log4j.test, org.apache.logging.log4j.core.filter, org.apache.logging.log4j.core.net, org.apache.logging.log4j.perf.nogc, org.apache.logging.log4j.test.junit, org.apache.logging.log4j.spi, org.apache.logging.log4j.util, org.apache.logging.log4j.message, org.apache.logging.log4j.core.layout]",55002;54914;54927;55329;55111;54327;55632;55717;54763;54301;55103;54672;54724;55520;54308;54684,0.0,,0.0,0.0,0.0,5.6875,2.375,92,1.178490297786437E-4,1,6.614949315749537,CIRCLE,16,541,17,0.582961190818051,0.6959705453537527,0.0,0,cyclicDep,160447,smell
logging-log4j2,4f474b32751f4ccad67424ca585612584440cd63,1,2026-01-22T10:08:42.000,126.01103122883583,23.813846505878104,0.0,CONTAINER,PACKAGE,"[org.apache.logging.log4j.perf.nogc, org.apache.logging.log4j.core.net.ssl, org.apache.logging.log4j.test.junit, org.apache.logging.log4j.spi, org.apache.logging.log4j.internal, org.apache.logging.log4j.util, org.apache.logging.log4j.core.lookup, org.apache.logging.log4j.core.layout, org.apache.logging.log4j.test, org.apache.logging.log4j.core.net]",55002;54914;54927;55329;55111;54327;55632;55717;54763;55709,0.0,,0.0,0.0,0.0,5.7,2.5555555555555554,36,1.2153047032203193E-4,1,5.953461626469526,CIRCLE,10,448,16,0.6403124237432849,0.804309380926838,0.0,0,cyclicDep,160467,smell
logging-log4j2,4f474b32751f4ccad67424ca585612584440cd63,1,2026-01-22T10:08:42.000,114.95135148737829,16.971727224620256,0.0,CONTAINER,PACKAGE,"[org.apache.logging.log4j.perf.nogc, org.apache.logging.log4j.core.net.ssl, org.apache.logging.log4j.test.junit, org.apache.logging.log4j.spi, org.apache.logging.log4j.internal, org.apache.logging.log4j.util, org.apache.logging.log4j.core.lookup, org.apache.logging.log4j.core.layout, org.apache.logging.log4j.core.net]",54914;54927;55329;55111;54327;55632;55717;54763;55353,0.0,,0.0,0.0,0.0,5.777777777777778,2.638888888888889,29,1.146198332591014E-4,1,6.000411704488663,CIRCLE,9,367,8,0.6285393610547089,0.8216777476527245,0.0,0,cyclicDep,160481,smell
logging-log4j2,4f474b32751f4ccad67424ca585612584440cd63,1,2026-01-22T10:08:42.000,113.78554225671529,16.66393876799157,0.0,CONTAINER,PACKAGE,"[org.apache.logging.log4j.perf.nogc, org.apache.logging.log4j.core.net.ssl, org.apache.logging.log4j.spi, org.apache.logging.log4j.internal, org.apache.logging.log4j.util, org.apache.logging.log4j.core.lookup, org.apache.logging.log4j.core.layout, org.apache.logging.log4j.core.net]",54927;55329;55111;54327;55632;55717;54763;55665,0.0,,0.0,0.0,0.0,5.75,2.607142857142857,22,1.097289851186864E-4,1,5.891592052062121,CIRCLE,8,373,8,0.6614378277661477,0.8593721011082831,0.0,0,cyclicDep,160494,smell
logging-log4j2,4f474b32751f4ccad67424ca585612584440cd63,1,2026-01-22T10:08:42.000,256.5424831716715,16.879256163198928,0.0,CONTAINER,PACKAGE,"[org.apache.logging.log4j.status, org.apache.logging.log4j.core, org.apache.logging.log4j.core.config, org.apache.logging.log4j.core.impl, org.apache.logging.log4j.internal, org.apache.logging.log4j.core.appender, org.apache.logging.log4j.core.config.plugins.validation.validators, org.apache.logging.log4j.core.net, org.apache.logging.log4j.core.config.plugins.validation, org.apache.logging.log4j.core.appender.mom, org.apache.logging.log4j.core.config.plugins.processor, org.apache.logging.log4j.core.appender.rolling.action, org.apache.logging.log4j.util, org.apache.logging.log4j.message, org.apache.logging.log4j.core.config.plugins.util, org.apache.logging.log4j.core.util, org.apache.logging.log4j.core.script, org.apache.logging.log4j.core.async, org.apache.logging.log4j.core.lookup, org.apache.logging.log4j.core.config.plugins.convert, org.apache.logging.log4j.core.config.plugins.validation.constraints, org.apache.logging.log4j.core.filter, org.apache.logging.log4j.perf.nogc, org.apache.logging.log4j.core.config.plugins.visitors, org.apache.logging.log4j.spi, org.apache.logging.log4j.core.config.plugins, org.apache.logging.log4j.core.appender.rolling, org.apache.logging.log4j.core.layout]",55329;55111;54327;55632;55717;54763;54301;55103;54672;54724;55520;54308;55100;55388;54777;55552;54912;55534;55401;54528;55082;55743;54910;54437;54597;55138;54626;54303,0.0,,0.0,0.0,0.0,6.535714285714286,3.373015873015873,254,7.981659407660949E-5,1,7.548632838109016,CIRCLE,28,1155,5,1.2387246568589019,1.4678249051331018,0.0,0,cyclicDep,160506,smell
logging-log4j2,4f474b32751f4ccad67424ca585612584440cd63,1,2026-01-22T10:08:42.000,263.54058340697327,18.339499321495587,0.0,CONTAINER,PACKAGE,"[org.apache.logging.log4j.status, org.apache.logging.log4j.core.util.internal, org.apache.logging.log4j.core, org.apache.logging.log4j.core.config, org.apache.logging.log4j.core.impl, org.apache.logging.log4j.internal, org.apache.logging.log4j.core.appender, org.apache.logging.log4j.core.config.plugins.validation.validators, org.apache.logging.log4j.core.net, org.apache.logging.log4j.core.config.plugins.validation, org.apache.logging.log4j.core.appender.mom, org.apache.logging.log4j.core.config.plugins.processor, org.apache.logging.log4j, org.apache.logging.log4j.core.appender.rolling.action, org.apache.log4j.or, org.apache.logging.log4j.util, org.apache.logging.log4j.message, org.apache.logging.log4j.core.config.plugins.util, org.apache.logging.log4j.core.util, org.apache.logging.log4j.core.script, org.apache.logging.log4j.core.async, org.apache.log4j.helpers, org.apache.logging.log4j.core.lookup, org.apache.logging.log4j.core.config.plugins.convert, org.apache.logging.log4j.core.config.plugins.validation.constraints, org.apache.logging.log4j.core.filter, org.apache.logging.log4j.perf.nogc, org.apache.log4j.bridge, org.apache.logging.log4j.core.config.plugins.visitors, org.apache.logging.log4j.spi, org.apache.logging.log4j.core.config.plugins, org.apache.logging.log4j.core.appender.rolling, org.apache.logging.log4j.core.layout, org.apache.log4j, org.apache.log4j.spi]",55008;55329;55111;54327;55632;55717;54763;54301;55103;54672;54724;55520;54308;55100;55388;54777;55552;54912;55534;55401;54528;55082;55743;54910;54437;54597;55138;54626;55122;55202;54664;55462;54440;54843;55370,0.0,,0.0,0.0,0.0,6.085714285714285,3.80672268907563,347,7.73376532755159E-5,1,7.48706924596375,CIRCLE,35,1239,6,1.5188610125716586,1.6706930626698828,0.0,0,cyclicDep,160538,smell
logging-log4j2,4f474b32751f4ccad67424ca585612584440cd63,1,2026-01-22T10:08:42.000,294.10620535090567,16.879256163198928,0.0,CONTAINER,PACKAGE,"[org.apache.logging.log4j.status, org.apache.logging.log4j.core.util.internal, org.apache.logging.log4j.core, org.apache.logging.log4j.core.config, org.apache.logging.log4j.core.impl, org.apache.logging.log4j.internal, org.apache.logging.log4j.core.appender, org.apache.logging.log4j.core.config.plugins.validation.validators, org.apache.logging.log4j.core.net, org.apache.logging.log4j.core.config.plugins.validation, org.apache.logging.log4j.core.appender.mom, org.apache.logging.log4j.core.config.plugins.processor, org.apache.logging.log4j.core.appender.rolling.action, org.apache.logging.log4j.util, org.apache.logging.log4j.message, org.apache.logging.log4j.core.config.plugins.util, org.apache.logging.log4j.core.script, org.apache.logging.log4j.core.async, org.apache.logging.log4j.core.lookup, org.apache.logging.log4j.core.config.plugins.convert, org.apache.logging.log4j.core.config.plugins.validation.constraints, org.apache.logging.log4j.core.filter, org.apache.logging.log4j.perf.nogc, org.apache.logging.log4j.core.config.plugins.visitors, org.apache.logging.log4j.spi, org.apache.logging.log4j.core.config.plugins, org.apache.logging.log4j.core.appender.rolling, org.apache.logging.log4j.core.layout]",55008;55329;55111;54327;55632;55717;54763;54301;55103;54672;54724;55520;54308;55100;55388;54777;55552;54912;55534;55401;54528;55082;55743;54910;54437;54597;55138;55131,0.0,,0.0,0.0,0.0,6.571428571428571,3.4814814814814814,239,7.610088766431642E-5,1,7.548632838109016,CIRCLE,28,1518,5,1.2371791482634837,1.473191089135011,0.0,0,cyclicDep,160577,smell
logging-log4j2,4f474b32751f4ccad67424ca585612584440cd63,1,2026-01-22T10:08:42.000,129.87158998978578,7.548632838109016,0.0,CONTAINER,PACKAGE,"[org.apache.logging.log4j.status, org.apache.logging.log4j.core.util.internal, org.apache.logging.log4j.core.script, org.apache.logging.log4j.core.async, org.apache.logging.log4j.core.config, org.apache.logging.log4j.core.impl, org.apache.logging.log4j.internal, org.apache.logging.log4j.core.lookup, org.apache.logging.log4j.core.config.plugins.validation.validators, org.apache.logging.log4j.core.config.plugins.convert, org.apache.logging.log4j.core.config.plugins.validation.constraints, org.apache.logging.log4j.core.filter, org.apache.logging.log4j.core.net, org.apache.logging.log4j.core.config.plugins.validation, org.apache.logging.log4j.core.appender.mom, org.apache.logging.log4j.perf.nogc, org.apache.logging.log4j.core.config.plugins.processor, org.apache.logging.log4j.core.config.plugins.visitors, org.apache.logging.log4j.spi, org.apache.logging.log4j.core.config.plugins, org.apache.logging.log4j.util, org.apache.logging.log4j.message, org.apache.logging.log4j.core.layout, org.apache.logging.log4j.core.config.plugins.util]",55008;55329;55111;54327;55632;55717;54763;54301;55103;54672;54724;55520;54308;55100;55388;54777;55552;54912;55534;55401;54528;55082;55743;55318,0.0,,0.0,0.0,0.0,6.583333333333333,3.38768115942029,160,7.954967824445095E-5,1,7.548632838109016,CIRCLE,24,296,1,1.2555432644432802,1.4639609214388563,0.0,0,cyclicDep,160609,smell
logging-log4j2,4f474b32751f4ccad67424ca585612584440cd63,1,2026-01-22T10:08:42.000,9.608794351006315,6.794443644623556,0.0,CONTAINER,PACKAGE,"[org.apache.logging.log4j.core.util.internal, org.apache.logging.log4j.core.net]",55008;55493,0.0,,0.0,0.0,0.0,6.5,4.0,2,2.5800716334385374E-5,1,6.794443644623556,TINY,2,2,1,0.5,0.0,0.0,0,cyclicDep,160637,smell
logging-log4j2,4f474b32751f4ccad67424ca585612584440cd63,1,2026-01-22T10:08:42.000,255.20631531996304,16.879256163198928,0.0,CONTAINER,PACKAGE,"[org.apache.logging.log4j.status, org.apache.logging.log4j.core.util.internal, org.apache.logging.log4j.core, org.apache.logging.log4j.core.config, org.apache.logging.log4j.core.impl, org.apache.logging.log4j.internal, org.apache.logging.log4j.core.appender, org.apache.logging.log4j.core.config.plugins.validation.validators, org.apache.logging.log4j.core.net, org.apache.logging.log4j.core.config.plugins.validation, org.apache.logging.log4j.core.appender.mom, org.apache.logging.log4j.core.config.plugins.processor, org.apache.logging.log4j.core.appender.rolling.action, org.apache.logging.log4j.util, org.apache.logging.log4j.message, org.apache.logging.log4j.core.config.plugins.util, org.apache.logging.log4j.core.util, org.apache.logging.log4j.core.script, org.apache.logging.log4j.core.async, org.apache.logging.log4j.core.lookup, org.apache.logging.log4j.core.config.plugins.convert, org.apache.logging.log4j.core.config.plugins.validation.constraints, org.apache.logging.log4j.core.filter, org.apache.logging.log4j.perf.nogc, org.apache.logging.log4j.core.config.plugins.visitors, org.apache.logging.log4j.spi, org.apache.logging.log4j.core.config.plugins, org.apache.logging.log4j.core.appender.rolling, org.apache.logging.log4j.core.layout]",55008;55329;55111;54327;55632;55717;54763;54301;55103;54672;54724;55520;54308;55100;55388;54777;55552;54912;55534;55401;54528;55082;55743;54910;54437;54597;55138;54626;55041,0.0,,0.0,0.0,0.0,6.551724137931035,3.4310344827586206,267,7.778500203419108E-5,1,7.548632838109016,CIRCLE,29,1143,5,1.2201245526175264,1.460117551713146,0.0,0,cyclicDep,160643,smell
logging-log4j2,4f474b32751f4ccad67424ca585612584440cd63,1,2026-01-22T10:08:42.000,87.6203562291646,6.017790772511538,0.0,CONTAINER,PACKAGE,"[org.apache.logging.log4j.core.util.internal, org.apache.logging.log4j.core.script, org.apache.logging.log4j.core.async, org.apache.logging.log4j.core.impl, org.apache.logging.log4j.internal, org.apache.logging.log4j.core.lookup, org.apache.logging.log4j.core.filter, org.apache.logging.log4j.core.net, org.apache.logging.log4j.perf.nogc, org.apache.logging.log4j.spi, org.apache.logging.log4j.util, org.apache.logging.log4j.message, org.apache.logging.log4j.core.layout]",55008;55329;55111;54327;55632;55717;54763;54301;55103;54672;54724;55520;55177,0.0,,0.0,0.0,0.0,5.769230769230769,2.3461538461538463,57,9.938431694663866E-5,1,6.017790772511538,CIRCLE,13,212,1,0.5756395979652217,0.6568558183307435,0.0,0,cyclicDep,160676,smell
logging-log4j2,4f474b32751f4ccad67424ca585612584440cd63,1,2026-01-22T10:08:42.000,72.7132425637301,6.017790772511538,0.0,CONTAINER,PACKAGE,"[org.apache.logging.log4j.status, org.apache.logging.log4j.core.util.internal, org.apache.logging.log4j.core.script, org.apache.logging.log4j.core.async, org.apache.logging.log4j.core.impl, org.apache.logging.log4j.internal, org.apache.logging.log4j.core.lookup, org.apache.logging.log4j.core.filter, org.apache.logging.log4j.core.net, org.apache.logging.log4j.perf.nogc, org.apache.logging.log4j.spi, org.apache.logging.log4j.util, org.apache.logging.log4j.message, org.apache.logging.log4j.core.layout]",55008;55329;55111;54327;55632;55717;54763;54301;55103;54672;54724;55520;54308;54295,0.0,,0.0,0.0,0.0,5.714285714285714,2.3076923076923075,72,1.1133373580965679E-4,1,6.017790772511538,CIRCLE,14,146,1,0.5890150893739515,0.6235719102905981,0.0,0,cyclicDep,160693,smell
logging-log4j2,4f474b32751f4ccad67424ca585612584440cd63,1,2026-01-22T10:08:42.000,43.25883011346202,5.998920388102809,0.0,CONTAINER,PACKAGE,"[org.apache.logging.log4j.core.util.internal, org.apache.logging.log4j.perf.nogc, org.apache.logging.log4j.spi, org.apache.logging.log4j.internal, org.apache.logging.log4j.util, org.apache.logging.log4j.core.lookup, org.apache.logging.log4j.core.layout, org.apache.logging.log4j.core.net]",55008;55329;55111;54327;55632;55717;54763;55577,0.0,,0.0,0.0,0.0,5.75,2.5,23,1.1104906601215188E-4,1,5.998920388102809,CIRCLE,8,52,1,0.6614378277661477,0.7319250547113999,0.0,0,cyclicDep,160711,smell
logging-log4j2,4f474b32751f4ccad67424ca585612584440cd63,1,2026-01-22T10:08:42.000,55.812433225323296,6.018409453918338,0.0,CONTAINER,PACKAGE,"[org.apache.logging.log4j.perf.nogc, org.apache.logging.log4j.core.script, org.apache.logging.log4j.core.async, org.apache.logging.log4j.spi, org.apache.logging.log4j.core.impl, org.apache.logging.log4j.internal, org.apache.logging.log4j.core.lookup, org.apache.logging.log4j.util, org.apache.logging.log4j.message, org.apache.logging.log4j.core.layout, org.apache.logging.log4j.core.filter, org.apache.logging.log4j.core.net]",55329;55111;54327;55632;55717;54763;54301;55103;54672;54724;55520;55434,0.0,,0.0,0.0,0.0,5.666666666666667,2.106060606060606,51,1.0592464128831891E-4,1,6.018409453918338,CIRCLE,12,86,1,0.4714045207910317,0.30791517322578144,0.0,0,cyclicDep,160723,smell
logging-log4j2,4f474b32751f4ccad67424ca585612584440cd63,1,2026-01-22T10:08:42.000,33.66123205756741,4.713515285405683,0.0,CONTAINER,PACKAGE,"[org.apache.logging.log4j.perf.nogc, org.apache.logging.log4j.spi, org.apache.logging.log4j.core.lookup, org.apache.logging.log4j.core.layout, org.apache.logging.log4j.core.net]",55329;55111;54327;55632;55013,0.0,,0.0,0.0,0.0,5.8,2.3,10,7.889129845911897E-5,1,4.713515285405683,CIRCLE,5,51,1,0.39999999999999997,0.45825756949558405,0.0,0,cyclicDep,160739,smell
logging-log4j2,4f474b32751f4ccad67424ca585612584440cd63,1,2026-01-22T10:08:42.000,69.45035997324071,5.828144741653815,0.0,CONTAINER,PACKAGE,"[org.apache.logging.log4j.status, org.apache.logging.log4j.core.script, org.apache.logging.log4j.core.async, org.apache.logging.log4j.core.impl, org.apache.logging.log4j.internal, org.apache.logging.log4j.core.lookup, org.apache.logging.log4j.core.filter, org.apache.logging.log4j.core.net, org.apache.logging.log4j.perf.nogc, org.apache.logging.log4j.spi, org.apache.logging.log4j.util, org.apache.logging.log4j.message, org.apache.logging.log4j.core.layout]",55329;55111;54327;55632;55717;54763;54301;55103;54672;54724;55520;54308;55473,0.0,,0.0,0.0,0.0,5.615384615384615,2.08974358974359,65,1.1829014434528611E-4,1,5.828144741653815,CIRCLE,13,142,1,0.4865042554105199,0.2858140616616404,0.0,0,cyclicDep,160748,smell
logging-log4j2,4f474b32751f4ccad67424ca585612584440cd63,1,2026-01-22T10:08:42.000,39.55524011877026,4.796777442834089,0.0,CONTAINER,PACKAGE,"[org.apache.logging.log4j.perf.nogc, org.apache.logging.log4j.spi, org.apache.logging.log4j.internal, org.apache.logging.log4j.util, org.apache.logging.log4j.core.lookup, org.apache.logging.log4j.core.layout, org.apache.logging.log4j.core.net]",55329;55111;54327;55632;55717;54763;54498,0.0,,0.0,0.0,0.0,5.571428571428571,2.142857142857143,20,1.239274433215342E-4,1,4.796777442834089,CIRCLE,7,68,1,0.4948716593053935,0.3499271061118826,0.0,0,cyclicDep,160765,smell
logging-log4j2,4f474b32751f4ccad67424ca585612584440cd63,1,2026-01-22T10:08:42.000,265.0253308365104,18.339499321495587,0.0,CONTAINER,PACKAGE,"[org.apache.logging.log4j.core.test.junit, org.apache.logging.log4j.status, org.apache.logging.log4j.core, org.apache.logging.log4j.core.config, org.apache.logging.log4j.core.impl, org.apache.logging.log4j.internal, org.apache.logging.log4j.core.appender, org.apache.logging.log4j.core.config.plugins.validation.validators, org.apache.logging.log4j.core.config.plugins.validation, org.apache.logging.log4j.core.appender.mom, org.apache.logging.log4j.core.config.plugins.processor, org.apache.logging.log4j, org.apache.logging.log4j.core.appender.rolling.action, org.apache.log4j.or, org.apache.logging.log4j.util, org.apache.logging.log4j.message, org.apache.logging.log4j.core.config.plugins.util, org.apache.logging.log4j.core.util, org.apache.logging.log4j.core.script, org.apache.logging.log4j.core.async, org.apache.log4j.helpers, org.apache.logging.log4j.core.lookup, org.apache.logging.log4j.core.config.plugins.convert, org.apache.logging.log4j.core.config.plugins.validation.constraints, org.apache.logging.log4j.core.filter, org.apache.logging.log4j.perf.nogc, org.apache.log4j.bridge, org.apache.logging.log4j.core.config.plugins.visitors, org.apache.logging.log4j.spi, org.apache.logging.log4j.core.config.plugins, org.apache.logging.log4j.core.appender.rolling, org.apache.logging.log4j.core.layout, org.apache.log4j, org.apache.log4j.spi]",55409;55111;54327;55632;55717;54763;54301;55103;54672;54724;55520;54308;55100;55388;54777;55552;54912;55534;55401;54528;55082;55743;54910;54437;54597;55138;54626;55122;55202;54664;55462;54440;54843;54849,0.0,,0.0,0.0,0.0,6.088235294117647,3.8128342245989306,332,8.01063690567714E-5,1,7.48706924596375,CIRCLE,34,1253,6,1.5409631644034982,1.683170123350762,0.0,0,cyclicDep,160776,smell
logging-log4j2,4f474b32751f4ccad67424ca585612584440cd63,1,2026-01-22T10:08:42.000,264.3099649470908,18.490298708984305,0.0,CONTAINER,PACKAGE,"[org.apache.logging.log4j.core.test.junit, org.apache.logging.log4j.status, org.apache.logging.log4j.core, org.apache.logging.log4j.core.config, org.apache.logging.log4j.core.impl, org.apache.logging.log4j.internal, org.apache.logging.log4j.core.appender, org.apache.logging.log4j.core.config.plugins.validation.validators, org.apache.logging.log4j.core.config.plugins.validation, org.apache.logging.log4j.core.appender.mom, org.apache.logging.log4j.core.config.plugins.processor, org.apache.logging.log4j.core.appender.rolling.action, org.apache.logging.log4j.util, org.apache.logging.log4j.message, org.apache.logging.log4j.core.config.plugins.util, org.apache.logging.log4j.core.script, org.apache.logging.log4j.core.async, org.apache.logging.log4j.core.lookup, org.apache.logging.log4j.core.config.plugins.convert, org.apache.logging.log4j.core.config.plugins.validation.constraints, org.apache.logging.log4j.core.filter, org.apache.logging.log4j.perf.nogc, org.apache.logging.log4j.core.config.plugins.visitors, org.apache.logging.log4j.spi, org.apache.logging.log4j.core.config.plugins, org.apache.logging.log4j.core.appender.rolling, org.apache.logging.log4j.core.layout]",55409;55111;54327;55632;55717;54763;54301;55103;54672;54724;55520;54308;55100;55388;54777;55552;54912;55534;55401;54528;55082;55743;54910;54437;54597;55138;54616,0.0,,0.0,0.0,0.0,6.592592592592593,3.4757834757834756,225,7.954161251437151E-5,1,7.548632838109016,CIRCLE,27,1226,6,1.254894396007216,1.4710348311596109,0.0,0,cyclicDep,160814,smell
logging-log4j2,4f474b32751f4ccad67424ca585612584440cd63,1,2026-01-22T10:08:42.000,269.0140550398219,18.339499321495587,0.0,CONTAINER,PACKAGE,"[org.apache.logging.log4j.core.test.junit, org.apache.logging.log4j.status, org.apache.logging.log4j.core.appender.db.jdbc, org.apache.logging.log4j.core, org.apache.logging.log4j.core.config, org.apache.logging.log4j.core.impl, org.apache.logging.log4j.internal, org.apache.logging.log4j.core.appender, org.apache.logging.log4j.core.config.plugins.validation.validators, org.apache.logging.log4j.core.config.plugins.validation, org.apache.logging.log4j.core.appender.mom, org.apache.logging.log4j.core.config.plugins.processor, org.apache.logging.log4j, org.apache.logging.log4j.core.appender.rolling.action, org.apache.log4j.or, org.apache.logging.log4j.util, org.apache.logging.log4j.message, org.apache.logging.log4j.core.config.plugins.util, org.apache.logging.log4j.core.util, org.apache.logging.log4j.core.script, org.apache.logging.log4j.core.async, org.apache.log4j.helpers, org.apache.logging.log4j.core.lookup, org.apache.logging.log4j.core.config.plugins.convert, org.apache.logging.log4j.core.config.plugins.validation.constraints, org.apache.logging.log4j.core.filter, org.apache.logging.log4j.perf.nogc, org.apache.log4j.bridge, org.apache.logging.log4j.core.config.plugins.visitors, org.apache.logging.log4j.spi, org.apache.logging.log4j.core.config.plugins, org.apache.logging.log4j.core.appender.rolling, org.apache.logging.log4j.core.layout, org.apache.log4j, org.apache.log4j.spi]",55745;55409;55111;54327;55632;55717;54763;54301;55103;54672;54724;55520;54308;55100;55388;54777;55552;54912;55534;55401;54528;55082;55743;54910;54437;54597;55138;54626;55122;55202;54664;55462;54440;54843;54629,0.0,,0.0,0.0,0.0,6.142857142857143,3.8184873949579834,348,7.81867753932299E-5,1,7.48706924596375,CIRCLE,35,1291,6,1.5518257844571737,1.6835320207727453,0.0,0,cyclicDep,160845,smell
logging-log4j2,4f474b32751f4ccad67424ca585612584440cd63,1,2026-01-22T10:08:42.000,261.1652421290391,18.490298708984305,0.0,CONTAINER,PACKAGE,"[org.apache.logging.log4j.core.test.junit, org.apache.logging.log4j.status, org.apache.logging.log4j.core.appender.db.jdbc, org.apache.logging.log4j.core, org.apache.logging.log4j.core.config, org.apache.logging.log4j.core.impl, org.apache.logging.log4j.internal, org.apache.logging.log4j.core.appender, org.apache.logging.log4j.core.config.plugins.validation.validators, org.apache.logging.log4j.core.config.plugins.validation, org.apache.logging.log4j.core.appender.mom, org.apache.logging.log4j.core.config.plugins.processor, org.apache.logging.log4j.core.appender.rolling.action, org.apache.logging.log4j.util, org.apache.logging.log4j.message, org.apache.logging.log4j.core.config.plugins.util, org.apache.logging.log4j.core.script, org.apache.logging.log4j.core.async, org.apache.logging.log4j.core.lookup, org.apache.logging.log4j.core.config.plugins.convert, org.apache.logging.log4j.core.config.plugins.validation.constraints, org.apache.logging.log4j.core.filter, org.apache.logging.log4j.perf.nogc, org.apache.logging.log4j.core.config.plugins.visitors, org.apache.logging.log4j.spi, org.apache.logging.log4j.core.config.plugins, org.apache.logging.log4j.core.appender.rolling, org.apache.logging.log4j.core.layout]",55745;55409;55111;54327;55632;55717;54763;54301;55103;54672;54724;55520;54308;55100;55388;54777;55552;54912;55534;55401;54528;55082;55743;54910;54437;54597;55138;54806,0.0,,0.0,0.0,0.0,6.642857142857143,3.4735449735449735,239,7.71622903114589E-5,1,7.548632838109016,CIRCLE,28,1197,6,1.259656577753457,1.4604444580925178,0.0,0,cyclicDep,160884,smell
logging-log4j2,4f474b32751f4ccad67424ca585612584440cd63,1,2026-01-22T10:08:42.000,261.49231206575337,18.490298708984305,0.0,CONTAINER,PACKAGE,"[org.apache.logging.log4j.core.test.junit, org.apache.logging.log4j.status, org.apache.logging.log4j.core.appender.db.jdbc, org.apache.logging.log4j.core.config, org.apache.logging.log4j.core.impl, org.apache.logging.log4j.internal, org.apache.logging.log4j.core.appender, org.apache.logging.log4j.core.config.plugins.validation.validators, org.apache.logging.log4j.core.config.plugins.validation, org.apache.logging.log4j.core.appender.mom, org.apache.logging.log4j.core.config.plugins.processor, org.apache.logging.log4j.core.appender.rolling.action, org.apache.logging.log4j.util, org.apache.logging.log4j.message, org.apache.logging.log4j.core.config.plugins.util, org.apache.logging.log4j.core.script, org.apache.logging.log4j.core.async, org.apache.logging.log4j.core.lookup, org.apache.logging.log4j.core.config.plugins.convert, org.apache.logging.log4j.core.config.plugins.validation.constraints, org.apache.logging.log4j.core.filter, org.apache.logging.log4j.perf.nogc, org.apache.logging.log4j.core.config.plugins.visitors, org.apache.logging.log4j.spi, org.apache.logging.log4j.core.config.plugins, org.apache.logging.log4j.core.appender.rolling, org.apache.logging.log4j.core.layout]",55745;55409;55111;54327;55632;55717;54763;54301;55103;54672;54724;55520;54308;55100;55388;54777;55552;54912;55534;55401;54528;55082;55743;54910;54437;54597;54814,0.0,,0.0,0.0,0.0,6.703703703703703,3.52991452991453,209,7.45633086605283E-5,1,7.548632838109016,CIRCLE,27,1200,6,1.2417077492029784,1.4651078521173415,0.0,0,cyclicDep,160916,smell
logging-log4j2,4f474b32751f4ccad67424ca585612584440cd63,1,2026-01-22T10:08:42.000,279.53953390537725,21.176629740136875,0.0,CONTAINER,PACKAGE,"[org.apache.logging.log4j.core.test.junit, org.apache.logging.log4j.status, org.apache.logging.log4j.core.appender.db.jdbc, org.apache.logging.log4j.core, org.apache.logging.log4j.core.config, org.apache.logging.log4j.core.impl, org.apache.logging.log4j.internal, org.apache.logging.log4j.core.appender, org.apache.logging.log4j.core.config.plugins.validation.validators, org.apache.logging.log4j.core.config.plugins.validation, org.apache.logging.log4j.core.appender.mom, org.apache.logging.log4j.core.config.plugins.processor, org.apache.logging.log4j, org.apache.logging.log4j.core.appender.rolling.action, org.apache.log4j.or, org.apache.logging.log4j.util, org.apache.logging.log4j.message, org.apache.logging.log4j.core.config.plugins.util, org.apache.logging.log4j.core.util, org.apache.logging.log4j.core.script, org.apache.logging.log4j.core.async, org.apache.log4j.helpers, org.apache.logging.log4j.core.lookup, org.apache.logging.log4j.core.appender.db, org.apache.logging.log4j.core.config.plugins.convert, org.apache.logging.log4j.core.config.plugins.validation.constraints, org.apache.logging.log4j.core.filter, org.apache.logging.log4j.perf.nogc, org.apache.log4j.bridge, org.apache.logging.log4j.core.config.plugins.visitors, org.apache.logging.log4j.spi, org.apache.logging.log4j.core.config.plugins, org.apache.logging.log4j.core.appender.rolling, org.apache.logging.log4j.core.layout, org.apache.log4j, org.apache.log4j.spi]",54449;55745;55409;55111;54327;55632;55717;54763;54301;55103;54672;54724;55520;54308;55100;55388;54777;55552;54912;55534;55401;54528;55082;55743;54910;54437;54597;55138;54626;55122;55202;54664;55462;54440;54843;55147,0.0,,0.0,0.0,0.0,6.166666666666667,3.8190476190476192,361,7.637453726261287E-5,1,7.48706924596375,CIRCLE,36,1394,8,1.536590742882148,1.6749183484346042,0.0,0,cyclicDep,160947,smell
logging-log4j2,4f474b32751f4ccad67424ca585612584440cd63,1,2026-01-22T10:08:42.000,280.5208468503578,21.350757874057358,0.0,CONTAINER,PACKAGE,"[org.apache.logging.log4j.core.test.junit, org.apache.logging.log4j.status, org.apache.logging.log4j.core.appender.db.jdbc, org.apache.logging.log4j.core, org.apache.logging.log4j.core.config, org.apache.logging.log4j.core.impl, org.apache.logging.log4j.internal, org.apache.logging.log4j.core.appender, org.apache.logging.log4j.core.config.plugins.validation.validators, org.apache.logging.log4j.core.config.plugins.validation, org.apache.logging.log4j.core.appender.mom, org.apache.logging.log4j.core.config.plugins.processor, org.apache.logging.log4j.core.appender.rolling.action, org.apache.logging.log4j.util, org.apache.logging.log4j.message, org.apache.logging.log4j.core.config.plugins.util, org.apache.logging.log4j.core.script, org.apache.logging.log4j.core.async, org.apache.logging.log4j.core.lookup, org.apache.logging.log4j.core.appender.db, org.apache.logging.log4j.core.config.plugins.convert, org.apache.logging.log4j.core.config.plugins.validation.constraints, org.apache.logging.log4j.core.filter, org.apache.logging.log4j.perf.nogc, org.apache.logging.log4j.core.config.plugins.visitors, org.apache.logging.log4j.spi, org.apache.logging.log4j.core.config.plugins, org.apache.logging.log4j.core.appender.rolling, org.apache.logging.log4j.core.layout]",54449;55745;55409;55111;54327;55632;55717;54763;54301;55103;54672;54724;55520;54308;55100;55388;54777;55552;54912;55534;55401;54528;55082;55743;54910;54437;54597;55138;54390,0.0,,0.0,0.0,0.0,6.655172413793103,3.4827586206896552,250,7.494794246247816E-5,1,7.548632838109016,CIRCLE,29,1381,8,1.23946212107665,1.448099918939838,0.0,0,cyclicDep,160987,smell
logging-log4j2,4f474b32751f4ccad67424ca585612584440cd63,1,2026-01-22T10:08:42.000,268.58710296534247,19.97180522817215,0.0,CONTAINER,PACKAGE,"[org.apache.logging.log4j.core.test.junit, org.apache.logging.log4j.status, org.apache.logging.log4j.core.appender.db.jdbc, org.apache.logging.log4j.core.config, org.apache.logging.log4j.core.impl, org.apache.logging.log4j.internal, org.apache.logging.log4j.core.appender, org.apache.logging.log4j.core.config.plugins.validation.validators, org.apache.logging.log4j.core.config.plugins.validation, org.apache.logging.log4j.core.appender.mom, org.apache.logging.log4j.core.config.plugins.processor, org.apache.logging.log4j.core.appender.rolling.action, org.apache.logging.log4j.util, org.apache.logging.log4j.message, org.apache.logging.log4j.core.config.plugins.util, org.apache.logging.log4j.core.script, org.apache.logging.log4j.core.async, org.apache.logging.log4j.core.lookup, org.apache.logging.log4j.core.appender.db, org.apache.logging.log4j.core.config.plugins.convert, org.apache.logging.log4j.core.config.plugins.validation.constraints, org.apache.logging.log4j.core.filter, org.apache.logging.log4j.perf.nogc, org.apache.logging.log4j.core.config.plugins.visitors, org.apache.logging.log4j.spi, org.apache.logging.log4j.core.config.plugins, org.apache.logging.log4j.core.appender.rolling, org.apache.logging.log4j.core.layout]",54449;55745;55409;55111;54327;55632;55717;54763;54301;55103;54672;54724;55520;54308;55100;55388;54777;55552;54912;55534;55401;54528;55082;55743;54910;54437;54597;54815,0.0,,0.0,0.0,0.0,6.714285714285714,3.5423280423280423,219,7.236269773304576E-5,1,7.548632838109016,CIRCLE,28,1266,7,1.2205719636167902,1.447331746143061,0.0,0,cyclicDep,161020,smell
logging-log4j2,4f474b32751f4ccad67424ca585612584440cd63,1,2026-01-22T10:08:42.000,170.80606299245886,13.074615603287667,0.0,CONTAINER,PACKAGE,"[org.apache.logging.log4j.core.test.junit, org.apache.logging.log4j.status, org.apache.logging.log4j.core.appender.db.jdbc, org.apache.logging.log4j.core.config, org.apache.logging.log4j.core.impl, org.apache.logging.log4j.internal, org.apache.logging.log4j.core.config.plugins.validation.validators, org.apache.logging.log4j.core.config.plugins.validation, org.apache.logging.log4j.core.appender.mom, org.apache.logging.log4j.core.config.plugins.processor, org.apache.logging.log4j.util, org.apache.logging.log4j.message, org.apache.logging.log4j.core.config.plugins.util, org.apache.logging.log4j.core.script, org.apache.logging.log4j.core.async, org.apache.logging.log4j.core.lookup, org.apache.logging.log4j.core.appender.db, org.apache.logging.log4j.core.config.plugins.convert, org.apache.logging.log4j.core.config.plugins.validation.constraints, org.apache.logging.log4j.core.filter, org.apache.logging.log4j.perf.nogc, org.apache.logging.log4j.core.config.plugins.visitors, org.apache.logging.log4j.spi, org.apache.logging.log4j.core.config.plugins, org.apache.logging.log4j.core.layout]",54449;55745;55409;55111;54327;55632;55717;54763;54301;55103;54672;54724;55520;54308;55100;55388;54777;55552;54912;55534;55401;54528;55082;55743;54394,0.0,,0.0,0.0,0.0,6.68,3.4366666666666665,169,7.807431018711319E-5,1,7.548632838109016,CIRCLE,25,512,3,1.2560254774486066,1.41868092098102,0.0,0,cyclicDep,161052,smell
logging-log4j2,4f474b32751f4ccad67424ca585612584440cd63,1,2026-01-22T10:08:42.000,158.88034167884948,13.074615603287667,0.0,CONTAINER,PACKAGE,"[org.apache.logging.log4j.core.test.junit, org.apache.logging.log4j.status, org.apache.logging.log4j.core.appender.db.jdbc, org.apache.logging.log4j.core.script, org.apache.logging.log4j.core.async, org.apache.logging.log4j.core.impl, org.apache.logging.log4j.internal, org.apache.logging.log4j.core.appender.db, org.apache.logging.log4j.core.lookup, org.apache.logging.log4j.core.config.plugins.validation.validators, org.apache.logging.log4j.core.config.plugins.convert, org.apache.logging.log4j.core.config.plugins.validation.constraints, org.apache.logging.log4j.core.filter, org.apache.logging.log4j.core.config.plugins.validation, org.apache.logging.log4j.perf.nogc, org.apache.logging.log4j.core.config.plugins.processor, org.apache.logging.log4j.core.config.plugins.visitors, org.apache.logging.log4j.spi, org.apache.logging.log4j.core.config.plugins, org.apache.logging.log4j.util, org.apache.logging.log4j.message, org.apache.logging.log4j.core.layout, org.apache.logging.log4j.core.config.plugins.util]",54449;55745;55409;55111;54327;55632;55717;54763;54301;55103;54672;54724;55520;54308;55100;55388;54777;55552;54912;55534;55401;54528;54836,0.0,,0.0,0.0,0.0,6.695652173913044,3.474308300395257,130,7.936310734522631E-5,1,7.548632838109016,CIRCLE,23,443,3,1.299992729367483,1.47318992433841,0.0,0,cyclicDep,161081,smell
logging-log4j2,4f474b32751f4ccad67424ca585612584440cd63,1,2026-01-22T10:08:42.000,129.15084458974556,12.46608093325954,0.0,CONTAINER,PACKAGE,"[org.apache.logging.log4j.core.test.junit, org.apache.logging.log4j.status, org.apache.logging.log4j.core.appender.db.jdbc, org.apache.logging.log4j.core.script, org.apache.logging.log4j.core.async, org.apache.logging.log4j.core.impl, org.apache.logging.log4j.internal, org.apache.logging.log4j.core.appender.db, org.apache.logging.log4j.core.lookup, org.apache.logging.log4j.core.config.plugins.validation.validators, org.apache.logging.log4j.core.config.plugins.validation.constraints, org.apache.logging.log4j.core.filter, org.apache.logging.log4j.core.config.plugins.validation, org.apache.logging.log4j.perf.nogc, org.apache.logging.log4j.spi, org.apache.logging.log4j.util, org.apache.logging.log4j.message, org.apache.logging.log4j.core.layout]",54449;55745;55409;55111;54327;55632;55717;54763;54301;55103;54672;54724;55520;54308;55100;55388;54777;55000,0.0,,0.0,0.0,0.0,6.388888888888889,3.1372549019607843,89,9.28370451212974E-5,1,7.197295182557057,CIRCLE,18,322,3,1.296957503325417,1.3188369977098224,0.0,0,cyclicDep,161108,smell
logging-log4j2,4f474b32751f4ccad67424ca585612584440cd63,1,2026-01-22T10:08:42.000,128.83858552841397,12.5733585015765,0.0,CONTAINER,PACKAGE,"[org.apache.logging.log4j.core.test.junit, org.apache.logging.log4j.status, org.apache.logging.log4j.core.appender.db.jdbc, org.apache.logging.log4j.core.script, org.apache.logging.log4j.core.async, org.apache.logging.log4j.core.impl, org.apache.logging.log4j.internal, org.apache.logging.log4j.core.appender.db, org.apache.logging.log4j.core.lookup, org.apache.logging.log4j.core.config.plugins.validation.validators, org.apache.logging.log4j.core.config.plugins.validation.constraints, org.apache.logging.log4j.core.filter, org.apache.logging.log4j.perf.nogc, org.apache.logging.log4j.spi, org.apache.logging.log4j.util, org.apache.logging.log4j.message, org.apache.logging.log4j.core.layout]",54449;55745;55409;55111;54327;55632;55717;54763;54301;55103;54672;54724;55520;54308;55100;55388;55685,0.0,,0.0,0.0,0.0,6.294117647058823,3.0,85,9.678735238675848E-5,1,7.259231915502863,CIRCLE,17,315,3,1.2725475089872904,1.224744871391589,0.0,0,cyclicDep,161130,smell
logging-log4j2,4f474b32751f4ccad67424ca585612584440cd63,1,2026-01-22T10:08:42.000,69.85424057670618,7.129468574272927,0.0,CONTAINER,PACKAGE,"[org.apache.logging.log4j.core.test.junit, org.apache.logging.log4j.core.appender.db.jdbc, org.apache.logging.log4j.core.appender.db, org.apache.logging.log4j.core.lookup, org.apache.logging.log4j.core.layout]",54449;55745;55409;55111;54577,0.0,,0.0,0.0,0.0,6.8,3.0,9,3.192401916228161E-5,1,5.041295575124773,CIRCLE,5,192,2,0.7483314773547882,0.8944271909999159,0.0,0,cyclicDep,161151,smell
logging-log4j2,4f474b32751f4ccad67424ca585612584440cd63,1,2026-01-22T10:08:42.000,312.57953687500293,28.01404794944827,0.0,CONTAINER,PACKAGE,"[org.apache.logging.log4j.core.test.junit, org.apache.logging.log4j.status, org.apache.logging.log4j.core.appender.db.jdbc, org.apache.logging.log4j.core, org.apache.logging.log4j.core.config, org.apache.logging.log4j.core.impl, org.apache.logging.log4j.internal, org.apache.logging.log4j.core.appender, org.apache.logging.log4j.core.config.plugins.validation.validators, org.apache.logging.log4j.core.config.plugins.validation, org.apache.logging.log4j.core.appender.mom, org.apache.logging.log4j.core.test, org.apache.logging.log4j.core.config.plugins.processor, org.apache.logging.log4j, org.apache.logging.log4j.core.appender.rolling.action, org.apache.log4j.or, org.apache.logging.log4j.util, org.apache.logging.log4j.message, org.apache.logging.log4j.core.config.plugins.util, org.apache.logging.log4j.core.util, org.apache.logging.log4j.core.script, org.apache.logging.log4j.core.async, org.apache.log4j.helpers, org.apache.logging.log4j.core.lookup, org.apache.logging.log4j.core.appender.db, org.apache.logging.log4j.core.config.plugins.convert, org.apache.logging.log4j.core.config.plugins.validation.constraints, org.apache.logging.log4j.core.filter, org.apache.logging.log4j.perf.nogc, org.apache.log4j.bridge, org.apache.logging.log4j.core.config.plugins.visitors, org.apache.logging.log4j.spi, org.apache.logging.log4j.core.config.plugins, org.apache.logging.log4j.core.appender.rolling, org.apache.logging.log4j.core.layout, org.apache.log4j, org.apache.log4j.spi]",54655;54449;55745;55409;55111;54327;55632;55717;54763;54301;55103;54672;54724;55520;54308;55100;55388;54777;55552;54912;55534;55401;54528;55082;55743;54910;54437;54597;55138;54626;55122;55202;54664;55462;54440;54843;54558,0.0,,0.0,0.0,0.0,6.162162162162162,3.764264264264264,385,7.515623068782073E-5,1,7.48706924596375,CIRCLE,37,1743,14,1.5159247202573145,1.6702616586159416,0.0,0,cyclicDep,161160,smell
logging-log4j2,4f474b32751f4ccad67424ca585612584440cd63,1,2026-01-22T10:08:42.000,279.50335765495936,25.035982804163204,0.0,CONTAINER,PACKAGE,"[org.apache.logging.log4j.core.test.junit, org.apache.logging.log4j.status, org.apache.logging.log4j.core.appender.db.jdbc, org.apache.logging.log4j.core, org.apache.logging.log4j.core.config, org.apache.logging.log4j.core.impl, org.apache.logging.log4j.internal, org.apache.logging.log4j.core.appender, org.apache.logging.log4j.core.config.plugins.validation.validators, org.apache.logging.log4j.core.config.plugins.validation, org.apache.logging.log4j.core.appender.mom, org.apache.logging.log4j.core.test, org.apache.logging.log4j.core.config.plugins.processor, org.apache.logging.log4j.core.appender.rolling.action, org.apache.logging.log4j.util, org.apache.logging.log4j.message, org.apache.logging.log4j.core.config.plugins.util, org.apache.logging.log4j.core.script, org.apache.logging.log4j.core.async, org.apache.logging.log4j.core.lookup, org.apache.logging.log4j.core.appender.db, org.apache.logging.log4j.core.config.plugins.convert, org.apache.logging.log4j.core.config.plugins.validation.constraints, org.apache.logging.log4j.core.filter, org.apache.logging.log4j.perf.nogc, org.apache.logging.log4j.core.config.plugins.visitors, org.apache.logging.log4j.spi, org.apache.logging.log4j.core.config.plugins, org.apache.logging.log4j.core.appender.rolling, org.apache.logging.log4j.core.layout]",54655;54449;55745;55409;55111;54327;55632;55717;54763;54301;55103;54672;54724;55520;54308;55100;55388;54777;55552;54912;55534;55401;54528;55082;55743;54910;54437;54597;55138;54545,0.0,,0.0,0.0,0.0,6.633333333333334,3.418390804597701,271,7.349291751357234E-5,1,7.548632838109016,CIRCLE,30,1371,11,1.2242911781471306,1.4446515497327823,0.0,0,cyclicDep,161201,smell
logging-log4j2,4f474b32751f4ccad67424ca585612584440cd63,1,2026-01-22T10:08:42.000,180.0629807741857,18.490298708984305,0.0,CONTAINER,PACKAGE,"[org.apache.logging.log4j.core.test.junit, org.apache.logging.log4j.status, org.apache.logging.log4j.core.appender.db.jdbc, org.apache.logging.log4j.core.config, org.apache.logging.log4j.core.impl, org.apache.logging.log4j.internal, org.apache.logging.log4j.core.config.plugins.validation.validators, org.apache.logging.log4j.core.config.plugins.validation, org.apache.logging.log4j.core.appender.mom, org.apache.logging.log4j.core.test, org.apache.logging.log4j.core.config.plugins.processor, org.apache.logging.log4j.util, org.apache.logging.log4j.message, org.apache.logging.log4j.core.config.plugins.util, org.apache.logging.log4j.core.script, org.apache.logging.log4j.core.async, org.apache.logging.log4j.core.lookup, org.apache.logging.log4j.core.appender.db, org.apache.logging.log4j.core.config.plugins.convert, org.apache.logging.log4j.core.config.plugins.validation.constraints, org.apache.logging.log4j.core.filter, org.apache.logging.log4j.perf.nogc, org.apache.logging.log4j.core.config.plugins.visitors, org.apache.logging.log4j.spi, org.apache.logging.log4j.core.config.plugins, org.apache.logging.log4j.core.layout]",54655;54449;55745;55409;55111;54327;55632;55717;54763;54301;55103;54672;54724;55520;54308;55100;55388;54777;55552;54912;55534;55401;54528;55082;55743;54582,0.0,,0.0,0.0,0.0,6.653846153846154,3.3661538461538463,186,7.627519033358204E-5,1,7.548632838109016,CIRCLE,26,569,6,1.238557091392663,1.398271121842082,0.0,0,cyclicDep,161241,smell
logging-log4j2,4f474b32751f4ccad67424ca585612584440cd63,1,2026-01-22T10:08:42.000,173.94644707998725,18.490298708984305,0.0,CONTAINER,PACKAGE,"[org.apache.logging.log4j.core.test.junit, org.apache.logging.log4j.status, org.apache.logging.log4j.core.appender.db.jdbc, org.apache.logging.log4j.core.script, org.apache.logging.log4j.core.async, org.apache.logging.log4j.core.impl, org.apache.logging.log4j.internal, org.apache.logging.log4j.core.lookup, org.apache.logging.log4j.core.appender.db, org.apache.logging.log4j.core.config.plugins.validation.validators, org.apache.logging.log4j.core.config.plugins.convert, org.apache.logging.log4j.core.config.plugins.validation.constraints, org.apache.logging.log4j.core.filter, org.apache.logging.log4j.core.config.plugins.validation, org.apache.logging.log4j.core.test, org.apache.logging.log4j.perf.nogc, org.apache.logging.log4j.core.config.plugins.processor, org.apache.logging.log4j.core.config.plugins.visitors, org.apache.logging.log4j.spi, org.apache.logging.log4j.core.config.plugins, org.apache.logging.log4j.util, org.apache.logging.log4j.message, org.apache.logging.log4j.core.layout, org.apache.logging.log4j.core.config.plugins.util]",54655;54449;55745;55409;55111;54327;55632;55717;54763;54301;55103;54672;54724;55520;54308;55100;55388;54777;55552;54912;55534;55401;54528;55708,0.0,,0.0,0.0,0.0,6.666666666666667,3.391304347826087,144,7.736036095564618E-5,1,7.548632838109016,CIRCLE,24,531,6,1.2801909579781012,1.4493115937500112,0.0,0,cyclicDep,161271,smell
logging-log4j2,4f474b32751f4ccad67424ca585612584440cd63,1,2026-01-22T10:08:42.000,156.40973165494864,18.716833829141102,0.0,CONTAINER,PACKAGE,"[org.apache.logging.log4j.core.test.junit, org.apache.logging.log4j.status, org.apache.logging.log4j.core.appender.db.jdbc, org.apache.logging.log4j.core.script, org.apache.logging.log4j.core.async, org.apache.logging.log4j.core.impl, org.apache.logging.log4j.internal, org.apache.logging.log4j.core.appender.db, org.apache.logging.log4j.core.lookup, org.apache.logging.log4j.core.config.plugins.validation.validators, org.apache.logging.log4j.core.config.plugins.validation.constraints, org.apache.logging.log4j.core.filter, org.apache.logging.log4j.core.config.plugins.validation, org.apache.logging.log4j.core.test, org.apache.logging.log4j.perf.nogc, org.apache.logging.log4j.spi, org.apache.logging.log4j.util, org.apache.logging.log4j.message, org.apache.logging.log4j.core.layout]",54655;54449;55745;55409;55111;54327;55632;55717;54763;54301;55103;54672;54724;55520;54308;55100;55388;54777;55521,0.0,,0.0,0.0,0.0,6.368421052631579,3.0584795321637426,100,8.959810558835034E-5,1,7.641115413643054,CIRCLE,19,419,6,1.2653489768601376,1.2874000379711825,0.0,0,cyclicDep,161299,smell
logging-log4j2,4f474b32751f4ccad67424ca585612584440cd63,1,2026-01-22T10:08:42.000,289.6828269385376,24.831799468270884,0.0,CONTAINER,PACKAGE,"[org.apache.logging.log4j.core.test.junit, org.apache.logging.log4j.status, org.apache.logging.log4j.core.appender.db.jdbc, org.apache.logging.log4j.core, org.apache.logging.log4j.core.test.appender, org.apache.logging.log4j.core.config, org.apache.logging.log4j.core.impl, org.apache.logging.log4j.internal, org.apache.logging.log4j.core.appender, org.apache.logging.log4j.core.config.plugins.validation.validators, org.apache.logging.log4j.core.config.plugins.validation, org.apache.logging.log4j.core.appender.mom, org.apache.logging.log4j.core.test, org.apache.logging.log4j.core.config.plugins.processor, org.apache.logging.log4j, org.apache.logging.log4j.core.appender.rolling.action, org.apache.log4j.or, org.apache.logging.log4j.util, org.apache.logging.log4j.message, org.apache.logging.log4j.core.config.plugins.util, org.apache.logging.log4j.core.util, org.apache.logging.log4j.core.script, org.apache.logging.log4j.core.async, org.apache.log4j.helpers, org.apache.logging.log4j.core.lookup, org.apache.logging.log4j.core.appender.db, org.apache.logging.log4j.core.config.plugins.convert, org.apache.logging.log4j.core.config.plugins.validation.constraints, org.apache.logging.log4j.core.filter, org.apache.logging.log4j.perf.nogc, org.apache.log4j.bridge, org.apache.logging.log4j.core.config.plugins.visitors, org.apache.logging.log4j.spi, org.apache.logging.log4j.core.config.plugins, org.apache.logging.log4j.core.appender.rolling, org.apache.logging.log4j.core.layout, org.apache.log4j, org.apache.log4j.spi]",55613;54655;54449;55745;55409;55111;54327;55632;55717;54763;54301;55103;54672;54724;55520;54308;55100;55388;54777;55552;54912;55534;55401;54528;55082;55743;54910;54437;54597;55138;54626;55122;55202;54664;55462;54440;54843;54683,0.0,,0.0,0.0,0.0,6.184210526315789,3.7610241820768135,404,7.427812100223E-5,1,7.48706924596375,CIRCLE,38,1497,11,1.5018455866716078,1.6516951345022524,0.0,0,cyclicDep,161322,smell
logging-log4j2,4f474b32751f4ccad67424ca585612584440cd63,1,2026-01-22T10:08:42.000,285.0546072513965,25.035982804163204,0.0,CONTAINER,PACKAGE,"[org.apache.logging.log4j.core.test.junit, org.apache.logging.log4j.status, org.apache.logging.log4j.core.appender.db.jdbc, org.apache.logging.log4j.core, org.apache.logging.log4j.core.test.appender, org.apache.logging.log4j.core.config, org.apache.logging.log4j.core.impl, org.apache.logging.log4j.internal, org.apache.logging.log4j.core.appender, org.apache.logging.log4j.core.config.plugins.validation.validators, org.apache.logging.log4j.core.config.plugins.validation, org.apache.logging.log4j.core.appender.mom, org.apache.logging.log4j.core.test, org.apache.logging.log4j.core.config.plugins.processor, org.apache.logging.log4j.core.appender.rolling.action, org.apache.logging.log4j.util, org.apache.logging.log4j.message, org.apache.logging.log4j.core.config.plugins.util, org.apache.logging.log4j.core.script, org.apache.logging.log4j.core.async, org.apache.logging.log4j.core.lookup, org.apache.logging.log4j.core.appender.db, org.apache.logging.log4j.core.config.plugins.convert, org.apache.logging.log4j.core.config.plugins.validation.constraints, org.apache.logging.log4j.core.filter, org.apache.logging.log4j.perf.nogc, org.apache.logging.log4j.core.config.plugins.visitors, org.apache.logging.log4j.spi, org.apache.logging.log4j.core.config.plugins, org.apache.logging.log4j.core.appender.rolling, org.apache.logging.log4j.core.layout]",55613;54655;54449;55745;55409;55111;54327;55632;55717;54763;54301;55103;54672;54724;55520;54308;55100;55388;54777;55552;54912;55534;55401;54528;55082;55743;54910;54437;54597;55138;54929,0.0,,0.0,0.0,0.0,6.645161290322581,3.421505376344086,286,7.24701802594369E-5,1,7.548632838109016,CIRCLE,31,1426,11,1.2061238126348335,1.4198174547489562,0.0,0,cyclicDep,161364,smell
logging-log4j2,4f474b32751f4ccad67424ca585612584440cd63,1,2026-01-22T10:08:42.000,280.9268106616744,25.035982804163204,0.0,CONTAINER,PACKAGE,"[org.apache.logging.log4j.core.test.junit, org.apache.logging.log4j.status, org.apache.logging.log4j.core.appender.db.jdbc, org.apache.logging.log4j.core.test.appender, org.apache.logging.log4j.core.config, org.apache.logging.log4j.core.impl, org.apache.logging.log4j.internal, org.apache.logging.log4j.core.appender, org.apache.logging.log4j.core.config.plugins.validation.validators, org.apache.logging.log4j.core.config.plugins.validation, org.apache.logging.log4j.core.appender.mom, org.apache.logging.log4j.core.test, org.apache.logging.log4j.core.config.plugins.processor, org.apache.logging.log4j.core.appender.rolling.action, org.apache.logging.log4j.util, org.apache.logging.log4j.message, org.apache.logging.log4j.core.config.plugins.util, org.apache.logging.log4j.core.script, org.apache.logging.log4j.core.async, org.apache.logging.log4j.core.lookup, org.apache.logging.log4j.core.appender.db, org.apache.logging.log4j.core.config.plugins.convert, org.apache.logging.log4j.core.config.plugins.validation.constraints, org.apache.logging.log4j.core.filter, org.apache.logging.log4j.perf.nogc, org.apache.logging.log4j.core.config.plugins.visitors, org.apache.logging.log4j.spi, org.apache.logging.log4j.core.config.plugins, org.apache.logging.log4j.core.appender.rolling, org.apache.logging.log4j.core.layout]",55613;54655;54449;55745;55409;55111;54327;55632;55717;54763;54301;55103;54672;54724;55520;54308;55100;55388;54777;55552;54912;55534;55401;54528;55082;55743;54910;54437;54597;55070,0.0,,0.0,0.0,0.0,6.7,3.475862068965517,251,6.99746931051986E-5,1,7.548632838109016,CIRCLE,30,1385,11,1.1874342087037917,1.4129910817365352,0.0,0,cyclicDep,161399,smell
logging-log4j2,4f474b32751f4ccad67424ca585612584440cd63,1,2026-01-22T10:08:42.000,177.99413724857695,18.490298708984305,0.0,CONTAINER,PACKAGE,"[org.apache.logging.log4j.core.test.junit, org.apache.logging.log4j.status, org.apache.logging.log4j.core.appender.db.jdbc, org.apache.logging.log4j.core.test.appender, org.apache.logging.log4j.core.config, org.apache.logging.log4j.core.impl, org.apache.logging.log4j.internal, org.apache.logging.log4j.core.config.plugins.validation.validators, org.apache.logging.log4j.core.config.plugins.validation, org.apache.logging.log4j.core.appender.mom, org.apache.logging.log4j.core.test, org.apache.logging.log4j.core.config.plugins.processor, org.apache.logging.log4j.util, org.apache.logging.log4j.message, org.apache.logging.log4j.core.config.plugins.util, org.apache.logging.log4j.core.script, org.apache.logging.log4j.core.async, org.apache.logging.log4j.core.lookup, org.apache.logging.log4j.core.appender.db, org.apache.logging.log4j.core.config.plugins.convert, org.apache.logging.log4j.core.config.plugins.validation.constraints, org.apache.logging.log4j.core.filter, org.apache.logging.log4j.perf.nogc, org.apache.logging.log4j.core.config.plugins.visitors, org.apache.logging.log4j.spi, org.apache.logging.log4j.core.config.plugins, org.apache.logging.log4j.core.layout]",55613;54655;54449;55745;55409;55111;54327;55632;55717;54763;54301;55103;54672;54724;55520;54308;55100;55388;54777;55552;54912;55534;55401;54528;55082;55743;54569,0.0,,0.0,0.0,0.0,6.666666666666667,3.3732193732193734,197,7.499788930772246E-5,1,7.548632838109016,CIRCLE,27,556,6,1.2171612389003692,1.3734439650363475,0.0,0,cyclicDep,161433,smell
logging-log4j2,4f474b32751f4ccad67424ca585612584440cd63,1,2026-01-22T10:08:42.000,176.38620784409272,18.490298708984305,0.0,CONTAINER,PACKAGE,"[org.apache.logging.log4j.core.test.junit, org.apache.logging.log4j.status, org.apache.logging.log4j.core.appender.db.jdbc, org.apache.logging.log4j.core.test.appender, org.apache.logging.log4j.core.impl, org.apache.logging.log4j.internal, org.apache.logging.log4j.core.config.plugins.validation.validators, org.apache.logging.log4j.core.config.plugins.validation, org.apache.logging.log4j.core.test, org.apache.logging.log4j.core.config.plugins.processor, org.apache.logging.log4j.util, org.apache.logging.log4j.message, org.apache.logging.log4j.core.config.plugins.util, org.apache.logging.log4j.core.script, org.apache.logging.log4j.core.async, org.apache.logging.log4j.core.lookup, org.apache.logging.log4j.core.appender.db, org.apache.logging.log4j.core.config.plugins.convert, org.apache.logging.log4j.core.config.plugins.validation.constraints, org.apache.logging.log4j.core.filter, org.apache.logging.log4j.perf.nogc, org.apache.logging.log4j.core.config.plugins.visitors, org.apache.logging.log4j.spi, org.apache.logging.log4j.core.config.plugins, org.apache.logging.log4j.core.layout]",55613;54655;54449;55745;55409;55111;54327;55632;55717;54763;54301;55103;54672;54724;55520;54308;55100;55388;54777;55552;54912;55534;55401;54528;54812,0.0,,0.0,0.0,0.0,6.68,3.4,153,7.593746902283527E-5,1,7.548632838109016,CIRCLE,25,546,6,1.2560254774486066,1.4189197769195174,0.0,0,cyclicDep,161464,smell
logging-log4j2,4f474b32751f4ccad67424ca585612584440cd63,1,2026-01-22T10:08:42.000,160.8876229238144,19.29879677543404,0.0,CONTAINER,PACKAGE,"[org.apache.logging.log4j.core.test.junit, org.apache.logging.log4j.status, org.apache.logging.log4j.core.appender.db.jdbc, org.apache.logging.log4j.core.script, org.apache.logging.log4j.core.async, org.apache.logging.log4j.core.test.appender, org.apache.logging.log4j.core.impl, org.apache.logging.log4j.internal, org.apache.logging.log4j.core.appender.db, org.apache.logging.log4j.core.lookup, org.apache.logging.log4j.core.config.plugins.validation.validators, org.apache.logging.log4j.core.config.plugins.validation.constraints, org.apache.logging.log4j.core.filter, org.apache.logging.log4j.core.test, org.apache.logging.log4j.perf.nogc, org.apache.logging.log4j.spi, org.apache.logging.log4j.util, org.apache.logging.log4j.message, org.apache.logging.log4j.core.layout]",55613;54655;54449;55745;55409;55111;54327;55632;55717;54763;54301;55103;54672;54724;55520;54308;55100;55388;55466,0.0,,0.0,0.0,0.0,6.315789473684211,2.9707602339181287,103,9.044580248450374E-5,1,7.87870079158046,CIRCLE,19,417,6,1.216233685083299,1.1917204654021951,0.0,0,cyclicDep,161493,smell
logging-log4j2,4f474b32751f4ccad67424ca585612584440cd63,1,2026-01-22T10:08:42.000,104.92609559196498,14.278633050155856,0.0,CONTAINER,PACKAGE,"[org.apache.logging.log4j.core.test.junit, org.apache.logging.log4j.core.appender.db.jdbc, org.apache.logging.log4j.core.script, org.apache.logging.log4j.core.test.appender, org.apache.logging.log4j.internal, org.apache.logging.log4j.core.appender.db, org.apache.logging.log4j.core.lookup, org.apache.logging.log4j.core.filter, org.apache.logging.log4j.core.test, org.apache.logging.log4j.perf.nogc, org.apache.logging.log4j.spi, org.apache.logging.log4j.util, org.apache.logging.log4j.core.layout]",55613;54655;54449;55745;55409;55111;54327;55632;55717;54763;54301;55103;55323,0.0,,0.0,0.0,0.0,6.153846153846154,2.7051282051282053,47,8.066056843792397E-5,1,5.829227532886943,CIRCLE,13,324,6,0.8634593969478326,0.9073626809856665,0.0,0,cyclicDep,161516,smell
logging-log4j2,4f474b32751f4ccad67424ca585612584440cd63,1,2026-01-22T10:08:42.000,85.93792583911451,12.469184835998613,0.0,CONTAINER,PACKAGE,"[org.apache.logging.log4j.core.test.junit, org.apache.logging.log4j.core.test, org.apache.logging.log4j.core.appender.db.jdbc, org.apache.logging.log4j.core.test.appender, org.apache.logging.log4j.core.appender.db, org.apache.logging.log4j.core.lookup, org.apache.logging.log4j.core.layout]",55613;54655;54449;55745;55409;55111;55309,0.0,,0.0,0.0,0.0,6.714285714285714,2.8095238095238093,18,3.3243621777440685E-5,1,5.090523392774358,CIRCLE,7,285,6,0.6998542122237652,0.9060141709733547,0.0,0,cyclicDep,161533,smell
logging-log4j2,4f474b32751f4ccad67424ca585612584440cd63,1,2026-01-22T10:08:42.000,282.24216038529704,25.035982804163204,0.0,CONTAINER,PACKAGE,"[org.apache.logging.log4j.core.test.junit, org.apache.logging.log4j.status, org.apache.logging.log4j.core.appender.db.jdbc, org.apache.logging.log4j.core, org.apache.logging.log4j.core.test.appender, org.apache.logging.log4j.core.config, org.apache.logging.log4j.core.impl, org.apache.logging.log4j.internal, org.apache.logging.log4j.core.appender, org.apache.logging.log4j.core.config.plugins.validation.validators, org.apache.logging.log4j.core.config.plugins.validation, org.apache.logging.log4j.core.appender.mom, org.apache.logging.log4j.core.test, org.apache.logging.log4j.core.config.plugins.processor, org.apache.logging.log4j.core.appender.rolling.action, org.apache.logging.log4j.util, org.apache.logging.log4j.message, org.apache.logging.log4j.core.config.plugins.util, org.apache.logging.log4j.core.util, org.apache.logging.log4j.core.script, org.apache.logging.log4j.core.async, org.apache.logging.log4j.core.lookup, org.apache.logging.log4j.core.appender.db, org.apache.logging.log4j.core.config.plugins.convert, org.apache.logging.log4j.core.config.plugins.validation.constraints, org.apache.logging.log4j.core.filter, org.apache.logging.log4j.perf.nogc, org.apache.logging.log4j.core.config.plugins.visitors, org.apache.logging.log4j.spi, org.apache.logging.log4j.core.config.plugins, org.apache.logging.log4j.core.appender.rolling, org.apache.logging.log4j.core.layout]",55613;54655;54449;55745;55409;55111;54327;55632;55717;54763;54301;55103;54672;54724;55520;54308;55100;55388;54777;55552;54912;55534;55401;54528;55082;55743;54910;54437;54597;55138;54626;54941,0.0,,0.0,0.0,0.0,6.625,3.377016129032258,318,7.410986851353827E-5,1,7.548632838109016,CIRCLE,32,1398,11,1.192424001771182,1.408855907281433,0.0,0,cyclicDep,161544,smell
logging-log4j2,4f474b32751f4ccad67424ca585612584440cd63,1,2026-01-22T10:08:42.000,70.0817905796919,10.09442696872307,0.0,CONTAINER,PACKAGE,"[org.apache.logging.log4j.core.test.junit, org.apache.logging.log4j.core.test, org.apache.logging.log4j.core.appender.db.jdbc, org.apache.logging.log4j.core.appender.db]",54655;54449;55745;55319,0.0,,0.0,0.0,0.0,7.0,2.8333333333333335,7,3.1391025868770245E-5,1,4.514364979194386,CIRCLE,4,241,5,0.7071067811865476,0.8975274678557507,0.0,0,cyclicDep,161580,smell
logging-log4j2,4f474b32751f4ccad67424ca585612584440cd63,1,2026-01-22T10:08:42.000,282.84718178781134,25.035982804163204,0.0,CONTAINER,PACKAGE,"[org.apache.logging.log4j.core.test.junit, org.apache.logging.log4j.status, org.apache.logging.log4j.core.appender.db.jdbc, org.apache.logging.log4j.core, org.apache.logging.log4j.core.config, org.apache.logging.log4j.core.impl, org.apache.logging.log4j.internal, org.apache.logging.log4j.core.appender, org.apache.logging.log4j.core.config.plugins.validation.validators, org.apache.logging.log4j.core.config.plugins.validation, org.apache.logging.log4j.core.appender.mom, org.apache.logging.log4j.core.test, org.apache.logging.log4j.core.config.plugins.processor, org.apache.logging.log4j.core.appender.rolling.action, org.apache.logging.log4j.util, org.apache.logging.log4j.message, org.apache.logging.log4j.core.config.plugins.util, org.apache.logging.log4j.core.util, org.apache.logging.log4j.core.script, org.apache.logging.log4j.core.async, org.apache.logging.log4j.core.lookup, org.apache.logging.log4j.core.appender.db, org.apache.logging.log4j.core.config.plugins.convert, org.apache.logging.log4j.core.config.plugins.validation.constraints, org.apache.logging.log4j.core.filter, org.apache.logging.log4j.perf.nogc, org.apache.logging.log4j.core.config.plugins.visitors, org.apache.logging.log4j.spi, org.apache.logging.log4j.core.config.plugins, org.apache.logging.log4j.core.appender.rolling, org.apache.logging.log4j.core.layout]",54655;54449;55745;55409;55111;54327;55632;55717;54763;54301;55103;54672;54724;55520;54308;55100;55388;54777;55552;54912;55534;55401;54528;55082;55743;54910;54437;54597;55138;54626;55317,0.0,,0.0,0.0,0.0,6.612903225806452,3.3741935483870966,301,7.515250741283392E-5,1,7.548632838109016,CIRCLE,31,1404,11,1.209569887693721,1.4315119629864888,0.0,0,cyclicDep,161588,smell
logging-log4j2,4f474b32751f4ccad67424ca585612584440cd63,1,2026-01-22T10:08:42.000,108.89895718935215,14.278633050155856,0.0,CONTAINER,PACKAGE,"[org.apache.logging.log4j.core.test.junit, org.apache.logging.log4j.core.appender.db.jdbc, org.apache.logging.log4j.core.script, org.apache.logging.log4j.core.async, org.apache.logging.log4j.core.impl, org.apache.logging.log4j.internal, org.apache.logging.log4j.core.appender.db, org.apache.logging.log4j.core.lookup, org.apache.logging.log4j.core.filter, org.apache.logging.log4j.core.test, org.apache.logging.log4j.perf.nogc, org.apache.logging.log4j.spi, org.apache.logging.log4j.util, org.apache.logging.log4j.message, org.apache.logging.log4j.core.layout]",54655;54449;55745;55409;55111;54327;55632;55717;54763;54301;55103;54672;54724;55520;55648,0.0,,0.0,0.0,0.0,6.0,2.5047619047619047,70,9.106391940750753E-5,1,5.829227532886943,CIRCLE,15,349,6,0.816496580927726,0.806211711812126,0.0,0,cyclicDep,161623,smell
logging-log4j2,4f474b32751f4ccad67424ca585612584440cd63,1,2026-01-22T10:08:42.000,125.58524709987533,15.419586002858471,0.0,CONTAINER,PACKAGE,"[org.apache.logging.log4j.core.test.junit, org.apache.logging.log4j.status, org.apache.logging.log4j.core.appender.db.jdbc, org.apache.logging.log4j.core.script, org.apache.logging.log4j.core.async, org.apache.logging.log4j.core.impl, org.apache.logging.log4j.internal, org.apache.logging.log4j.core.appender.db, org.apache.logging.log4j.core.lookup, org.apache.logging.log4j.core.filter, org.apache.logging.log4j.core.test, org.apache.logging.log4j.perf.nogc, org.apache.logging.log4j.spi, org.apache.logging.log4j.util, org.apache.logging.log4j.message, org.apache.logging.log4j.core.layout]",54655;54449;55745;55409;55111;54327;55632;55717;54763;54301;55103;54672;54724;55520;54308;55786,0.0,,0.0,0.0,0.0,5.9375,2.475,87,1.0203968575884408E-4,1,6.295019625327482,CIRCLE,16,398,6,0.8267972847076845,0.7954296532901783,0.0,0,cyclicDep,161642,smell
logging-log4j2,4f474b32751f4ccad67424ca585612584440cd63,1,2026-01-22T10:08:42.000,104.0474324339599,14.545806471875428,0.0,CONTAINER,PACKAGE,"[org.apache.logging.log4j.core.test.junit, org.apache.logging.log4j.core.test, org.apache.logging.log4j.core.appender.db.jdbc, org.apache.logging.log4j.perf.nogc, org.apache.logging.log4j.spi, org.apache.logging.log4j.internal, org.apache.logging.log4j.core.appender.db, org.apache.logging.log4j.util, org.apache.logging.log4j.core.lookup, org.apache.logging.log4j.core.layout]",54655;54449;55745;55409;55111;54327;55632;55717;54763;55320,0.0,,0.0,0.0,0.0,6.1,2.7333333333333334,34,9.623551989035253E-5,1,5.938300625561339,CIRCLE,10,307,6,0.9433981132056604,0.9285592184789413,0.0,0,cyclicDep,161662,smell
logging-log4j2,4f474b32751f4ccad67424ca585612584440cd63,1,2026-01-22T10:08:42.000,271.5410169672413,19.97180522817215,0.0,CONTAINER,PACKAGE,"[org.apache.logging.log4j.core.test.junit, org.apache.logging.log4j.status, org.apache.logging.log4j.core.appender.db.jdbc, org.apache.logging.log4j.core, org.apache.logging.log4j.core.config, org.apache.logging.log4j.core.impl, org.apache.logging.log4j.internal, org.apache.logging.log4j.core.appender, org.apache.logging.log4j.core.config.plugins.validation.validators, org.apache.logging.log4j.core.config.plugins.validation, org.apache.logging.log4j.core.appender.mom, org.apache.logging.log4j.core.config.plugins.processor, org.apache.logging.log4j.core.appender.rolling.action, org.apache.logging.log4j.util, org.apache.logging.log4j.message, org.apache.logging.log4j.core.config.plugins.util, org.apache.logging.log4j.core.util, org.apache.logging.log4j.core.script, org.apache.logging.log4j.core.async, org.apache.logging.log4j.core.lookup, org.apache.logging.log4j.core.appender.db, org.apache.logging.log4j.core.config.plugins.convert, org.apache.logging.log4j.core.config.plugins.validation.constraints, org.apache.logging.log4j.core.filter, org.apache.logging.log4j.perf.nogc, org.apache.logging.log4j.core.config.plugins.visitors, org.apache.logging.log4j.spi, org.apache.logging.log4j.core.config.plugins, org.apache.logging.log4j.core.appender.rolling, org.apache.logging.log4j.core.layout]",54449;55745;55409;55111;54327;55632;55717;54763;54301;55103;54672;54724;55520;54308;55100;55388;54777;55552;54912;55534;55401;54528;55082;55743;54910;54437;54597;55138;54626;55690,0.0,,0.0,0.0,0.0,6.633333333333334,3.43448275862069,279,7.661435119341827E-5,1,7.548632838109016,CIRCLE,30,1294,7,1.2242911781471306,1.4358967390119086,0.0,0,cyclicDep,161682,smell
logging-log4j2,4f474b32751f4ccad67424ca585612584440cd63,1,2026-01-22T10:08:42.000,70.50956433757041,6.981487188520108,0.0,CONTAINER,PACKAGE,"[org.apache.logging.log4j.core.test.junit, org.apache.logging.log4j.core.appender.db.jdbc, org.apache.logging.log4j.perf.nogc, org.apache.logging.log4j.spi, org.apache.logging.log4j.core.appender.db, org.apache.logging.log4j.core.lookup, org.apache.logging.log4j.core.layout]",54449;55745;55409;55111;54327;55632;54634,0.0,,0.0,0.0,0.0,6.428571428571429,3.0952380952380953,17,6.543177056472535E-5,1,4.936656933769573,CIRCLE,7,204,2,0.9035079029052513,0.9712418121129114,0.0,0,cyclicDep,161716,smell
logging-log4j2,4f474b32751f4ccad67424ca585612584440cd63,1,2026-01-22T10:08:42.000,100.6280691546341,10.096518255839563,0.0,CONTAINER,PACKAGE,"[org.apache.logging.log4j.core.test.junit, org.apache.logging.log4j.status, org.apache.logging.log4j.core.appender.db.jdbc, org.apache.logging.log4j.core.script, org.apache.logging.log4j.core.async, org.apache.logging.log4j.core.impl, org.apache.logging.log4j.internal, org.apache.logging.log4j.core.appender.db, org.apache.logging.log4j.core.lookup, org.apache.logging.log4j.core.filter, org.apache.logging.log4j.perf.nogc, org.apache.logging.log4j.spi, org.apache.logging.log4j.util, org.apache.logging.log4j.message, org.apache.logging.log4j.core.layout]",54449;55745;55409;55111;54327;55632;55717;54763;54301;55103;54672;54724;55520;54308;55803,0.0,,0.0,0.0,0.0,5.933333333333334,2.5238095238095237,77,1.0675585187641346E-4,1,5.829227532886943,CIRCLE,15,298,3,0.8537498983243798,0.8291732898925301,0.0,0,cyclicDep,161727,smell
logging-log4j2,4f474b32751f4ccad67424ca585612584440cd63,1,2026-01-22T10:08:42.000,98.25444189730966,9.61156368567307,0.0,CONTAINER,PACKAGE,"[org.apache.logging.log4j.core.test.junit, org.apache.logging.log4j.core.appender.db.jdbc, org.apache.logging.log4j.perf.nogc, org.apache.logging.log4j.spi, org.apache.logging.log4j.internal, org.apache.logging.log4j.core.appender.db, org.apache.logging.log4j.util, org.apache.logging.log4j.core.lookup, org.apache.logging.log4j.core.layout]",54449;55745;55409;55111;54327;55632;55717;54763;55716,0.0,,0.0,0.0,0.0,6.111111111111111,2.861111111111111,28,1.034508894342469E-4,1,6.796401859945793,CIRCLE,9,209,2,0.9938079899999066,0.97618241060031,0.0,0,cyclicDep,161746,smell
logging-log4j2,4f474b32751f4ccad67424ca585612584440cd63,1,2026-01-22T10:08:42.000,149.4553051184015,7.548632838109016,0.0,CONTAINER,PACKAGE,"[org.apache.logging.log4j.core.test.junit, org.apache.logging.log4j.status, org.apache.logging.log4j.core.appender.db.jdbc, org.apache.logging.log4j.core.script, org.apache.logging.log4j.core.async, org.apache.logging.log4j.core.config, org.apache.logging.log4j.core.impl, org.apache.logging.log4j.internal, org.apache.logging.log4j.core.lookup, org.apache.logging.log4j.core.config.plugins.validation.validators, org.apache.logging.log4j.core.config.plugins.convert, org.apache.logging.log4j.core.config.plugins.validation.constraints, org.apache.logging.log4j.core.filter, org.apache.logging.log4j.core.config.plugins.validation, org.apache.logging.log4j.core.appender.mom, org.apache.logging.log4j.perf.nogc, org.apache.logging.log4j.core.config.plugins.processor, org.apache.logging.log4j.core.config.plugins.visitors, org.apache.logging.log4j.spi, org.apache.logging.log4j.core.config.plugins, org.apache.logging.log4j.util, org.apache.logging.log4j.message, org.apache.logging.log4j.core.layout, org.apache.logging.log4j.core.config.plugins.util]",55745;55409;55111;54327;55632;55717;54763;54301;55103;54672;54724;55520;54308;55100;55388;54777;55552;54912;55534;55401;54528;55082;55743;54421,0.0,,0.0,0.0,0.0,6.666666666666667,3.398550724637681,160,8.078798133278386E-5,1,7.548632838109016,CIRCLE,24,392,1,1.2801909579781012,1.4597987506346712,0.0,0,cyclicDep,161759,smell
logging-log4j2,4f474b32751f4ccad67424ca585612584440cd63,1,2026-01-22T10:08:42.000,140.20963203353517,7.548632838109016,0.0,CONTAINER,PACKAGE,"[org.apache.logging.log4j.core.test.junit, org.apache.logging.log4j.status, org.apache.logging.log4j.core.appender.db.jdbc, org.apache.logging.log4j.core.script, org.apache.logging.log4j.core.async, org.apache.logging.log4j.core.impl, org.apache.logging.log4j.internal, org.apache.logging.log4j.core.lookup, org.apache.logging.log4j.core.config.plugins.validation.validators, org.apache.logging.log4j.core.config.plugins.convert, org.apache.logging.log4j.core.config.plugins.validation.constraints, org.apache.logging.log4j.core.filter, org.apache.logging.log4j.core.config.plugins.validation, org.apache.logging.log4j.perf.nogc, org.apache.logging.log4j.core.config.plugins.processor, org.apache.logging.log4j.core.config.plugins.visitors, org.apache.logging.log4j.spi, org.apache.logging.log4j.core.config.plugins, org.apache.logging.log4j.util, org.apache.logging.log4j.message, org.apache.logging.log4j.core.layout, org.apache.logging.log4j.core.config.plugins.util]",55745;55409;55111;54327;55632;55717;54763;54301;55103;54672;54724;55520;54308;55100;55388;54777;55552;54912;55534;55401;54528;54321,0.0,,0.0,0.0,0.0,6.681818181818182,3.4285714285714284,122,8.238205755678127E-5,1,7.548632838109016,CIRCLE,22,345,1,1.3275528969554757,1.5240800625642184,0.0,0,cyclicDep,161787,smell
logging-log4j2,4f474b32751f4ccad67424ca585612584440cd63,1,2026-01-22T10:08:42.000,125.89268941324812,7.444190781445716,0.0,CONTAINER,PACKAGE,"[org.apache.logging.log4j.core.test.junit, org.apache.logging.log4j.status, org.apache.logging.log4j.core.appender.db.jdbc, org.apache.logging.log4j.core.script, org.apache.logging.log4j.core.async, org.apache.logging.log4j.core.impl, org.apache.logging.log4j.internal, org.apache.logging.log4j.core.lookup, org.apache.logging.log4j.core.config.plugins.validation.validators, org.apache.logging.log4j.core.config.plugins.convert, org.apache.logging.log4j.core.config.plugins.validation.constraints, org.apache.logging.log4j.core.filter, org.apache.logging.log4j.core.config.plugins.validation, org.apache.logging.log4j.perf.nogc, org.apache.logging.log4j.core.config.plugins.processor, org.apache.logging.log4j.spi, org.apache.logging.log4j.util, org.apache.logging.log4j.message, org.apache.logging.log4j.core.layout, org.apache.logging.log4j.core.config.plugins.util]",55745;55409;55111;54327;55632;55717;54763;54301;55103;54672;54724;55520;54308;55100;55388;54777;55552;54912;55534;55634,0.0,,0.0,0.0,0.0,6.6,3.305263157894737,101,8.563365706534617E-5,1,7.444190781445716,CIRCLE,20,286,1,1.3564659966250536,1.4978840107616112,0.0,0,cyclicDep,161813,smell
logging-log4j2,4f474b32751f4ccad67424ca585612584440cd63,1,2026-01-22T10:08:42.000,95.79961831503448,7.140481959031699,0.0,CONTAINER,PACKAGE,"[org.apache.logging.log4j.core.test.junit, org.apache.logging.log4j.status, org.apache.logging.log4j.core.appender.db.jdbc, org.apache.logging.log4j.core.script, org.apache.logging.log4j.core.async, org.apache.logging.log4j.core.impl, org.apache.logging.log4j.internal, org.apache.logging.log4j.core.lookup, org.apache.logging.log4j.core.config.plugins.validation.validators, org.apache.logging.log4j.core.config.plugins.validation.constraints, org.apache.logging.log4j.core.filter, org.apache.logging.log4j.perf.nogc, org.apache.logging.log4j.spi, org.apache.logging.log4j.util, org.apache.logging.log4j.message, org.apache.logging.log4j.core.layout]",55745;55409;55111;54327;55632;55717;54763;54301;55103;54672;54724;55520;54308;55100;55388;54583,0.0,,0.0,0.0,0.0,6.25,2.8666666666666667,79,1.020274242427423E-4,1,7.140481959031699,CIRCLE,16,180,1,1.299038105676658,1.2242911781471306,0.0,0,cyclicDep,161837,smell
logging-log4j2,4f474b32751f4ccad67424ca585612584440cd63,1,2026-01-22T10:08:42.000,270.98640135798627,18.339499321495587,0.0,CONTAINER,PACKAGE,"[org.apache.logging.log4j.core.test.junit, org.apache.logging.log4j.status, org.apache.logging.log4j.core.appender.db.jdbc, org.apache.logging.log4j.core, org.apache.logging.log4j.core.config, org.apache.logging.log4j.core.impl, org.apache.logging.log4j.internal, org.apache.logging.log4j.core.appender, org.apache.logging.log4j.core.config.plugins.validation.validators, org.apache.logging.log4j.core.config.plugins.validation, org.apache.logging.log4j.core.appender.mom, org.apache.logging.log4j.core.config.properties, org.apache.logging.log4j.core.config.plugins.processor, org.apache.logging.log4j, org.apache.logging.log4j.core.appender.rolling.action, org.apache.log4j.or, org.apache.logging.log4j.util, org.apache.logging.log4j.message, org.apache.logging.log4j.core.config.plugins.util, org.apache.logging.log4j.core.util, org.apache.logging.log4j.core.script, org.apache.logging.log4j.core.async, org.apache.log4j.helpers, org.apache.logging.log4j.core.lookup, org.apache.logging.log4j.core.config.plugins.convert, org.apache.logging.log4j.core.config.plugins.validation.constraints, org.apache.logging.log4j.core.filter, org.apache.logging.log4j.perf.nogc, org.apache.log4j.bridge, org.apache.logging.log4j.core.config.plugins.visitors, org.apache.logging.log4j.spi, org.apache.logging.log4j.core.config.plugins, org.apache.logging.log4j.core.appender.rolling, org.apache.logging.log4j.core.layout, org.apache.log4j, org.apache.log4j.spi]",55491;55745;55409;55111;54327;55632;55717;54763;54301;55103;54672;54724;55520;54308;55100;55388;54777;55552;54912;55534;55401;54528;55082;55743;54910;54437;54597;55138;54626;55122;55202;54664;55462;54440;54843;55017,0.0,,0.0,0.0,0.0,6.166666666666667,3.8523809523809525,360,7.638429993066404E-5,1,7.48706924596375,CIRCLE,36,1310,6,1.536590742882148,1.664413442881166,0.0,0,cyclicDep,161857,smell
logging-log4j2,4f474b32751f4ccad67424ca585612584440cd63,1,2026-01-22T10:08:42.000,268.2686830514172,18.490298708984305,0.0,CONTAINER,PACKAGE,"[org.apache.logging.log4j.core.test.junit, org.apache.logging.log4j.status, org.apache.logging.log4j.core.appender.db.jdbc, org.apache.logging.log4j.core, org.apache.logging.log4j.core.config, org.apache.logging.log4j.core.impl, org.apache.logging.log4j.internal, org.apache.logging.log4j.core.appender, org.apache.logging.log4j.core.config.plugins.validation.validators, org.apache.logging.log4j.core.config.plugins.validation, org.apache.logging.log4j.core.appender.mom, org.apache.logging.log4j.core.config.properties, org.apache.logging.log4j.core.config.plugins.processor, org.apache.logging.log4j.core.appender.rolling.action, org.apache.logging.log4j.util, org.apache.logging.log4j.message, org.apache.logging.log4j.core.config.plugins.util, org.apache.logging.log4j.core.script, org.apache.logging.log4j.core.async, org.apache.logging.log4j.core.lookup, org.apache.logging.log4j.core.config.plugins.convert, org.apache.logging.log4j.core.config.plugins.validation.constraints, org.apache.logging.log4j.core.filter, org.apache.logging.log4j.perf.nogc, org.apache.logging.log4j.core.config.plugins.visitors, org.apache.logging.log4j.spi, org.apache.logging.log4j.core.config.plugins, org.apache.logging.log4j.core.appender.rolling, org.apache.logging.log4j.core.layout]",55491;55745;55409;55111;54327;55632;55717;54763;54301;55103;54672;54724;55520;54308;55100;55388;54777;55552;54912;55534;55401;54528;55082;55743;54910;54437;54597;55138;54576,0.0,,0.0,0.0,0.0,6.655172413793103,3.5295566502463056,249,7.496006163661067E-5,1,7.548632838109016,CIRCLE,29,1263,6,1.23946212107665,1.4496010324205382,0.0,0,cyclicDep,161897,smell
logging-log4j2,4f474b32751f4ccad67424ca585612584440cd63,1,2026-01-22T10:08:42.000,155.25245832996143,7.548632838109016,0.0,CONTAINER,PACKAGE,"[org.apache.logging.log4j.core.test.junit, org.apache.logging.log4j.status, org.apache.logging.log4j.core.appender.db.jdbc, org.apache.logging.log4j.core.config, org.apache.logging.log4j.core.impl, org.apache.logging.log4j.internal, org.apache.logging.log4j.core.config.plugins.validation.validators, org.apache.logging.log4j.core.config.plugins.validation, org.apache.logging.log4j.core.appender.mom, org.apache.logging.log4j.core.config.properties, org.apache.logging.log4j.core.config.plugins.processor, org.apache.logging.log4j.util, org.apache.logging.log4j.message, org.apache.logging.log4j.core.config.plugins.util, org.apache.logging.log4j.core.script, org.apache.logging.log4j.core.async, org.apache.logging.log4j.core.lookup, org.apache.logging.log4j.core.config.plugins.convert, org.apache.logging.log4j.core.config.plugins.validation.constraints, org.apache.logging.log4j.core.filter, org.apache.logging.log4j.perf.nogc, org.apache.logging.log4j.core.config.plugins.visitors, org.apache.logging.log4j.spi, org.apache.logging.log4j.core.config.plugins, org.apache.logging.log4j.core.layout]",55491;55745;55409;55111;54327;55632;55717;54763;54301;55103;54672;54724;55520;54308;55100;55388;54777;55552;54912;55534;55401;54528;55082;55743;54536,0.0,,0.0,0.0,0.0,6.68,3.466666666666667,168,7.808836842910689E-5,1,7.548632838109016,CIRCLE,25,423,1,1.2560254774486066,1.4499042113954363,0.0,0,cyclicDep,161930,smell
logging-log4j2,4f474b32751f4ccad67424ca585612584440cd63,1,2026-01-22T10:08:42.000,275.19435706896263,18.339499321495587,0.0,CONTAINER,PACKAGE,"[org.apache.logging.log4j.core.test.junit, org.apache.logging.log4j.status, org.apache.logging.log4j.core.appender.db.jdbc, org.apache.logging.log4j.core.config.builder.api, org.apache.logging.log4j.core, org.apache.logging.log4j.core.config, org.apache.logging.log4j.core.impl, org.apache.logging.log4j.internal, org.apache.logging.log4j.core.appender, org.apache.logging.log4j.core.config.plugins.validation.validators, org.apache.logging.log4j.core.config.plugins.validation, org.apache.logging.log4j.core.appender.mom, org.apache.logging.log4j.core.config.properties, org.apache.logging.log4j.core.config.plugins.processor, org.apache.logging.log4j, org.apache.logging.log4j.core.appender.rolling.action, org.apache.log4j.or, org.apache.logging.log4j.util, org.apache.logging.log4j.message, org.apache.logging.log4j.core.config.plugins.util, org.apache.logging.log4j.core.util, org.apache.logging.log4j.core.script, org.apache.logging.log4j.core.async, org.apache.log4j.helpers, org.apache.logging.log4j.core.lookup, org.apache.logging.log4j.core.config.plugins.convert, org.apache.logging.log4j.core.config.plugins.validation.constraints, org.apache.logging.log4j.core.filter, org.apache.logging.log4j.perf.nogc, org.apache.log4j.bridge, org.apache.logging.log4j.core.config.plugins.visitors, org.apache.logging.log4j.spi, org.apache.logging.log4j.core.config.plugins, org.apache.logging.log4j.core.appender.rolling, org.apache.logging.log4j.core.layout, org.apache.log4j, org.apache.log4j.spi]",54471;55491;55745;55409;55111;54327;55632;55717;54763;54301;55103;54672;54724;55520;54308;55100;55388;54777;55552;54912;55534;55401;54528;55082;55743;54910;54437;54597;55138;54626;55122;55202;54664;55462;54440;54843;55106,0.0,,0.0,0.0,0.0,6.216216216216216,3.839339339339339,369,7.492466304260836E-5,1,7.48706924596375,CIRCLE,37,1351,6,1.5445656283491402,1.6584524196950468,0.0,0,cyclicDep,161959,smell
logging-log4j2,4f474b32751f4ccad67424ca585612584440cd63,1,2026-01-22T10:08:42.000,263.0132606497958,18.490298708984305,0.0,CONTAINER,PACKAGE,"[org.apache.logging.log4j.core.test.junit, org.apache.logging.log4j.status, org.apache.logging.log4j.core.appender.db.jdbc, org.apache.logging.log4j.core.config.builder.api, org.apache.logging.log4j.core, org.apache.logging.log4j.core.config, org.apache.logging.log4j.core.impl, org.apache.logging.log4j.internal, org.apache.logging.log4j.core.appender, org.apache.logging.log4j.core.config.plugins.validation.validators, org.apache.logging.log4j.core.config.plugins.validation, org.apache.logging.log4j.core.appender.mom, org.apache.logging.log4j.core.config.properties, org.apache.logging.log4j.core.config.plugins.processor, org.apache.logging.log4j.core.appender.rolling.action, org.apache.logging.log4j.util, org.apache.logging.log4j.message, org.apache.logging.log4j.core.config.plugins.util, org.apache.logging.log4j.core.script, org.apache.logging.log4j.core.async, org.apache.logging.log4j.core.lookup, org.apache.logging.log4j.core.config.plugins.convert, org.apache.logging.log4j.core.config.plugins.validation.constraints, org.apache.logging.log4j.core.filter, org.apache.logging.log4j.perf.nogc, org.apache.logging.log4j.core.config.plugins.visitors, org.apache.logging.log4j.spi, org.apache.logging.log4j.core.config.plugins, org.apache.logging.log4j.core.appender.rolling, org.apache.logging.log4j.core.layout]",54471;55491;55745;55409;55111;54327;55632;55717;54763;54301;55103;54672;54724;55520;54308;55100;55388;54777;55552;54912;55534;55401;54528;55082;55743;54910;54437;54597;55138;55083,0.0,,0.0,0.0,0.0,6.7,3.5011494252873563,256,7.320731741781043E-5,1,7.548632838109016,CIRCLE,30,1214,6,1.2423096769056148,1.4245381790773792,0.0,0,cyclicDep,162000,smell
logging-log4j2,4f474b32751f4ccad67424ca585612584440cd63,1,2026-01-22T10:08:42.000,154.51666054700408,10.675378937028679,0.0,CONTAINER,PACKAGE,"[org.apache.logging.log4j.core.test.junit, org.apache.logging.log4j.status, org.apache.logging.log4j.core.appender.db.jdbc, org.apache.logging.log4j.core.config.builder.api, org.apache.logging.log4j.core.config, org.apache.logging.log4j.core.impl, org.apache.logging.log4j.internal, org.apache.logging.log4j.core.config.plugins.validation.validators, org.apache.logging.log4j.core.config.plugins.validation, org.apache.logging.log4j.core.appender.mom, org.apache.logging.log4j.core.config.properties, org.apache.logging.log4j.core.config.plugins.processor, org.apache.logging.log4j.util, org.apache.logging.log4j.message, org.apache.logging.log4j.core.config.plugins.util, org.apache.logging.log4j.core.script, org.apache.logging.log4j.core.async, org.apache.logging.log4j.core.lookup, org.apache.logging.log4j.core.config.plugins.convert, org.apache.logging.log4j.core.config.plugins.validation.constraints, org.apache.logging.log4j.core.filter, org.apache.logging.log4j.perf.nogc, org.apache.logging.log4j.core.config.plugins.visitors, org.apache.logging.log4j.spi, org.apache.logging.log4j.core.config.plugins, org.apache.logging.log4j.core.layout]",54471;55491;55745;55409;55111;54327;55632;55717;54763;54301;55103;54672;54724;55520;54308;55100;55388;54777;55552;54912;55534;55401;54528;55082;55743;55585,0.0,,0.0,0.0,0.0,6.730769230769231,3.433846153846154,171,7.594565176154907E-5,1,7.548632838109016,CIRCLE,26,419,2,1.2575217480209089,1.4183714304768336,0.0,0,cyclicDep,162034,smell
logging-log4j2,4f474b32751f4ccad67424ca585612584440cd63,1,2026-01-22T10:08:42.000,278.0314872952841,18.339499321495587,0.0,CONTAINER,PACKAGE,"[org.apache.logging.log4j.core.test.junit, org.apache.logging.log4j.status, org.apache.logging.log4j.core.appender.db.jdbc, org.apache.logging.log4j.core.config.builder.api, org.apache.logging.log4j.core, org.apache.logging.log4j.core.config, org.apache.logging.log4j.core.impl, org.apache.logging.log4j.internal, org.apache.logging.log4j.core.appender, org.apache.logging.log4j.core.config.plugins.validation.validators, org.apache.logging.log4j.core.config.plugins.validation, org.apache.logging.log4j.core.appender.mom, org.apache.logging.log4j.core.config.properties, org.apache.logging.log4j.core.config.plugins.processor, org.apache.logging.log4j, org.apache.logging.log4j.core.config.builder.impl, org.apache.logging.log4j.core.appender.rolling.action, org.apache.log4j.or, org.apache.logging.log4j.util, org.apache.logging.log4j.message, org.apache.logging.log4j.core.config.plugins.util, org.apache.logging.log4j.core.util, org.apache.logging.log4j.core.script, org.apache.logging.log4j.core.async, org.apache.log4j.helpers, org.apache.logging.log4j.core.lookup, org.apache.logging.log4j.core.config.plugins.convert, org.apache.logging.log4j.core.config.plugins.validation.constraints, org.apache.logging.log4j.core.filter, org.apache.logging.log4j.perf.nogc, org.apache.log4j.bridge, org.apache.logging.log4j.core.config.plugins.visitors, org.apache.logging.log4j.spi, org.apache.logging.log4j.core.config.plugins, org.apache.logging.log4j.core.appender.rolling, org.apache.logging.log4j.core.layout, org.apache.log4j, org.apache.log4j.spi]",54622;54471;55491;55745;55409;55111;54327;55632;55717;54763;54301;55103;54672;54724;55520;54308;55100;55388;54777;55552;54912;55534;55401;54528;55082;55743;54910;54437;54597;55138;54626;55122;55202;54664;55462;54440;54843;55455,0.0,,0.0,0.0,0.0,6.2631578947368425,3.8307254623044096,382,7.355438995515087E-5,1,7.48706924596375,CIRCLE,38,1379,6,1.5506231434374984,1.6624273714396793,0.0,0,cyclicDep,162064,smell
logging-log4j2,4f474b32751f4ccad67424ca585612584440cd63,1,2026-01-22T10:08:42.000,264.95593731162137,18.490298708984305,0.0,CONTAINER,PACKAGE,"[org.apache.logging.log4j.core.test.junit, org.apache.logging.log4j.status, org.apache.logging.log4j.core.appender.db.jdbc, org.apache.logging.log4j.core.config.builder.api, org.apache.logging.log4j.core, org.apache.logging.log4j.core.config, org.apache.logging.log4j.core.impl, org.apache.logging.log4j.internal, org.apache.logging.log4j.core.appender, org.apache.logging.log4j.core.config.plugins.validation.validators, org.apache.logging.log4j.core.config.plugins.validation, org.apache.logging.log4j.core.appender.mom, org.apache.logging.log4j.core.config.properties, org.apache.logging.log4j.core.config.plugins.processor, org.apache.logging.log4j.core.config.builder.impl, org.apache.logging.log4j.core.appender.rolling.action, org.apache.logging.log4j.util, org.apache.logging.log4j.message, org.apache.logging.log4j.core.config.plugins.util, org.apache.logging.log4j.core.script, org.apache.logging.log4j.core.async, org.apache.logging.log4j.core.lookup, org.apache.logging.log4j.core.config.plugins.convert, org.apache.logging.log4j.core.config.plugins.validation.constraints, org.apache.logging.log4j.core.filter, org.apache.logging.log4j.perf.nogc, org.apache.logging.log4j.core.config.plugins.visitors, org.apache.logging.log4j.spi, org.apache.logging.log4j.core.config.plugins, org.apache.logging.log4j.core.appender.rolling, org.apache.logging.log4j.core.layout]",54622;54471;55491;55745;55409;55111;54327;55632;55717;54763;54301;55103;54672;54724;55520;54308;55100;55388;54777;55552;54912;55534;55401;54528;55082;55743;54910;54437;54597;55138;54921,0.0,,0.0,0.0,0.0,6.741935483870968,3.470967741935484,267,7.158302607269473E-5,1,7.548632838109016,CIRCLE,31,1232,6,1.2435055011223473,1.4049513553099888,0.0,0,cyclicDep,162106,smell
logging-log4j2,4f474b32751f4ccad67424ca585612584440cd63,1,2026-01-22T10:08:42.000,167.60684907907805,10.675378937028679,0.0,CONTAINER,PACKAGE,"[org.apache.logging.log4j.core.test.junit, org.apache.logging.log4j.status, org.apache.logging.log4j.core.appender.db.jdbc, org.apache.logging.log4j.core.config.builder.api, org.apache.logging.log4j.core.config, org.apache.logging.log4j.core.impl, org.apache.logging.log4j.internal, org.apache.logging.log4j.core.config.plugins.validation.validators, org.apache.logging.log4j.core.config.plugins.validation, org.apache.logging.log4j.core.appender.mom, org.apache.logging.log4j.core.config.properties, org.apache.logging.log4j.core.config.plugins.processor, org.apache.logging.log4j.core.config.builder.impl, org.apache.logging.log4j.util, org.apache.logging.log4j.message, org.apache.logging.log4j.core.config.plugins.util, org.apache.logging.log4j.core.script, org.apache.logging.log4j.core.async, org.apache.logging.log4j.core.lookup, org.apache.logging.log4j.core.config.plugins.convert, org.apache.logging.log4j.core.config.plugins.validation.constraints, org.apache.logging.log4j.core.filter, org.apache.logging.log4j.perf.nogc, org.apache.logging.log4j.core.config.plugins.visitors, org.apache.logging.log4j.spi, org.apache.logging.log4j.core.config.plugins, org.apache.logging.log4j.core.layout]",54622;54471;55491;55745;55409;55111;54327;55632;55717;54763;54301;55103;54672;54724;55520;54308;55100;55388;54777;55552;54912;55534;55401;54528;55082;55743;54325,0.0,,0.0,0.0,0.0,6.777777777777778,3.398860398860399,178,7.397930487109257E-5,1,7.548632838109016,CIRCLE,27,493,2,1.2570787221094177,1.394085537112062,0.0,0,cyclicDep,162141,smell
logging-log4j2,4f474b32751f4ccad67424ca585612584440cd63,1,2026-01-22T10:08:42.000,75.36572801403986,9.896004905399634,0.0,CONTAINER,PACKAGE,"[org.apache.logging.log4j.core.config.builder.api, org.apache.logging.log4j.core.config.builder.impl]",54622;54379,0.0,,0.0,0.0,0.0,8.0,1.0,2,2.261601039591354E-5,1,4.0400270850514035,TINY,2,348,6,0.0,0.0,0.0,0,cyclicDep,162172,smell
logging-log4j2,4f474b32751f4ccad67424ca585612584440cd63,1,2026-01-22T10:08:42.000,145.53701512696185,10.6856638151387,0.0,CONTAINER,PACKAGE,"[org.apache.logging.log4j.core.test.junit, org.apache.logging.log4j.status, org.apache.logging.log4j.core.appender.db.jdbc, org.apache.logging.log4j.core.config.builder.api, org.apache.logging.log4j.core.script, org.apache.logging.log4j.core.async, org.apache.logging.log4j.core.impl, org.apache.logging.log4j.internal, org.apache.logging.log4j.core.lookup, org.apache.logging.log4j.core.config.plugins.validation.validators, org.apache.logging.log4j.core.config.plugins.validation.constraints, org.apache.logging.log4j.core.filter, org.apache.logging.log4j.core.config.plugins.validation, org.apache.logging.log4j.perf.nogc, org.apache.logging.log4j.core.config.properties, org.apache.logging.log4j.core.config.plugins.processor, org.apache.logging.log4j.core.config.builder.impl, org.apache.logging.log4j.spi, org.apache.logging.log4j.util, org.apache.logging.log4j.message, org.apache.logging.log4j.core.layout, org.apache.logging.log4j.core.config.plugins.util]",54622;54471;55491;55745;55409;55111;54327;55632;55717;54763;54301;55103;54672;54724;55520;54308;55100;55388;54777;55552;54912;54591,0.0,,0.0,0.0,0.0,6.681818181818182,3.2683982683982684,105,7.983681807759267E-5,1,7.555905345164288,CIRCLE,22,371,2,1.3275528969554757,1.3822613183493178,0.0,0,cyclicDep,162178,smell
logging-log4j2,4f474b32751f4ccad67424ca585612584440cd63,1,2026-01-22T10:08:42.000,275.9063747068137,18.339499321495587,0.0,CONTAINER,PACKAGE,"[org.apache.logging.log4j.core.test.junit, org.apache.logging.log4j.status, org.apache.logging.log4j.core.appender.db.jdbc, org.apache.logging.log4j.core.config.builder.api, org.apache.logging.log4j.core, org.apache.logging.log4j.core.config, org.apache.logging.log4j.core.impl, org.apache.logging.log4j.internal, org.apache.logging.log4j.core.appender, org.apache.logging.log4j.core.config.plugins.validation.validators, org.apache.logging.log4j.core.config.plugins.validation, org.apache.logging.log4j.core.appender.mom, org.apache.logging.log4j.core.config.properties, org.apache.logging.log4j.core.config.plugins.processor, org.apache.logging.log4j, org.apache.logging.log4j.core.config.builder.impl, org.apache.logging.log4j.core.appender.rolling.action, org.apache.log4j.or, org.apache.logging.log4j.util, org.apache.logging.log4j.message, org.apache.logging.log4j.core.config.plugins.util, org.apache.logging.log4j.core.util, org.apache.logging.log4j.core.script, org.apache.logging.log4j.core.async, org.apache.log4j.helpers, org.apache.logging.log4j.core.config.status, org.apache.logging.log4j.core.lookup, org.apache.logging.log4j.core.config.plugins.convert, org.apache.logging.log4j.core.config.plugins.validation.constraints, org.apache.logging.log4j.core.filter, org.apache.logging.log4j.perf.nogc, org.apache.log4j.bridge, org.apache.logging.log4j.core.config.plugins.visitors, org.apache.logging.log4j.spi, org.apache.logging.log4j.core.config.plugins, org.apache.logging.log4j.core.appender.rolling, org.apache.logging.log4j.core.layout, org.apache.log4j, org.apache.log4j.spi]",54884;54622;54471;55491;55745;55409;55111;54327;55632;55717;54763;54301;55103;54672;54724;55520;54308;55100;55388;54777;55552;54912;55534;55401;54528;55082;55743;54910;54437;54597;55138;54626;55122;55202;54664;55462;54440;54843;55603,0.0,,0.0,0.0,0.0,6.282051282051282,3.854251012145749,386,7.196552756574929E-5,1,7.48706924596375,CIRCLE,39,1358,6,1.535038927907258,1.6462688805724752,0.0,0,cyclicDep,162204,smell
logging-log4j2,4f474b32751f4ccad67424ca585612584440cd63,1,2026-01-22T10:08:42.000,267.737141647398,18.490298708984305,0.0,CONTAINER,PACKAGE,"[org.apache.logging.log4j.core.test.junit, org.apache.logging.log4j.status, org.apache.logging.log4j.core.appender.db.jdbc, org.apache.logging.log4j.core.config.builder.api, org.apache.logging.log4j.core, org.apache.logging.log4j.core.config, org.apache.logging.log4j.core.impl, org.apache.logging.log4j.internal, org.apache.logging.log4j.core.appender, org.apache.logging.log4j.core.config.plugins.validation.validators, org.apache.logging.log4j.core.config.plugins.validation, org.apache.logging.log4j.core.appender.mom, org.apache.logging.log4j.core.config.properties, org.apache.logging.log4j.core.config.plugins.processor, org.apache.logging.log4j.core.config.builder.impl, org.apache.logging.log4j.core.appender.rolling.action, org.apache.logging.log4j.util, org.apache.logging.log4j.message, org.apache.logging.log4j.core.config.plugins.util, org.apache.logging.log4j.core.util, org.apache.logging.log4j.core.script, org.apache.logging.log4j.core.async, org.apache.logging.log4j.core.config.status, org.apache.logging.log4j.core.lookup, org.apache.logging.log4j.core.config.plugins.convert, org.apache.logging.log4j.core.config.plugins.validation.constraints, org.apache.logging.log4j.core.filter, org.apache.logging.log4j.perf.nogc, org.apache.logging.log4j.core.config.plugins.visitors, org.apache.logging.log4j.spi, org.apache.logging.log4j.core.config.plugins, org.apache.logging.log4j.core.appender.rolling, org.apache.logging.log4j.core.layout]",54884;54622;54471;55491;55745;55409;55111;54327;55632;55717;54763;54301;55103;54672;54724;55520;54308;55100;55388;54777;55552;54912;55534;55401;54528;55082;55743;54910;54437;54597;55138;54626;55558,0.0,,0.0,0.0,0.0,6.7272727272727275,3.4791666666666665,301,7.138190210341538E-5,1,7.548632838109016,CIRCLE,33,1258,6,1.2128785512842122,1.4019540160544899,0.0,0,cyclicDep,162247,smell
logging-log4j2,4f474b32751f4ccad67424ca585612584440cd63,1,2026-01-22T10:08:42.000,112.86140150977307,6.933020782648953,0.0,CONTAINER,PACKAGE,"[org.apache.logging.log4j.core.test.junit, org.apache.logging.log4j.status, org.apache.logging.log4j.core.appender.db.jdbc, org.apache.logging.log4j.core.config.builder.api, org.apache.logging.log4j.core.script, org.apache.logging.log4j.core.async, org.apache.logging.log4j.core.config.status, org.apache.logging.log4j.core.impl, org.apache.logging.log4j.internal, org.apache.logging.log4j.core.lookup, org.apache.logging.log4j.core.filter, org.apache.logging.log4j.perf.nogc, org.apache.logging.log4j.core.config.properties, org.apache.logging.log4j.core.config.builder.impl, org.apache.logging.log4j.spi, org.apache.logging.log4j.util, org.apache.logging.log4j.message, org.apache.logging.log4j.core.layout]",54884;54622;54471;55491;55745;55409;55111;54327;55632;55717;54763;54301;55103;54672;54724;55520;54308;54432,0.0,,0.0,0.0,0.0,6.222222222222222,2.7450980392156863,84,9.21394450975756E-5,1,6.933020782648953,CIRCLE,18,265,1,1.0304020550550783,0.9464720302860525,0.0,0,cyclicDep,162284,smell
logging-log4j2,4f474b32751f4ccad67424ca585612584440cd63,1,2026-01-22T10:08:42.000,90.46450677259193,6.6873287672713975,0.0,CONTAINER,PACKAGE,"[org.apache.logging.log4j.core.test.junit, org.apache.logging.log4j.core.appender.db.jdbc, org.apache.logging.log4j.core.config.builder.api, org.apache.logging.log4j.core.script, org.apache.logging.log4j.internal, org.apache.logging.log4j.core.lookup, org.apache.logging.log4j.core.filter, org.apache.logging.log4j.perf.nogc, org.apache.logging.log4j.core.config.properties, org.apache.logging.log4j.core.config.builder.impl, org.apache.logging.log4j.spi, org.apache.logging.log4j.util, org.apache.logging.log4j.core.layout]",54622;54471;55491;55745;55409;55111;54327;55632;55717;54763;54301;55103;54547,0.0,,0.0,0.0,0.0,6.384615384615385,2.8205128205128207,41,7.854504691569265E-5,1,6.6873287672713975,CIRCLE,13,183,1,1.0769230769230769,0.996707267978298,0.0,0,cyclicDep,162306,smell
logging-log4j2,4f474b32751f4ccad67424ca585612584440cd63,1,2026-01-22T10:08:42.000,267.5242293738451,18.490298708984305,0.0,CONTAINER,PACKAGE,"[org.apache.logging.log4j.core.test.junit, org.apache.logging.log4j.status, org.apache.logging.log4j.core.appender.db.jdbc, org.apache.logging.log4j.core.config.builder.api, org.apache.logging.log4j.core, org.apache.logging.log4j.core.config, org.apache.logging.log4j.core.impl, org.apache.logging.log4j.internal, org.apache.logging.log4j.core.appender, org.apache.logging.log4j.core.config.plugins.validation.validators, org.apache.logging.log4j.core.config.plugins.validation, org.apache.logging.log4j.core.appender.mom, org.apache.logging.log4j.core.config.properties, org.apache.logging.log4j.core.config.plugins.processor, org.apache.logging.log4j.core.config.builder.impl, org.apache.logging.log4j.core.appender.rolling.action, org.apache.logging.log4j.util, org.apache.logging.log4j.message, org.apache.logging.log4j.core.config.plugins.util, org.apache.logging.log4j.core.util, org.apache.logging.log4j.core.script, org.apache.logging.log4j.core.async, org.apache.logging.log4j.core.lookup, org.apache.logging.log4j.core.config.plugins.convert, org.apache.logging.log4j.core.config.plugins.validation.constraints, org.apache.logging.log4j.core.filter, org.apache.logging.log4j.perf.nogc, org.apache.logging.log4j.core.config.plugins.visitors, org.apache.logging.log4j.spi, org.apache.logging.log4j.core.config.plugins, org.apache.logging.log4j.core.appender.rolling, org.apache.logging.log4j.core.layout]",54622;54471;55491;55745;55409;55111;54327;55632;55717;54763;54301;55103;54672;54724;55520;54308;55100;55388;54777;55552;54912;55534;55401;54528;55082;55743;54910;54437;54597;55138;54626;55355,0.0,,0.0,0.0,0.0,6.71875,3.4375,298,7.32504378951318E-5,1,7.548632838109016,CIRCLE,32,1256,6,1.230710541719701,1.4085442754157398,0.0,0,cyclicDep,162323,smell
logging-log4j2,4f474b32751f4ccad67424ca585612584440cd63,1,2026-01-22T10:08:42.000,266.24318021195353,18.490298708984305,0.0,CONTAINER,PACKAGE,"[org.apache.logging.log4j.core.test.junit, org.apache.logging.log4j.status, org.apache.logging.log4j.core.appender.db.jdbc, org.apache.logging.log4j.core.config.builder.api, org.apache.logging.log4j.core, org.apache.logging.log4j.core.config, org.apache.logging.log4j.core.impl, org.apache.logging.log4j.internal, org.apache.logging.log4j.core.appender, org.apache.logging.log4j.core.config.plugins.validation.validators, org.apache.logging.log4j.core.config.plugins.validation, org.apache.logging.log4j.core.appender.mom, org.apache.logging.log4j.core.config.properties, org.apache.logging.log4j.core.config.plugins.processor, org.apache.logging.log4j.core.appender.rolling.action, org.apache.logging.log4j.util, org.apache.logging.log4j.message, org.apache.logging.log4j.core.config.plugins.util, org.apache.logging.log4j.core.util, org.apache.logging.log4j.core.script, org.apache.logging.log4j.core.async, org.apache.logging.log4j.core.lookup, org.apache.logging.log4j.core.config.plugins.convert, org.apache.logging.log4j.core.config.plugins.validation.constraints, org.apache.logging.log4j.core.filter, org.apache.logging.log4j.perf.nogc, org.apache.logging.log4j.core.config.plugins.visitors, org.apache.logging.log4j.spi, org.apache.logging.log4j.core.config.plugins, org.apache.logging.log4j.core.appender.rolling, org.apache.logging.log4j.core.layout]",54471;55491;55745;55409;55111;54327;55632;55717;54763;54301;55103;54672;54724;55520;54308;55100;55388;54777;55552;54912;55534;55401;54528;55082;55743;54910;54437;54597;55138;54626;55218,0.0,,0.0,0.0,0.0,6.67741935483871,3.453763440860215,286,7.48761202233869E-5,1,7.548632838109016,CIRCLE,31,1244,6,1.2283505009457916,1.413647698334884,0.0,0,cyclicDep,162359,smell
logging-log4j2,4f474b32751f4ccad67424ca585612584440cd63,1,2026-01-22T10:08:42.000,129.87158998978578,7.548632838109016,0.0,CONTAINER,PACKAGE,"[org.apache.logging.log4j.core.test.junit, org.apache.logging.log4j.status, org.apache.logging.log4j.core.appender.db.jdbc, org.apache.logging.log4j.core.script, org.apache.logging.log4j.core.async, org.apache.logging.log4j.core.impl, org.apache.logging.log4j.internal, org.apache.logging.log4j.core.lookup, org.apache.logging.log4j.core.config.plugins.validation.validators, org.apache.logging.log4j.core.config.plugins.convert, org.apache.logging.log4j.core.config.plugins.validation.constraints, org.apache.logging.log4j.core.filter, org.apache.logging.log4j.core.config.plugins.validation, org.apache.logging.log4j.perf.nogc, org.apache.logging.log4j.core.config.properties, org.apache.logging.log4j.core.config.plugins.processor, org.apache.logging.log4j.core.config.plugins.visitors, org.apache.logging.log4j.spi, org.apache.logging.log4j.core.config.plugins, org.apache.logging.log4j.util, org.apache.logging.log4j.message, org.apache.logging.log4j.core.layout, org.apache.logging.log4j.core.config.plugins.util]",55491;55745;55409;55111;54327;55632;55717;54763;54301;55103;54672;54724;55520;54308;55100;55388;54777;55552;54912;55534;55401;54528;55681,0.0,,0.0,0.0,0.0,6.695652173913044,3.5019762845849804,128,7.937838804304553E-5,1,7.548632838109016,CIRCLE,23,296,1,1.299992729367483,1.5105021177273876,0.0,0,cyclicDep,162394,smell
logging-log4j2,4f474b32751f4ccad67424ca585612584440cd63,1,2026-01-22T10:08:42.000,55.60728657599842,5.829227532886943,0.0,CONTAINER,PACKAGE,"[org.apache.logging.log4j.core.test.junit, org.apache.logging.log4j.core.appender.db.jdbc, org.apache.logging.log4j.core.config.properties, org.apache.logging.log4j.perf.nogc, org.apache.logging.log4j.core.script, org.apache.logging.log4j.spi, org.apache.logging.log4j.internal, org.apache.logging.log4j.util, org.apache.logging.log4j.core.lookup, org.apache.logging.log4j.core.layout, org.apache.logging.log4j.core.filter]",55491;55745;55409;55111;54327;55632;55717;54763;54301;55103;55705,0.0,,0.0,0.0,0.0,6.090909090909091,2.7454545454545456,36,8.871396264656159E-5,1,5.829227532886943,CIRCLE,11,91,1,0.899954085146515,0.9188566377086019,0.0,0,cyclicDep,162421,smell
logging-log4j2,4f474b32751f4ccad67424ca585612584440cd63,1,2026-01-22T10:08:42.000,17.933690825873594,5.177010612940821,0.0,CONTAINER,PACKAGE,"[org.apache.logging.log4j.core.test.junit, org.apache.logging.log4j.core.appender.db.jdbc, org.apache.logging.log4j.core.config.properties]",55491;55745;55676,0.0,,0.0,0.0,0.0,7.333333333333333,4.0,4,3.1539455176540005E-5,1,5.177010612940821,CIRCLE,3,12,1,0.4714045207910317,0.0,0.0,0,cyclicDep,162436,smell
logging-log4j2,4f474b32751f4ccad67424ca585612584440cd63,1,2026-01-22T10:08:42.000,257.097170269356,18.490298708984305,0.0,CONTAINER,PACKAGE,"[org.apache.logging.log4j.core.test.junit, org.apache.logging.log4j.status, org.apache.logging.log4j.core.appender.db.jdbc, org.apache.logging.log4j.core, org.apache.logging.log4j.core.config, org.apache.logging.log4j.core.impl, org.apache.logging.log4j.internal, org.apache.logging.log4j.core.appender, org.apache.logging.log4j.core.config.plugins.validation.validators, org.apache.logging.log4j.core.config.plugins.validation, org.apache.logging.log4j.core.appender.mom, org.apache.logging.log4j.core.config.properties, org.apache.logging.log4j.core.config.plugins.processor, org.apache.logging.log4j.core.appender.rolling.action, org.apache.logging.log4j.util, org.apache.logging.log4j.message, org.apache.logging.log4j.core.config.plugins.util, org.apache.logging.log4j.core.util, org.apache.logging.log4j.core.script, org.apache.logging.log4j.core.async, org.apache.logging.log4j.core.lookup, org.apache.logging.log4j.core.config.plugins.convert, org.apache.logging.log4j.core.config.plugins.validation.constraints, org.apache.logging.log4j.core.filter, org.apache.logging.log4j.perf.nogc, org.apache.logging.log4j.core.config.plugins.visitors, org.apache.logging.log4j.spi, org.apache.logging.log4j.core.config.plugins, org.apache.logging.log4j.core.appender.rolling, org.apache.logging.log4j.core.layout]",55491;55745;55409;55111;54327;55632;55717;54763;54301;55103;54672;54724;55520;54308;55100;55388;54777;55552;54912;55534;55401;54528;55082;55743;54910;54437;54597;55138;54626;55375,0.0,,0.0,0.0,0.0,6.633333333333334,3.47816091954023,278,7.662606639507968E-5,1,7.548632838109016,CIRCLE,30,1160,6,1.2242911781471306,1.4388233768385492,0.0,0,cyclicDep,162443,smell
logging-log4j2,4f474b32751f4ccad67424ca585612584440cd63,1,2026-01-22T10:08:42.000,41.88892313112064,4.936656933769573,0.0,CONTAINER,PACKAGE,"[org.apache.logging.log4j.core.test.junit, org.apache.logging.log4j.core.appender.db.jdbc, org.apache.logging.log4j.core.config.properties, org.apache.logging.log4j.perf.nogc, org.apache.logging.log4j.spi, org.apache.logging.log4j.core.lookup, org.apache.logging.log4j.core.layout]",55491;55745;55409;55111;54327;55632;55356,0.0,,0.0,0.0,0.0,6.428571428571429,3.1904761904761907,17,6.548197857184569E-5,1,4.936656933769573,CIRCLE,7,72,1,0.9035079029052513,0.9571310115353229,0.0,0,cyclicDep,162477,smell
logging-log4j2,4f474b32751f4ccad67424ca585612584440cd63,1,2026-01-22T10:08:42.000,69.64239524454078,6.796401859945793,0.0,CONTAINER,PACKAGE,"[org.apache.logging.log4j.core.test.junit, org.apache.logging.log4j.core.appender.db.jdbc, org.apache.logging.log4j.core.config.properties, org.apache.logging.log4j.perf.nogc, org.apache.logging.log4j.spi, org.apache.logging.log4j.internal, org.apache.logging.log4j.util, org.apache.logging.log4j.core.lookup, org.apache.logging.log4j.core.layout]",55491;55745;55409;55111;54327;55632;55717;54763;55488,0.0,,0.0,0.0,0.0,6.111111111111111,2.9166666666666665,28,1.0348994010645159E-4,1,6.796401859945793,CIRCLE,9,105,1,0.9938079899999066,0.982485510212633,0.0,0,cyclicDep,162488,smell
logging-log4j2,4f474b32751f4ccad67424ca585612584440cd63,1,2026-01-22T10:08:42.000,58.30193433623443,6.045628961602026,0.0,CONTAINER,PACKAGE,"[org.apache.logging.log4j.core.test.junit, org.apache.logging.log4j.core.appender.db.jdbc, org.apache.logging.log4j.perf.nogc, org.apache.logging.log4j.core.script, org.apache.logging.log4j.spi, org.apache.logging.log4j.internal, org.apache.logging.log4j.util, org.apache.logging.log4j.core.lookup, org.apache.logging.log4j.core.layout, org.apache.logging.log4j.core.filter]",55745;55409;55111;54327;55632;55717;54763;54301;55103;54448,0.0,,0.0,0.0,0.0,6.0,2.466666666666667,31,9.625559303713175E-5,1,6.045628961602026,CIRCLE,10,93,1,0.8944271909999159,0.7774602526460401,0.0,0,cyclicDep,162501,smell
logging-log4j2,4f474b32751f4ccad67424ca585612584440cd63,1,2026-01-22T10:08:42.000,35.38265505390148,4.530284756843459,0.0,CONTAINER,PACKAGE,"[org.apache.logging.log4j.core.test.junit, org.apache.logging.log4j.core.appender.db.jdbc, org.apache.logging.log4j.core.lookup, org.apache.logging.log4j.core.layout]",55745;55409;55111;55363,0.0,,0.0,0.0,0.0,6.75,2.6666666666666665,7,3.666847328009768E-5,1,4.530284756843459,CIRCLE,4,61,1,0.82915619758885,0.7453559924999299,0.0,0,cyclicDep,162515,smell
logging-log4j2,4f474b32751f4ccad67424ca585612584440cd63,1,2026-01-22T10:08:42.000,258.6439656528919,18.490298708984305,0.0,CONTAINER,PACKAGE,"[org.apache.logging.log4j.core.test.junit, org.apache.logging.log4j.status, org.apache.logging.log4j.core.appender.db.jdbc, org.apache.logging.log4j.core, org.apache.logging.log4j.core.config, org.apache.logging.log4j.core.impl, org.apache.logging.log4j.internal, org.apache.logging.log4j.core.appender, org.apache.logging.log4j.core.config.plugins.validation.validators, org.apache.logging.log4j.core.config.plugins.validation, org.apache.logging.log4j.core.appender.mom, org.apache.logging.log4j.core.config.plugins.processor, org.apache.logging.log4j.core.appender.rolling.action, org.apache.logging.log4j.util, org.apache.logging.log4j.message, org.apache.logging.log4j.core.config.plugins.util, org.apache.logging.log4j.core.util, org.apache.logging.log4j.core.script, org.apache.logging.log4j.core.async, org.apache.logging.log4j.core.lookup, org.apache.logging.log4j.core.config.plugins.convert, org.apache.logging.log4j.core.config.plugins.validation.constraints, org.apache.logging.log4j.core.filter, org.apache.logging.log4j.perf.nogc, org.apache.logging.log4j.core.config.plugins.visitors, org.apache.logging.log4j.spi, org.apache.logging.log4j.core.config.plugins, org.apache.logging.log4j.core.appender.rolling, org.apache.logging.log4j.core.layout]",55745;55409;55111;54327;55632;55717;54763;54301;55103;54672;54724;55520;54308;55100;55388;54777;55552;54912;55534;55401;54528;55082;55743;54910;54437;54597;55138;54626;55095,0.0,,0.0,0.0,0.0,6.620689655172414,3.4211822660098523,267,7.880980459005278E-5,1,7.548632838109016,CIRCLE,29,1174,6,1.2432935432634444,1.4477584444848288,0.0,0,cyclicDep,162535,smell
logging-log4j2,4f474b32751f4ccad67424ca585612584440cd63,1,2026-01-22T10:08:42.000,63.58925813243251,5.955679693584214,0.0,CONTAINER,PACKAGE,"[org.apache.logging.log4j.core.test.junit, org.apache.logging.log4j.core.appender.db.jdbc, org.apache.logging.log4j.core.script, org.apache.logging.log4j.core.async, org.apache.logging.log4j.core.impl, org.apache.logging.log4j.internal, org.apache.logging.log4j.core.lookup, org.apache.logging.log4j.core.filter, org.apache.logging.log4j.perf.nogc, org.apache.logging.log4j.spi, org.apache.logging.log4j.util, org.apache.logging.log4j.message, org.apache.logging.log4j.core.layout]",55745;55409;55111;54327;55632;55717;54763;54301;55103;54672;54724;55520;54677,0.0,,0.0,0.0,0.0,5.923076923076923,2.3461538461538463,57,1.0167041495586865E-4,1,5.955679693584214,CIRCLE,13,114,1,0.8284868934053083,0.6760921473556517,0.0,0,cyclicDep,162568,smell
logging-log4j2,4f474b32751f4ccad67424ca585612584440cd63,1,2026-01-22T10:08:42.000,40.408278516614125,4.936656933769573,0.0,CONTAINER,PACKAGE,"[org.apache.logging.log4j.core.test.junit, org.apache.logging.log4j.core.appender.db.jdbc, org.apache.logging.log4j.perf.nogc, org.apache.logging.log4j.spi, org.apache.logging.log4j.core.lookup, org.apache.logging.log4j.core.layout]",55745;55409;55111;54327;55632;54890,0.0,,0.0,0.0,0.0,6.333333333333333,2.8666666666666667,14,7.417936521034335E-5,1,4.936656933769573,CIRCLE,6,67,1,0.9428090415820634,0.9568466729604882,0.0,0,cyclicDep,162585,smell
logging-log4j2,4f474b32751f4ccad67424ca585612584440cd63,1,2026-01-22T10:08:42.000,76.73356515689106,5.955679693584214,0.0,CONTAINER,PACKAGE,"[org.apache.logging.log4j.core.test.junit, org.apache.logging.log4j.status, org.apache.logging.log4j.core.appender.db.jdbc, org.apache.logging.log4j.core.script, org.apache.logging.log4j.core.async, org.apache.logging.log4j.core.impl, org.apache.logging.log4j.internal, org.apache.logging.log4j.core.lookup, org.apache.logging.log4j.core.filter, org.apache.logging.log4j.perf.nogc, org.apache.logging.log4j.spi, org.apache.logging.log4j.util, org.apache.logging.log4j.message, org.apache.logging.log4j.core.layout]",55745;55409;55111;54327;55632;55717;54763;54301;55103;54672;54724;55520;54308;54409,0.0,,0.0,0.0,0.0,5.857142857142857,2.318681318681319,72,1.1345654110394176E-4,1,5.955679693584214,CIRCLE,14,166,1,0.8329931278350429,0.6609869556845084,0.0,0,cyclicDep,162595,smell
logging-log4j2,4f474b32751f4ccad67424ca585612584440cd63,1,2026-01-22T10:08:42.000,80.87403611746845,6.6254591928639925,0.0,CONTAINER,PACKAGE,"[org.apache.logging.log4j.core.test.junit, org.apache.logging.log4j.core.appender.db.jdbc, org.apache.logging.log4j.perf.nogc, org.apache.logging.log4j.spi, org.apache.logging.log4j.internal, org.apache.logging.log4j.util, org.apache.logging.log4j.core.lookup, org.apache.logging.log4j.core.layout]",55745;55409;55111;54327;55632;55717;54763;54599,0.0,,0.0,0.0,0.0,6.0,2.607142857142857,24,1.1476397527715057E-4,1,6.6254591928639925,CIRCLE,8,149,1,1.0,0.8999716548824395,0.0,0,cyclicDep,162613,smell
logging-log4j2,4f474b32751f4ccad67424ca585612584440cd63,1,2026-01-22T10:08:42.000,141.2219890937747,7.548632838109016,0.0,CONTAINER,PACKAGE,"[org.apache.logging.log4j.core.test.junit, org.apache.logging.log4j.status, org.apache.logging.log4j.core.script, org.apache.logging.log4j.core.async, org.apache.logging.log4j.core.config, org.apache.logging.log4j.core.impl, org.apache.logging.log4j.internal, org.apache.logging.log4j.core.lookup, org.apache.logging.log4j.core.config.plugins.validation.validators, org.apache.logging.log4j.core.config.plugins.convert, org.apache.logging.log4j.core.config.plugins.validation.constraints, org.apache.logging.log4j.core.filter, org.apache.logging.log4j.core.config.plugins.validation, org.apache.logging.log4j.core.appender.mom, org.apache.logging.log4j.perf.nogc, org.apache.logging.log4j.core.config.plugins.processor, org.apache.logging.log4j.core.config.plugins.visitors, org.apache.logging.log4j.spi, org.apache.logging.log4j.core.config.plugins, org.apache.logging.log4j.util, org.apache.logging.log4j.message, org.apache.logging.log4j.core.layout, org.apache.logging.log4j.core.config.plugins.util]",55409;55111;54327;55632;55717;54763;54301;55103;54672;54724;55520;54308;55100;55388;54777;55552;54912;55534;55401;54528;55082;55743;55135,0.0,,0.0,0.0,0.0,6.608695652173913,3.3794466403162056,148,8.373873744147799E-5,1,7.548632838109016,CIRCLE,23,350,1,1.2765146309481041,1.4684738690455952,0.0,0,cyclicDep,162625,smell
logging-log4j2,4f474b32751f4ccad67424ca585612584440cd63,1,2026-01-22T10:08:42.000,126.98838186878892,7.444190781445716,0.0,CONTAINER,PACKAGE,"[org.apache.logging.log4j.core.test.junit, org.apache.logging.log4j.status, org.apache.logging.log4j.core.script, org.apache.logging.log4j.core.async, org.apache.logging.log4j.core.impl, org.apache.logging.log4j.internal, org.apache.logging.log4j.core.lookup, org.apache.logging.log4j.core.config.plugins.validation.validators, org.apache.logging.log4j.core.config.plugins.convert, org.apache.logging.log4j.core.config.plugins.validation.constraints, org.apache.logging.log4j.core.filter, org.apache.logging.log4j.core.config.plugins.validation, org.apache.logging.log4j.perf.nogc, org.apache.logging.log4j.core.config.plugins.processor, org.apache.logging.log4j.core.config.plugins.visitors, org.apache.logging.log4j.spi, org.apache.logging.log4j.core.config.plugins, org.apache.logging.log4j.util, org.apache.logging.log4j.message, org.apache.logging.log4j.core.layout, org.apache.logging.log4j.core.config.plugins.util]",55409;55111;54327;55632;55717;54763;54301;55103;54672;54724;55520;54308;55100;55388;54777;55552;54912;55534;55401;54528;55077,0.0,,0.0,0.0,0.0,6.619047619047619,3.4,111,8.568974644839853E-5,1,7.444190781445716,CIRCLE,21,291,1,1.3265131692556305,1.5374685440065183,0.0,0,cyclicDep,162652,smell
logging-log4j2,4f474b32751f4ccad67424ca585612584440cd63,1,2026-01-22T10:08:42.000,268.90984660862546,18.339499321495587,0.0,CONTAINER,PACKAGE,"[org.apache.logging.log4j.core.test.junit, org.apache.logging.log4j.status, org.apache.logging.log4j.core, org.apache.logging.log4j.core.config, org.apache.logging.log4j.core.impl, org.apache.logging.log4j.internal, org.apache.logging.log4j.core.appender, org.apache.logging.log4j.core.selector, org.apache.logging.log4j.core.config.plugins.validation.validators, org.apache.logging.log4j.core.config.plugins.validation, org.apache.logging.log4j.core.appender.mom, org.apache.logging.log4j.core.config.plugins.processor, org.apache.logging.log4j, org.apache.logging.log4j.core.appender.rolling.action, org.apache.log4j.or, org.apache.logging.log4j.util, org.apache.logging.log4j.message, org.apache.logging.log4j.core.config.plugins.util, org.apache.logging.log4j.core.util, org.apache.logging.log4j.core.script, org.apache.logging.log4j.core.async, org.apache.log4j.helpers, org.apache.logging.log4j.core.lookup, org.apache.logging.log4j.core.config.plugins.convert, org.apache.logging.log4j.core.config.plugins.validation.constraints, org.apache.logging.log4j.core.filter, org.apache.logging.log4j.perf.nogc, org.apache.log4j.bridge, org.apache.logging.log4j.core.config.plugins.visitors, org.apache.logging.log4j.spi, org.apache.logging.log4j.core.config.plugins, org.apache.logging.log4j.core.appender.rolling, org.apache.logging.log4j.core.layout, org.apache.log4j, org.apache.log4j.spi]",54979;55409;55111;54327;55632;55717;54763;54301;55103;54672;54724;55520;54308;55100;55388;54777;55552;54912;55534;55401;54528;55082;55743;54910;54437;54597;55138;54626;55122;55202;54664;55462;54440;54843;54731,0.0,,0.0,0.0,0.0,6.085714285714285,3.7630252100840336,346,7.859947247983234E-5,1,7.48706924596375,CIRCLE,35,1290,6,1.5188610125716586,1.6751202413241455,0.0,0,cyclicDep,162683,smell
logging-log4j2,4f474b32751f4ccad67424ca585612584440cd63,1,2026-01-22T10:08:42.000,287.54247609416313,18.490298708984305,0.0,CONTAINER,PACKAGE,"[org.apache.logging.log4j.core.test.junit, org.apache.logging.log4j.status, org.apache.logging.log4j.core, org.apache.logging.log4j.core.config, org.apache.logging.log4j.core.impl, org.apache.logging.log4j.internal, org.apache.logging.log4j.core.appender, org.apache.logging.log4j.core.selector, org.apache.logging.log4j.core.config.plugins.validation.validators, org.apache.logging.log4j.core.config.plugins.validation, org.apache.logging.log4j.core.appender.mom, org.apache.logging.log4j.core.config.plugins.processor, org.apache.logging.log4j.core.appender.rolling.action, org.apache.logging.log4j.util, org.apache.logging.log4j.message, org.apache.logging.log4j.core.config.plugins.util, org.apache.logging.log4j.core.script, org.apache.logging.log4j.core.async, org.apache.logging.log4j.core.lookup, org.apache.logging.log4j.core.config.plugins.convert, org.apache.logging.log4j.core.config.plugins.validation.constraints, org.apache.logging.log4j.core.filter, org.apache.logging.log4j.perf.nogc, org.apache.logging.log4j.core.config.plugins.visitors, org.apache.logging.log4j.spi, org.apache.logging.log4j.core.config.plugins, org.apache.logging.log4j.core.appender.rolling, org.apache.logging.log4j.core.layout]",54979;55409;55111;54327;55632;55717;54763;54301;55103;54672;54724;55520;54308;55100;55388;54777;55552;54912;55534;55401;54528;55082;55743;54910;54437;54597;55138;54835,0.0,,0.0,0.0,0.0,6.571428571428571,3.417989417989418,236,7.7678161669712E-5,1,7.548632838109016,CIRCLE,28,1451,6,1.2371791482634837,1.4638118608308872,0.0,0,cyclicDep,162722,smell
logging-log4j2,4f474b32751f4ccad67424ca585612584440cd63,1,2026-01-22T10:08:42.000,68.77387631679387,6.126863865185934,0.0,CONTAINER,PACKAGE,"[org.apache.logging.log4j.core.test.junit, org.apache.logging.log4j.perf.nogc, org.apache.logging.log4j.core.script, org.apache.logging.log4j.core.async, org.apache.logging.log4j.spi, org.apache.logging.log4j.internal, org.apache.logging.log4j.core.selector, org.apache.logging.log4j.util, org.apache.logging.log4j.core.lookup, org.apache.logging.log4j.core.layout, org.apache.logging.log4j.core.filter]",54979;55409;55111;54327;55632;55717;54763;54301;55103;54672;55667,0.0,,0.0,0.0,0.0,5.818181818181818,2.2181818181818183,35,9.17753209649398E-5,1,6.126863865185934,CIRCLE,11,126,1,0.5749595745760689,0.6520153118924039,0.0,0,cyclicDep,162754,smell
logging-log4j2,4f474b32751f4ccad67424ca585612584440cd63,1,2026-01-22T10:08:42.000,71.7102532487855,6.017790772511538,0.0,CONTAINER,PACKAGE,"[org.apache.logging.log4j.core.test.junit, org.apache.logging.log4j.perf.nogc, org.apache.logging.log4j.core.script, org.apache.logging.log4j.core.async, org.apache.logging.log4j.spi, org.apache.logging.log4j.core.impl, org.apache.logging.log4j.internal, org.apache.logging.log4j.core.selector, org.apache.logging.log4j.core.lookup, org.apache.logging.log4j.util, org.apache.logging.log4j.core.layout, org.apache.logging.log4j.core.filter]",54979;55409;55111;54327;55632;55717;54763;54301;55103;54672;54724;54631,0.0,,0.0,0.0,0.0,5.833333333333333,2.196969696969697,46,9.070194224732396E-5,1,6.017790772511538,CIRCLE,12,142,1,0.5527707983925667,0.6085177463037333,0.0,0,cyclicDep,162769,smell
logging-log4j2,4f474b32751f4ccad67424ca585612584440cd63,1,2026-01-22T10:08:42.000,261.0561277553067,18.490298708984305,0.0,CONTAINER,PACKAGE,"[org.apache.logging.log4j.core.test.junit, org.apache.logging.log4j.status, org.apache.logging.log4j.core, org.apache.logging.log4j.core.config, org.apache.logging.log4j.core.impl, org.apache.logging.log4j.internal, org.apache.logging.log4j.core.appender, org.apache.logging.log4j.core.selector, org.apache.logging.log4j.core.config.plugins.validation.validators, org.apache.logging.log4j.core.config.plugins.validation, org.apache.logging.log4j.core.appender.mom, org.apache.logging.log4j.core.config.plugins.processor, org.apache.logging.log4j.core.appender.rolling.action, org.apache.logging.log4j.util, org.apache.logging.log4j.message, org.apache.logging.log4j.core.config.plugins.util, org.apache.logging.log4j.core.util, org.apache.logging.log4j.core.script, org.apache.logging.log4j.core.async, org.apache.logging.log4j.core.lookup, org.apache.logging.log4j.core.config.plugins.convert, org.apache.logging.log4j.core.config.plugins.validation.constraints, org.apache.logging.log4j.core.filter, org.apache.logging.log4j.perf.nogc, org.apache.logging.log4j.core.config.plugins.visitors, org.apache.logging.log4j.spi, org.apache.logging.log4j.core.config.plugins, org.apache.logging.log4j.core.appender.rolling, org.apache.logging.log4j.core.layout]",54979;55409;55111;54327;55632;55717;54763;54301;55103;54672;54724;55520;54308;55100;55388;54777;55552;54912;55534;55401;54528;55082;55743;54910;54437;54597;55138;54626;55362,0.0,,0.0,0.0,0.0,6.551724137931035,3.3669950738916254,265,7.930788728077989E-5,1,7.548632838109016,CIRCLE,29,1196,6,1.2201245526175264,1.4505967295899007,0.0,0,cyclicDep,162785,smell
logging-log4j2,4f474b32751f4ccad67424ca585612584440cd63,1,2026-01-22T10:08:42.000,48.65393143045809,4.965721082707632,0.0,CONTAINER,PACKAGE,"[org.apache.logging.log4j.core.test.junit, org.apache.logging.log4j.perf.nogc, org.apache.logging.log4j.spi, org.apache.logging.log4j.core.selector, org.apache.logging.log4j.core.lookup, org.apache.logging.log4j.core.layout]",54979;55409;55111;54327;55632;55550,0.0,,0.0,0.0,0.0,6.0,2.3333333333333335,12,7.658676488219103E-5,1,4.965721082707632,CIRCLE,6,96,1,0.5773502691896257,0.9428090415820634,0.0,0,cyclicDep,162818,smell
logging-log4j2,4f474b32751f4ccad67424ca585612584440cd63,1,2026-01-22T10:08:42.000,84.03387488052884,6.017790772511538,0.0,CONTAINER,PACKAGE,"[org.apache.logging.log4j.core.test.junit, org.apache.logging.log4j.status, org.apache.logging.log4j.core.script, org.apache.logging.log4j.core.async, org.apache.logging.log4j.core.impl, org.apache.logging.log4j.internal, org.apache.logging.log4j.core.selector, org.apache.logging.log4j.core.lookup, org.apache.logging.log4j.core.filter, org.apache.logging.log4j.perf.nogc, org.apache.logging.log4j.spi, org.apache.logging.log4j.util, org.apache.logging.log4j.message, org.apache.logging.log4j.core.layout]",54979;55409;55111;54327;55632;55717;54763;54301;55103;54672;54724;55520;54308;55227,0.0,,0.0,0.0,0.0,5.714285714285714,2.1868131868131866,72,1.1448828382044792E-4,1,6.017790772511538,CIRCLE,14,195,1,0.5890150893739515,0.591368089981262,0.0,0,cyclicDep,162828,smell
logging-log4j2,4f474b32751f4ccad67424ca585612584440cd63,1,2026-01-22T10:08:42.000,61.70968544002722,5.9107158767187045,0.0,CONTAINER,PACKAGE,"[org.apache.logging.log4j.core.test.junit, org.apache.logging.log4j.perf.nogc, org.apache.logging.log4j.spi, org.apache.logging.log4j.internal, org.apache.logging.log4j.core.selector, org.apache.logging.log4j.util, org.apache.logging.log4j.core.lookup, org.apache.logging.log4j.core.layout]",54979;55409;55111;54327;55632;55717;54763;54389,0.0,,0.0,0.0,0.0,5.75,2.3214285714285716,22,1.1656952503103635E-4,1,5.9107158767187045,CIRCLE,8,109,1,0.6614378277661477,0.8474150369789052,0.0,0,cyclicDep,162846,smell
logging-log4j2,4f474b32751f4ccad67424ca585612584440cd63,1,2026-01-22T10:08:42.000,260.2910463971494,18.490298708984305,0.0,CONTAINER,PACKAGE,"[org.apache.logging.log4j.core.test.junit, org.apache.logging.log4j.status, org.apache.logging.log4j.core, org.apache.logging.log4j.core.config, org.apache.logging.log4j.core.impl, org.apache.logging.log4j.internal, org.apache.logging.log4j.core.appender, org.apache.logging.log4j.core.config.plugins.validation.validators, org.apache.logging.log4j.core.config.plugins.validation, org.apache.logging.log4j.core.appender.mom, org.apache.logging.log4j.core.config.plugins.processor, org.apache.logging.log4j.core.appender.rolling.action, org.apache.logging.log4j.util, org.apache.logging.log4j.message, org.apache.logging.log4j.core.config.plugins.util, org.apache.logging.log4j.core.util, org.apache.logging.log4j.core.script, org.apache.logging.log4j.core.async, org.apache.logging.log4j.core.lookup, org.apache.logging.log4j.core.config.plugins.convert, org.apache.logging.log4j.core.config.plugins.validation.constraints, org.apache.logging.log4j.core.filter, org.apache.logging.log4j.perf.nogc, org.apache.logging.log4j.core.config.plugins.visitors, org.apache.logging.log4j.spi, org.apache.logging.log4j.core.config.plugins, org.apache.logging.log4j.core.appender.rolling, org.apache.logging.log4j.core.layout]",55409;55111;54327;55632;55717;54763;54301;55103;54672;54724;55520;54308;55100;55388;54777;55552;54912;55534;55401;54528;55082;55743;54910;54437;54597;55138;54626;55778,0.0,,0.0,0.0,0.0,6.571428571428571,3.4206349206349205,252,8.11629907956683E-5,1,7.548632838109016,CIRCLE,28,1189,6,1.2371791482634837,1.4585263342755448,0.0,0,cyclicDep,162858,smell
logging-log4j2,4f474b32751f4ccad67424ca585612584440cd63,1,2026-01-22T10:08:42.000,50.6283301624189,5.221913539212376,0.0,CONTAINER,PACKAGE,"[org.apache.logging.log4j.core.test.junit, org.apache.logging.log4j.perf.nogc, org.apache.logging.log4j.spi, org.apache.logging.log4j.core.lookup, org.apache.logging.log4j.core.layout]",55409;55111;54327;55632;55435,0.0,,0.0,0.0,0.0,6.0,2.6,10,8.64311200858483E-5,1,5.221913539212376,CIRCLE,5,94,1,0.6324555320336759,0.8,0.0,0,cyclicDep,162890,smell
logging-log4j2,4f474b32751f4ccad67424ca585612584440cd63,1,2026-01-22T10:08:42.000,84.46371847722445,6.017790772511538,0.0,CONTAINER,PACKAGE,"[org.apache.logging.log4j.core.test.junit, org.apache.logging.log4j.status, org.apache.logging.log4j.core.script, org.apache.logging.log4j.core.async, org.apache.logging.log4j.core.impl, org.apache.logging.log4j.internal, org.apache.logging.log4j.core.lookup, org.apache.logging.log4j.core.filter, org.apache.logging.log4j.perf.nogc, org.apache.logging.log4j.spi, org.apache.logging.log4j.util, org.apache.logging.log4j.message, org.apache.logging.log4j.core.layout]",55409;55111;54327;55632;55717;54763;54301;55103;54672;54724;55520;54308;55444,0.0,,0.0,0.0,0.0,5.6923076923076925,2.230769230769231,64,1.2119007574018199E-4,1,6.017790772511538,CIRCLE,13,197,1,0.6056929133855239,0.5756395979652218,0.0,0,cyclicDep,162899,smell
logging-log4j2,4f474b32751f4ccad67424ca585612584440cd63,1,2026-01-22T10:08:42.000,253.97531955727914,16.879256163198928,0.0,CONTAINER,PACKAGE,"[org.apache.logging.log4j.status, org.apache.logging.log4j.core, org.apache.logging.log4j.core.config, org.apache.logging.log4j.core.impl, org.apache.logging.log4j.internal, org.apache.logging.log4j.core.appender, org.apache.logging.log4j.core.config.plugins.validation.validators, org.apache.logging.log4j.core.config.plugins.validation, org.apache.logging.log4j.core.appender.mom, org.apache.logging.log4j.core.config.plugins.processor, org.apache.logging.log4j.core.appender.rolling.action, org.apache.logging.log4j.util, org.apache.logging.log4j.message, org.apache.logging.log4j.core.config.plugins.util, org.apache.logging.log4j.core.util, org.apache.logging.log4j.core.script, org.apache.logging.log4j.core.async, org.apache.logging.log4j.core.lookup, org.apache.logging.log4j.core.config.plugins.convert, org.apache.logging.log4j.core.config.plugins.validation.constraints, org.apache.logging.log4j.core.filter, org.apache.logging.log4j.perf.nogc, org.apache.logging.log4j.core.config.plugins.visitors, org.apache.logging.log4j.spi, org.apache.logging.log4j.core.config.plugins, org.apache.logging.log4j.core.appender.rolling, org.apache.logging.log4j.core.layout]",55111;54327;55632;55717;54763;54301;55103;54672;54724;55520;54308;55100;55388;54777;55552;54912;55534;55401;54528;55082;55743;54910;54437;54597;55138;54626;55216,0.0,,0.0,0.0,0.0,6.555555555555555,3.421652421652422,234,8.163568986380631E-5,1,7.548632838109016,CIRCLE,27,1132,5,1.2570787221094177,1.486497098140133,0.0,0,cyclicDep,162916,smell
logging-log4j2,4f474b32751f4ccad67424ca585612584440cd63,1,2026-01-22T10:08:42.000,79.15981718913552,6.018409453918338,0.0,CONTAINER,PACKAGE,"[org.apache.logging.log4j.perf.nogc, org.apache.logging.log4j.core.script, org.apache.logging.log4j.core.async, org.apache.logging.log4j.core.impl, org.apache.logging.log4j.spi, org.apache.logging.log4j.internal, org.apache.logging.log4j.util, org.apache.logging.log4j.message, org.apache.logging.log4j.core.lookup, org.apache.logging.log4j.core.layout, org.apache.logging.log4j.core.filter]",55111;54327;55632;55717;54763;54301;55103;54672;54724;55520;54639,0.0,,0.0,0.0,0.0,5.636363636363637,2.109090909090909,43,1.1276315342159382E-4,1,6.018409453918338,CIRCLE,11,173,1,0.48104569292083466,0.3117532399905863,0.0,0,cyclicDep,162947,smell
logging-log4j2,4f474b32751f4ccad67424ca585612584440cd63,1,2026-01-22T10:08:42.000,71.14157292554322,5.828144741653815,0.0,CONTAINER,PACKAGE,"[org.apache.logging.log4j.status, org.apache.logging.log4j.perf.nogc, org.apache.logging.log4j.core.script, org.apache.logging.log4j.core.async, org.apache.logging.log4j.spi, org.apache.logging.log4j.core.impl, org.apache.logging.log4j.internal, org.apache.logging.log4j.core.lookup, org.apache.logging.log4j.util, org.apache.logging.log4j.message, org.apache.logging.log4j.core.layout, org.apache.logging.log4j.core.filter]",55111;54327;55632;55717;54763;54301;55103;54672;54724;55520;54308;54406,0.0,,0.0,0.0,0.0,5.583333333333333,2.090909090909091,56,1.2558923905553536E-4,1,5.828144741653815,CIRCLE,12,149,1,0.4930066485916347,0.28747978728803447,0.0,0,cyclicDep,162962,smell
logging-log4j2,4f474b32751f4ccad67424ca585612584440cd63,1,2026-01-22T10:08:42.000,38.300683193496326,5.07304941874832,0.0,CONTAINER,PACKAGE,"[org.apache.logging.log4j.perf.nogc, org.apache.logging.log4j.spi, org.apache.logging.log4j.internal, org.apache.logging.log4j.util, org.apache.logging.log4j.core.lookup, org.apache.logging.log4j.core.layout]",55111;54327;55632;55717;54763;54895,0.0,,0.0,0.0,0.0,5.5,2.1333333333333333,15,1.3946518257140737E-4,1,5.07304941874832,CIRCLE,6,57,1,0.5,0.33993463423951903,0.0,0,cyclicDep,162978,smell
logging-log4j2,4f474b32751f4ccad67424ca585612584440cd63,1,2026-01-22T10:08:42.000,128.63405265358494,13.047365241051065,0.0,CONTAINER,PACKAGE,"[org.apache.logging.log4j.perf.nogc, org.apache.logging.log4j.spi, org.apache.logging.log4j.internal, foo, org.apache.logging.log4j.util, org.apache.logging.log4j.core.layout, org.apache.logging.log4j.core.pattern]",54832;54375;54327;55632;55717;54763;55515,0.0,,0.0,0.0,0.0,4.714285714285714,2.0,18,1.1935703443366614E-4,1,5.834959121251622,CIRCLE,7,486,5,1.979486637221574,0.5345224838248488,0.0,0,cyclicDep,162988,smell
logging-log4j2,4f474b32751f4ccad67424ca585612584440cd63,1,2026-01-22T10:08:42.000,376.59288483912724,31.76494461020531,0.0,CONTAINER,PACKAGE,"[org.apache.logging.log4j.status, org.apache.logging.log4j.core, org.apache.logging.log4j.core.config, org.apache.logging.log4j.core.impl, org.apache.logging.log4j.internal, org.apache.logging.log4j.core.appender, org.apache.logging.log4j.core.config.plugins.validation.validators, org.apache.logging.log4j.core.config.plugins.validation, org.apache.logging.log4j.core.appender.mom, org.apache.logging.log4j.core.config.plugins.processor, org.apache.logging.log4j, org.apache.logging.log4j.core.appender.rolling.action, org.apache.log4j.or, org.apache.logging.log4j.util, org.apache.logging.log4j.message, org.apache.logging.log4j.core.pattern, org.apache.logging.log4j.core.config.plugins.util, org.apache.logging.log4j.core.util, org.apache.logging.log4j.core.script, org.apache.logging.log4j.core.async, org.apache.log4j.helpers, org.apache.logging.log4j.core.config.plugins.convert, org.apache.logging.log4j.core.config.plugins.validation.constraints, org.apache.logging.log4j.core.filter, org.apache.logging.log4j.perf.nogc, org.apache.log4j.bridge, org.apache.logging.log4j.core.config.plugins.visitors, org.apache.logging.log4j.spi, org.apache.logging.log4j.core.config.plugins, org.apache.logging.log4j.core.appender.rolling, org.apache.logging.log4j.core.layout, org.apache.log4j, org.apache.log4j.spi]",54375;54327;55632;55717;54763;54301;55103;54672;54724;55520;54308;55100;55388;54777;55552;54912;55534;55401;54528;55082;55743;54910;54437;54597;55138;54626;55122;55202;54664;55462;54440;54843;54352,0.0,,0.0,0.0,0.0,6.0606060606060606,3.820075757575758,309,8.023024120228352E-5,1,7.48706924596375,CIRCLE,33,2530,18,1.5558178973325376,1.7044433892001407,0.0,0,cyclicDep,162999,smell
logging-log4j2,4f474b32751f4ccad67424ca585612584440cd63,1,2026-01-22T10:08:42.000,328.3438362675645,19.97180522817215,0.0,CONTAINER,PACKAGE,"[org.apache.logging.log4j.status, org.apache.logging.log4j.core, org.apache.logging.log4j.core.config, org.apache.logging.log4j.core.impl, org.apache.logging.log4j.internal, org.apache.logging.log4j.core.appender, org.apache.logging.log4j.core.config.plugins.validation.validators, org.apache.logging.log4j.core.config.plugins.validation, org.apache.logging.log4j.core.appender.mom, org.apache.logging.log4j.core.config.plugins.processor, org.apache.logging.log4j.core.appender.rolling.action, org.apache.logging.log4j.util, org.apache.logging.log4j.message, org.apache.logging.log4j.core.pattern, org.apache.logging.log4j.core.config.plugins.util, org.apache.logging.log4j.core.script, org.apache.logging.log4j.core.async, org.apache.logging.log4j.core.config.plugins.convert, org.apache.logging.log4j.core.config.plugins.validation.constraints, org.apache.logging.log4j.core.filter, org.apache.logging.log4j.perf.nogc, org.apache.logging.log4j.core.config.plugins.visitors, org.apache.logging.log4j.spi, org.apache.logging.log4j.core.config.plugins, org.apache.logging.log4j.core.appender.rolling, org.apache.logging.log4j.core.layout]",54375;54327;55632;55717;54763;54301;55103;54672;54724;55520;54308;55100;55388;54777;55552;54912;55534;55401;54528;55082;55743;54910;54437;54597;55138;54477,0.0,,0.0,0.0,0.0,6.576923076923077,3.476923076923077,207,7.967711344742922E-5,1,7.548632838109016,CIRCLE,26,1892,7,1.2762046171566968,1.5018725983834809,0.0,0,cyclicDep,163036,smell
logging-log4j2,4f474b32751f4ccad67424ca585612584440cd63,1,2026-01-22T10:08:42.000,288.43285575309125,18.490298708984305,0.0,CONTAINER,PACKAGE,"[org.apache.logging.log4j.status, org.apache.logging.log4j.core.config, org.apache.logging.log4j.core.impl, org.apache.logging.log4j.internal, org.apache.logging.log4j.core.appender, org.apache.logging.log4j.core.config.plugins.validation.validators, org.apache.logging.log4j.core.config.plugins.validation, org.apache.logging.log4j.core.appender.mom, org.apache.logging.log4j.core.config.plugins.processor, org.apache.logging.log4j.core.appender.rolling.action, org.apache.logging.log4j.util, org.apache.logging.log4j.message, org.apache.logging.log4j.core.pattern, org.apache.logging.log4j.core.config.plugins.util, org.apache.logging.log4j.core.script, org.apache.logging.log4j.core.async, org.apache.logging.log4j.core.config.plugins.convert, org.apache.logging.log4j.core.config.plugins.validation.constraints, org.apache.logging.log4j.core.filter, org.apache.logging.log4j.perf.nogc, org.apache.logging.log4j.core.config.plugins.visitors, org.apache.logging.log4j.spi, org.apache.logging.log4j.core.config.plugins, org.apache.logging.log4j.core.appender.rolling, org.apache.logging.log4j.core.layout]",54375;54327;55632;55717;54763;54301;55103;54672;54724;55520;54308;55100;55388;54777;55552;54912;55534;55401;54528;55082;55743;54910;54437;54597;55732,0.0,,0.0,0.0,0.0,6.64,3.54,179,7.697080618986299E-5,1,7.548632838109016,CIRCLE,25,1460,6,1.2611106216347556,1.508332412522739,0.0,0,cyclicDep,163066,smell
logging-log4j2,4f474b32751f4ccad67424ca585612584440cd63,1,2026-01-22T10:08:42.000,201.84654634913406,10.675378937028679,0.0,CONTAINER,PACKAGE,"[org.apache.logging.log4j.status, org.apache.logging.log4j.core.script, org.apache.logging.log4j.core.async, org.apache.logging.log4j.core.config, org.apache.logging.log4j.core.impl, org.apache.logging.log4j.internal, org.apache.logging.log4j.core.config.plugins.validation.validators, org.apache.logging.log4j.core.config.plugins.convert, org.apache.logging.log4j.core.config.plugins.validation.constraints, org.apache.logging.log4j.core.filter, org.apache.logging.log4j.core.config.plugins.validation, org.apache.logging.log4j.core.appender.mom, org.apache.logging.log4j.perf.nogc, org.apache.logging.log4j.core.config.plugins.processor, org.apache.logging.log4j.core.config.plugins.visitors, org.apache.logging.log4j.spi, org.apache.logging.log4j.core.config.plugins, org.apache.logging.log4j.util, org.apache.logging.log4j.message, org.apache.logging.log4j.core.layout, org.apache.logging.log4j.core.pattern, org.apache.logging.log4j.core.config.plugins.util]",54375;54327;55632;55717;54763;54301;55103;54672;54724;55520;54308;55100;55388;54777;55552;54912;55534;55401;54528;55082;55743;54802,0.0,,0.0,0.0,0.0,6.590909090909091,3.3722943722943723,134,8.408965331359649E-5,1,7.548632838109016,CIRCLE,22,715,2,1.302413525626764,1.503218313694434,0.0,0,cyclicDep,163095,smell
logging-log4j2,4f474b32751f4ccad67424ca585612584440cd63,1,2026-01-22T10:08:42.000,193.5993917087779,10.430602022349754,0.0,CONTAINER,PACKAGE,"[org.apache.logging.log4j.status, org.apache.logging.log4j.core.script, org.apache.logging.log4j.core.async, org.apache.logging.log4j.core.impl, org.apache.logging.log4j.internal, org.apache.logging.log4j.core.config.plugins.validation.validators, org.apache.logging.log4j.core.config.plugins.convert, org.apache.logging.log4j.core.config.plugins.validation.constraints, org.apache.logging.log4j.core.filter, org.apache.logging.log4j.core.config.plugins.validation, org.apache.logging.log4j.perf.nogc, org.apache.logging.log4j.core.config.plugins.processor, org.apache.logging.log4j.core.config.plugins.visitors, org.apache.logging.log4j.spi, org.apache.logging.log4j.core.config.plugins, org.apache.logging.log4j.util, org.apache.logging.log4j.message, org.apache.logging.log4j.core.layout, org.apache.logging.log4j.core.pattern, org.apache.logging.log4j.core.config.plugins.util]",54375;54327;55632;55717;54763;54301;55103;54672;54724;55520;54308;55100;55388;54777;55552;54912;55534;55401;54528;54670,0.0,,0.0,0.0,0.0,6.6,3.389473684210526,101,8.617330435807489E-5,1,7.375549421861628,CIRCLE,20,689,2,1.3564659966250536,1.581436634283792,0.0,0,cyclicDep,163121,smell
logging-log4j2,4f474b32751f4ccad67424ca585612584440cd63,1,2026-01-22T10:08:42.000,176.96363065214734,10.010574660601998,0.0,CONTAINER,PACKAGE,"[org.apache.logging.log4j.status, org.apache.logging.log4j.core.script, org.apache.logging.log4j.core.async, org.apache.logging.log4j.core.impl, org.apache.logging.log4j.internal, org.apache.logging.log4j.core.config.plugins.validation.validators, org.apache.logging.log4j.core.config.plugins.validation.constraints, org.apache.logging.log4j.core.filter, org.apache.logging.log4j.core.config.plugins.validation, org.apache.logging.log4j.perf.nogc, org.apache.logging.log4j.core.config.plugins.processor, org.apache.logging.log4j.spi, org.apache.logging.log4j.util, org.apache.logging.log4j.message, org.apache.logging.log4j.core.layout, org.apache.logging.log4j.core.pattern, org.apache.logging.log4j.core.config.plugins.util]",54375;54327;55632;55717;54763;54301;55103;54672;54724;55520;54308;55100;55388;54777;55552;54912;55663,0.0,,0.0,0.0,0.0,6.411764705882353,3.176470588235294,77,9.464359641686248E-5,1,7.078545226085893,CIRCLE,17,625,2,1.3745084053585792,1.509199013019706,0.0,0,cyclicDep,163145,smell
logging-log4j2,4f474b32751f4ccad67424ca585612584440cd63,1,2026-01-22T10:08:42.000,225.554621757507,15.009205646961844,0.0,CONTAINER,PACKAGE,"[org.apache.logging.log4j.perf.nogc, org.apache.logging.log4j.core.script, org.apache.logging.log4j.core.async, org.apache.logging.log4j.core.impl, org.apache.logging.log4j.spi, org.apache.logging.log4j.internal, org.apache.logging.log4j.util, org.apache.logging.log4j.core.layout, org.apache.logging.log4j.core.pattern, org.apache.logging.log4j.core.filter]",54375;54327;55632;55717;54763;54301;55103;54672;54724;54415,0.0,,0.0,0.0,0.0,5.7,2.1333333333333333,34,9.850397298491116E-5,1,6.1274825465927325,CIRCLE,10,1355,6,0.45825756949558405,0.33993463423951903,0.0,0,cyclicDep,163166,smell
logging-log4j2,4f474b32751f4ccad67424ca585612584440cd63,1,2026-01-22T10:08:42.000,88.50624733474824,4.458880324637642,0.0,CONTAINER,PACKAGE,"[org.apache.logging.log4j.core.layout, org.apache.logging.log4j.core.pattern]",54375;54445,0.0,,0.0,0.0,0.0,6.0,2.0,2,2.886735701635047E-5,1,4.458880324637642,TINY,2,394,1,0.0,0.0,0.0,0,cyclicDep,163180,smell
logging-log4j2,4f474b32751f4ccad67424ca585612584440cd63,1,2026-01-22T10:08:42.000,294.88017038740617,18.490298708984305,0.0,CONTAINER,PACKAGE,"[org.apache.logging.log4j.status, org.apache.logging.log4j.core, org.apache.logging.log4j.core.config, org.apache.logging.log4j.core.impl, org.apache.logging.log4j.internal, org.apache.logging.log4j.core.appender, org.apache.logging.log4j.core.config.plugins.validation.validators, org.apache.logging.log4j.core.config.plugins.validation, org.apache.logging.log4j.core.appender.mom, org.apache.logging.log4j.core.config.plugins.processor, org.apache.logging.log4j.core.appender.rolling.action, org.apache.logging.log4j.util, org.apache.logging.log4j.message, org.apache.logging.log4j.core.pattern, org.apache.logging.log4j.core.config.plugins.util, org.apache.logging.log4j.core.util, org.apache.logging.log4j.core.script, org.apache.logging.log4j.core.async, org.apache.logging.log4j.core.config.plugins.convert, org.apache.logging.log4j.core.config.plugins.validation.constraints, org.apache.logging.log4j.core.filter, org.apache.logging.log4j.perf.nogc, org.apache.logging.log4j.core.config.plugins.visitors, org.apache.logging.log4j.spi, org.apache.logging.log4j.core.config.plugins, org.apache.logging.log4j.core.appender.rolling, org.apache.logging.log4j.core.layout]",54375;54327;55632;55717;54763;54301;55103;54672;54724;55520;54308;55100;55388;54777;55552;54912;55534;55401;54528;55082;55743;54910;54437;54597;55138;54626;54707,0.0,,0.0,0.0,0.0,6.555555555555555,3.421652421652422,232,8.135352422310522E-5,1,7.548632838109016,CIRCLE,27,1526,6,1.2570787221094177,1.486497098140133,0.0,0,cyclicDep,163186,smell
logging-log4j2,4f474b32751f4ccad67424ca585612584440cd63,1,2026-01-22T10:08:42.000,296.2297434354791,22.64589851432705,0.0,CONTAINER,PACKAGE,"[org.apache.logging.log4j.status, org.apache.logging.log4j.core, org.apache.logging.log4j.core.config, org.apache.logging.log4j.core.impl, org.apache.logging.log4j.internal, org.apache.logging.log4j.core.appender, org.apache.logging.log4j.core.config.plugins.validation.validators, org.apache.logging.log4j.core.config.plugins.validation, org.apache.logging.log4j.core.appender.mom, org.apache.logging.log4j.core.config.plugins.processor, org.apache.logging.log4j.core.appender.rolling.action, org.apache.logging.log4j.util, org.apache.logging.log4j.core.util.internal.instant, org.apache.logging.log4j.message, org.apache.logging.log4j.core.pattern, org.apache.logging.log4j.core.config.plugins.util, org.apache.logging.log4j.core.util, org.apache.logging.log4j.core.script, org.apache.logging.log4j.core.async, org.apache.logging.log4j.core.config.plugins.convert, org.apache.logging.log4j.core.config.plugins.validation.constraints, org.apache.logging.log4j.core.filter, org.apache.logging.log4j.perf.nogc, org.apache.logging.log4j.core.config.plugins.visitors, org.apache.logging.log4j.spi, org.apache.logging.log4j.core.config.plugins, org.apache.logging.log4j.core.appender.rolling, org.apache.logging.log4j.core.layout]",54810;54375;54327;55632;55717;54763;54301;55103;54672;54724;55520;54308;55100;55388;54777;55552;54912;55534;55401;54528;55082;55743;54910;54437;54597;55138;54626;55524,0.0,,0.0,0.0,0.0,6.607142857142857,3.5555555555555554,235,7.872697118951346E-5,1,7.548632838109016,CIRCLE,28,1540,9,1.263195655987671,1.537307938133746,0.0,0,cyclicDep,163217,smell
logging-log4j2,4f474b32751f4ccad67424ca585612584440cd63,1,2026-01-22T10:08:42.000,296.90222953006236,25.035982804163204,0.0,CONTAINER,PACKAGE,"[org.apache.logging.log4j.status, org.apache.logging.log4j.core, org.apache.logging.log4j.core.config, org.apache.logging.log4j.core.impl, org.apache.logging.log4j.internal, org.apache.logging.log4j.core.appender, org.apache.logging.log4j.core.config.plugins.validation.validators, org.apache.logging.log4j.core.config.plugins.validation, org.apache.logging.log4j.core.appender.mom, org.apache.logging.log4j.core.config.plugins.processor, org.apache.logging.log4j.core.appender.rolling.action, org.apache.logging.log4j.util, org.apache.logging.log4j.core.util.internal.instant, org.apache.logging.log4j.message, org.apache.logging.log4j.core.pattern, org.apache.logging.log4j.core.config.plugins.util, org.apache.logging.log4j.core.util, org.apache.logging.log4j.core.script, org.apache.logging.log4j.core.async, org.apache.logging.log4j.core.config.plugins.convert, org.apache.logging.log4j.core.config.plugins.validation.constraints, org.apache.logging.log4j.core.filter, org.apache.logging.log4j.core.util.datetime, org.apache.logging.log4j.perf.nogc, org.apache.logging.log4j.core.config.plugins.visitors, org.apache.logging.log4j.spi, org.apache.logging.log4j.core.config.plugins, org.apache.logging.log4j.core.appender.rolling, org.apache.logging.log4j.core.layout]",55425;54810;54375;54327;55632;55717;54763;54301;55103;54672;54724;55520;54308;55100;55388;54777;55552;54912;55534;55401;54528;55082;55743;54910;54437;54597;55138;54626;55453,0.0,,0.0,0.0,0.0,6.620689655172414,3.605911330049261,240,7.64018713767957E-5,1,7.548632838109016,CIRCLE,29,1547,11,1.2432935432634444,1.5239838032379898,0.0,0,cyclicDep,163249,smell
logging-log4j2,4f474b32751f4ccad67424ca585612584440cd63,1,2026-01-22T10:08:42.000,149.25869176149246,17.028045158056194,0.0,CONTAINER,PACKAGE,"[org.apache.logging.log4j.perf.nogc, org.apache.logging.log4j.spi, org.apache.logging.log4j.internal, org.apache.logging.log4j.util, org.apache.logging.log4j.core.util.internal.instant, org.apache.logging.log4j.core.layout, org.apache.logging.log4j.core.pattern, org.apache.logging.log4j.core.util.datetime]",55425;54810;54375;54327;55632;55717;54763;55607,0.0,,0.0,0.0,0.0,6.0,3.0714285714285716,21,1.0603521737909362E-4,1,6.951670325717902,CIRCLE,8,461,6,1.0,1.1930923634635762,0.0,0,cyclicDep,163282,smell
logging-log4j2,4f474b32751f4ccad67424ca585612584440cd63,1,2026-01-22T10:08:42.000,138.36640310770346,12.241938602015875,0.0,CONTAINER,PACKAGE,"[org.apache.logging.log4j.perf.nogc, org.apache.logging.log4j.spi, org.apache.logging.log4j.internal, org.apache.logging.log4j.util, org.apache.logging.log4j.core.util.internal.instant, org.apache.logging.log4j.core.layout, org.apache.logging.log4j.core.pattern]",54810;54375;54327;55632;55717;54763;55441,0.0,,0.0,0.0,0.0,5.857142857142857,2.8095238095238093,18,1.1956895177315011E-4,1,6.120969301007937,CIRCLE,7,511,4,0.989743318610787,1.1388819755334665,0.0,0,cyclicDep,163294,smell
logging-log4j2,4f474b32751f4ccad67424ca585612584440cd63,1,2026-01-22T10:08:42.000,181.45279934657216,12.036818907836675,0.0,CONTAINER,PACKAGE,"[org.apache.logging.log4j.perf.nogc, org.apache.logging.log4j.core.script, org.apache.logging.log4j.core.async, org.apache.logging.log4j.core.impl, org.apache.logging.log4j.spi, org.apache.logging.log4j.internal, org.apache.logging.log4j.util, org.apache.logging.log4j.message, org.apache.logging.log4j.core.layout, org.apache.logging.log4j.core.pattern, org.apache.logging.log4j.core.filter]",54375;54327;55632;55717;54763;54301;55103;54672;54724;55520;54584,0.0,,0.0,0.0,0.0,5.636363636363637,2.109090909090909,45,1.1207056503078205E-4,1,6.018409453918338,CIRCLE,11,909,4,0.48104569292083466,0.3117532399905863,0.0,0,cyclicDep,163305,smell
logging-log4j2,4f474b32751f4ccad67424ca585612584440cd63,1,2026-01-22T10:08:42.000,131.74701342823616,5.828144741653815,0.0,CONTAINER,PACKAGE,"[org.apache.logging.log4j.status, org.apache.logging.log4j.perf.nogc, org.apache.logging.log4j.core.script, org.apache.logging.log4j.core.async, org.apache.logging.log4j.spi, org.apache.logging.log4j.core.impl, org.apache.logging.log4j.internal, org.apache.logging.log4j.util, org.apache.logging.log4j.message, org.apache.logging.log4j.core.layout, org.apache.logging.log4j.core.pattern, org.apache.logging.log4j.core.filter]",54375;54327;55632;55717;54763;54301;55103;54672;54724;55520;54308;54834,0.0,,0.0,0.0,0.0,5.583333333333333,2.090909090909091,58,1.249543663639579E-4,1,5.828144741653815,CIRCLE,12,511,1,0.4930066485916347,0.28747978728803447,0.0,0,cyclicDep,163320,smell
logging-log4j2,4f474b32751f4ccad67424ca585612584440cd63,1,2026-01-22T10:08:42.000,131.70402307071808,7.174375290582821,0.0,CONTAINER,PACKAGE,"[org.apache.logging.log4j.perf.nogc, org.apache.logging.log4j.spi, org.apache.logging.log4j.internal, org.apache.logging.log4j.util, org.apache.logging.log4j.core.layout, org.apache.logging.log4j.core.pattern]",54375;54327;55632;55717;54763;54424,0.0,,0.0,0.0,0.0,5.5,2.1333333333333333,16,1.3819543718825245E-4,1,5.07304941874832,CIRCLE,6,674,2,0.5,0.33993463423951903,0.0,0,cyclicDep,163336,smell
logging-log4j2,4f474b32751f4ccad67424ca585612584440cd63,1,2026-01-22T10:08:42.000,31.681183465859416,5.07304941874832,0.0,CONTAINER,PACKAGE,"[org.apache.logging.log4j.perf.nogc, org.apache.logging.log4j.core.script, org.apache.logging.log4j.spi, org.apache.logging.log4j.internal, org.apache.logging.log4j.util, org.apache.logging.log4j.core.layout]",54327;55632;55717;54763;54301;54800,0.0,,0.0,0.0,0.0,5.5,2.1333333333333333,14,1.3711904721170994E-4,1,5.07304941874832,CIRCLE,6,39,1,0.5,0.33993463423951903,0.0,0,cyclicDep,163346,smell
logging-log4j2,4f474b32751f4ccad67424ca585612584440cd63,1,2026-01-22T10:08:42.000,248.64696988132974,16.879256163198928,0.0,CONTAINER,PACKAGE,"[org.apache.logging.log4j.status, org.apache.logging.log4j.core, org.apache.logging.log4j.core.config, org.apache.logging.log4j.core.impl, org.apache.logging.log4j.internal, org.apache.logging.log4j.core.appender, org.apache.logging.log4j.core.config.plugins.validation.validators, org.apache.logging.log4j.core.test.layout, org.apache.logging.log4j.core.config.plugins.validation, org.apache.logging.log4j.core.appender.mom, org.apache.logging.log4j.core.config.plugins.processor, org.apache.logging.log4j.core.appender.rolling.action, org.apache.logging.log4j.util, org.apache.logging.log4j.message, org.apache.logging.log4j.core.config.plugins.util, org.apache.logging.log4j.core.script, org.apache.logging.log4j.core.async, org.apache.logging.log4j.core.config.plugins.convert, org.apache.logging.log4j.core.config.plugins.validation.constraints, org.apache.logging.log4j.core.filter, org.apache.logging.log4j.perf.nogc, org.apache.logging.log4j.core.config.plugins.visitors, org.apache.logging.log4j.spi, org.apache.logging.log4j.core.config.plugins, org.apache.logging.log4j.core.appender.rolling, org.apache.logging.log4j.core.layout]",55656;54327;55632;55717;54763;54301;55103;54672;54724;55520;54308;55100;55388;54777;55552;54912;55534;55401;54528;55082;55743;54910;54437;54597;55138;54779,0.0,,0.0,0.0,0.0,6.615384615384615,3.5323076923076924,195,7.921750752478523E-5,1,7.548632838109016,CIRCLE,26,1085,5,1.2733034890189885,1.4872905351997217,0.0,0,cyclicDep,163356,smell
logging-log4j2,4f474b32751f4ccad67424ca585612584440cd63,1,2026-01-22T10:08:42.000,123.57644545052608,7.548632838109016,0.0,CONTAINER,PACKAGE,"[org.apache.logging.log4j.status, org.apache.logging.log4j.core.script, org.apache.logging.log4j.core.async, org.apache.logging.log4j.core.config, org.apache.logging.log4j.core.impl, org.apache.logging.log4j.internal, org.apache.logging.log4j.core.config.plugins.validation.validators, org.apache.logging.log4j.core.config.plugins.convert, org.apache.logging.log4j.core.config.plugins.validation.constraints, org.apache.logging.log4j.core.filter, org.apache.logging.log4j.core.test.layout, org.apache.logging.log4j.core.config.plugins.validation, org.apache.logging.log4j.core.appender.mom, org.apache.logging.log4j.perf.nogc, org.apache.logging.log4j.core.config.plugins.processor, org.apache.logging.log4j.core.config.plugins.visitors, org.apache.logging.log4j.spi, org.apache.logging.log4j.core.config.plugins, org.apache.logging.log4j.util, org.apache.logging.log4j.message, org.apache.logging.log4j.core.layout, org.apache.logging.log4j.core.config.plugins.util]",55656;54327;55632;55717;54763;54301;55103;54672;54724;55520;54308;55100;55388;54777;55552;54912;55534;55401;54528;55082;55743;55570,0.0,,0.0,0.0,0.0,6.636363636363637,3.45021645021645,125,8.354648267774448E-5,1,7.548632838109016,CIRCLE,22,268,1,1.2984415324623362,1.4991736384325027,0.0,0,cyclicDep,163386,smell
logging-log4j2,4f474b32751f4ccad67424ca585612584440cd63,1,2026-01-22T10:08:42.000,282.84718178781134,18.490298708984305,0.0,CONTAINER,PACKAGE,"[org.apache.logging.log4j.status, org.apache.logging.log4j.core, org.apache.logging.log4j.core.config, org.apache.logging.log4j.core.impl, org.apache.logging.log4j.internal, org.apache.logging.log4j.core.appender, org.apache.logging.log4j.core.config.plugins.validation.validators, org.apache.logging.log4j.core.config.plugins.validation, org.apache.logging.log4j.core.appender.mom, org.apache.logging.log4j.core.config.plugins.processor, org.apache.logging.log4j.core.appender.rolling.action, org.apache.logging.log4j.util, org.apache.logging.log4j.message, org.apache.logging.log4j.core.config.plugins.util, org.apache.logging.log4j.core.util, org.apache.logging.log4j.core.script, org.apache.logging.log4j.core.async, org.apache.logging.log4j.core.config.plugins.convert, org.apache.logging.log4j.core.config.plugins.validation.constraints, org.apache.logging.log4j.core.filter, org.apache.logging.log4j.perf.nogc, org.apache.logging.log4j.core.config.plugins.visitors, org.apache.logging.log4j.spi, org.apache.logging.log4j.core.config.plugins, org.apache.logging.log4j.core.appender.rolling, org.apache.logging.log4j.core.layout]",54327;55632;55717;54763;54301;55103;54672;54724;55520;54308;55100;55388;54777;55552;54912;55534;55401;54528;55082;55743;54910;54437;54597;55138;54626;54431,0.0,,0.0,0.0,0.0,6.576923076923077,3.473846153846154,216,8.373065431385651E-5,1,7.548632838109016,CIRCLE,26,1404,6,1.2762046171566968,1.5059141790928525,0.0,0,cyclicDep,163412,smell
logging-log4j2,4f474b32751f4ccad67424ca585612584440cd63,1,2026-01-22T10:08:42.000,150.18078449022332,10.094642806409794,0.0,CONTAINER,PACKAGE,"[org.apache.logging.log4j.perf.nogc, org.apache.logging.log4j.core.script, org.apache.logging.log4j.core.async, org.apache.logging.log4j.core.impl, org.apache.logging.log4j.spi, org.apache.logging.log4j.internal, org.apache.logging.log4j.util, org.apache.logging.log4j.message, org.apache.logging.log4j.core.layout, org.apache.logging.log4j.core.filter]",54327;55632;55717;54763;54301;55103;54672;54724;55520;54365,0.0,,0.0,0.0,0.0,5.6,2.111111111111111,38,1.213228073475031E-4,1,5.828144741653815,CIRCLE,10,664,3,0.4898979485566356,0.3142696805273545,0.0,0,cyclicDep,163442,smell
logging-log4j2,4f474b32751f4ccad67424ca585612584440cd63,1,2026-01-22T10:08:42.000,42.30905206554938,4.616296039814471,0.0,CONTAINER,PACKAGE,"[org.apache.logging.log4j.perf.nogc, org.apache.logging.log4j.spi, org.apache.logging.log4j.core.layout]",54327;55632;54736,0.0,,0.0,0.0,0.0,5.666666666666667,2.3333333333333335,4,1.1219629010359961E-4,1,4.616296039814471,CIRCLE,3,84,1,0.4714045207910317,0.4714045207910317,0.0,0,cyclicDep,163456,smell
logging-log4j2,4f474b32751f4ccad67424ca585612584440cd63,1,2026-01-22T10:08:42.000,69.13915217290202,6.017790772511538,0.0,CONTAINER,PACKAGE,"[org.apache.logging.log4j.status, org.apache.logging.log4j.perf.nogc, org.apache.logging.log4j.core.script, org.apache.logging.log4j.core.async, org.apache.logging.log4j.core.impl, org.apache.logging.log4j.spi, org.apache.logging.log4j.internal, org.apache.logging.log4j.util, org.apache.logging.log4j.message, org.apache.logging.log4j.core.layout, org.apache.logging.log4j.core.filter]",54327;55632;55717;54763;54301;55103;54672;54724;55520;54308;54690,0.0,,0.0,0.0,0.0,5.545454545454546,2.090909090909091,50,1.3453675040944757E-4,1,6.017790772511538,CIRCLE,11,132,1,0.4979295977319692,0.28747978728803447,0.0,0,cyclicDep,163463,smell
logging-log4j2,4f474b32751f4ccad67424ca585612584440cd63,1,2026-01-22T10:08:42.000,57.39361563218435,4.52325057314116,0.0,CONTAINER,PACKAGE,"[org.apache.logging.log4j.perf.nogc, org.apache.logging.log4j.spi, org.apache.logging.log4j.internal, org.apache.logging.log4j.util, org.apache.logging.log4j.core.layout]",54327;55632;55717;54763;54318,0.0,,0.0,0.0,0.0,5.4,2.1,12,1.6192489625318867E-4,1,4.52325057314116,CIRCLE,5,161,1,0.4898979485566356,0.3,0.0,0,cyclicDep,163478,smell
logging-log4j2,4f474b32751f4ccad67424ca585612584440cd63,1,2026-01-22T10:08:42.000,42.81388667053924,5.93721783432821,0.0,CONTAINER,PACKAGE,"[org.apache.logging.log4j.perf.nogc, org.apache.logging.log4j.core.script, org.apache.logging.log4j.core.async, org.apache.logging.log4j.core.impl, org.apache.logging.log4j.spi, org.apache.logging.log4j.internal, org.apache.logging.log4j.util, org.apache.logging.log4j.message, org.apache.logging.log4j.core.filter]",55632;55717;54763;54301;55103;54672;54724;55520;54426,0.0,,0.0,0.0,0.0,5.555555555555555,2.111111111111111,31,1.3056016681176687E-4,1,5.93721783432821,CIRCLE,9,52,1,0.4969039949999533,0.3142696805273545,0.0,0,cyclicDep,163487,smell
logging-log4j2,4f474b32751f4ccad67424ca585612584440cd63,1,2026-01-22T10:08:42.000,30.641751456005487,4.567802613685428,0.0,CONTAINER,PACKAGE,"[org.apache.logging.log4j.perf.nogc, org.apache.logging.log4j.spi, org.apache.logging.log4j.internal, org.apache.logging.log4j.util]",55632;55717;54763;55263,0.0,,0.0,0.0,0.0,5.25,2.0,9,1.9285947727420345E-4,1,4.567802613685428,CIRCLE,4,45,1,0.4330127018922193,0.0,0.0,0,cyclicDep,163506,smell
logging-log4j2,4f474b32751f4ccad67424ca585612584440cd63,1,2026-01-22T10:08:42.000,265.3424101094346,18.339499321495587,0.0,CONTAINER,PACKAGE,"[org.apache.logging.log4j.status, org.apache.logging.log4j.core, org.apache.logging.log4j.core.config, org.apache.logging.log4j.core.impl, org.apache.logging.log4j.internal, org.apache.logging.log4j.core.appender, org.apache.logging.log4j.core.config.plugins.validation.validators, org.apache.logging.log4j.core.config.plugins.validation, org.apache.logging.log4j.core.appender.mom, org.apache.logging.log4j.core.config.plugins.processor, org.apache.logging.log4j, org.apache.logging.log4j.core.appender.rolling.action, org.apache.log4j.or, org.apache.logging.log4j.util, org.apache.logging.log4j.message, org.apache.logging.log4j.core.config.plugins.util, org.apache.logging.log4j.core.util, org.apache.logging.log4j.core.script, org.apache.logging.log4j.core.async, org.apache.log4j.helpers, org.apache.logging.log4j.core.config.plugins.convert, org.apache.logging.log4j.core.config.plugins.validation.constraints, org.apache.logging.log4j.core.filter, org.apache.log4j.bridge, org.apache.logging.log4j.core.config.plugins.visitors, org.apache.logging.log4j.spi, org.apache.logging.log4j.core.config.plugins, org.apache.logging.log4j.core.appender.rolling, org.apache.log4j, org.apache.log4j.spi, org.apache.logging.log4j.simple]",55465;55717;54763;54301;55103;54672;54724;55520;54308;55100;55388;54777;55552;54912;55534;55401;54528;55082;55743;54910;54437;54597;55138;54626;55122;55202;54664;55462;54440;54843;54799,0.0,,0.0,0.0,0.0,6.032258064516129,3.868817204301075,269,8.457803431943997E-5,1,7.48706924596375,CIRCLE,31,1256,6,1.6161258128871419,1.739483206817699,0.0,0,cyclicDep,163514,smell
logging-log4j2,4f474b32751f4ccad67424ca585612584440cd63,1,2026-01-22T10:08:42.000,48.812289600798096,6.054419385326572,0.0,CONTAINER,PACKAGE,"[org.apache.logging.log4j.core.script, org.apache.logging.log4j.core.async, org.apache.logging.log4j.core.impl, org.apache.logging.log4j.spi, org.apache.logging.log4j.internal, org.apache.logging.log4j.util, org.apache.logging.log4j.message, org.apache.logging.log4j.core.filter, org.apache.logging.log4j.simple]",55465;55717;54763;54301;55103;54672;54724;55520;54322,0.0,,0.0,0.0,0.0,5.444444444444445,2.0,30,1.341219243962095E-4,1,6.054419385326572,CIRCLE,9,65,1,0.4969039949999533,0.0,0.0,0,cyclicDep,163549,smell
logging-log4j2,4f474b32751f4ccad67424ca585612584440cd63,1,2026-01-22T10:08:42.000,260.2227828607216,18.339499321495587,0.0,CONTAINER,PACKAGE,"[org.apache.logging.log4j.status, org.apache.logging.log4j.core, org.apache.logging.log4j.core.config, org.apache.logging.log4j.core.impl, org.apache.logging.log4j.internal, org.apache.logging.log4j.core.appender, org.apache.logging.log4j.core.config.plugins.validation.validators, org.apache.logging.log4j.core.config.plugins.validation, org.apache.logging.log4j.core.appender.mom, org.apache.logging.log4j.core.config.plugins.processor, org.apache.logging.log4j, org.apache.logging.log4j.core.appender.rolling.action, org.apache.log4j.or, org.apache.logging.log4j.util, org.apache.logging.log4j.message, org.apache.logging.log4j.core.config.plugins.util, org.apache.logging.log4j.core.util, org.apache.logging.log4j.core.script, org.apache.logging.log4j.core.async, org.apache.log4j.helpers, org.apache.logging.log4j.core.config.plugins.convert, org.apache.logging.log4j.core.config.plugins.validation.constraints, org.apache.logging.log4j.core.filter, org.apache.log4j.bridge, org.apache.logging.log4j.core.config.plugins.visitors, org.apache.logging.log4j.spi, org.apache.logging.log4j.core.config.plugins, org.apache.logging.log4j.core.appender.rolling, org.apache.logging.log4j.simple.internal, org.apache.log4j, org.apache.log4j.spi, org.apache.logging.log4j.simple]",55259;55465;55717;54763;54301;55103;54672;54724;55520;54308;55100;55388;54777;55552;54912;55534;55401;54528;55082;55743;54910;54437;54597;55138;54626;55122;55202;54664;55462;54440;54843;55801,0.0,,0.0,0.0,0.0,6.03125,3.911290322580645,275,8.337393676770859E-5,1,7.48706924596375,CIRCLE,32,1208,6,1.5906833240780516,1.7133823216751503,0.0,0,cyclicDep,163562,smell
logging-log4j2,4f474b32751f4ccad67424ca585612584440cd63,1,2026-01-22T10:08:42.000,19.837268478178174,6.273095094730522,0.0,CONTAINER,PACKAGE,"[org.apache.logging.log4j.simple.internal, org.apache.logging.log4j.simple]",55259;55174,0.0,,0.0,0.0,0.0,5.5,4.0,2,5.1667809840008264E-5,1,6.273095094730522,TINY,2,10,1,0.5,0.0,0.0,0,cyclicDep,163598,smell
logging-log4j2,4f474b32751f4ccad67424ca585612584440cd63,1,2026-01-22T10:08:42.000,21.643042026245112,4.722898969256126,0.0,CONTAINER,PACKAGE,"[org.apache.logging.log4j.spi, org.apache.logging.log4j.simple.internal, org.apache.logging.log4j.simple]",55259;55465;55140,0.0,,0.0,0.0,0.0,5.333333333333333,3.3333333333333335,5,1.2550167635522956E-4,1,4.722898969256126,CIRCLE,3,21,1,0.4714045207910317,0.9428090415820634,0.0,0,cyclicDep,163604,smell
logging-log4j2,4f474b32751f4ccad67424ca585612584440cd63,1,2026-01-22T10:08:42.000,23.01861274738641,4.907584727255168,0.0,CONTAINER,PACKAGE,"[org.apache.logging.log4j.spi, org.apache.logging.log4j.internal, org.apache.logging.log4j.util, org.apache.logging.log4j.simple.internal, org.apache.logging.log4j.simple]",55259;55465;55717;54763;55525,0.0,,0.0,0.0,0.0,5.2,2.8,14,1.6990812800416665E-4,1,4.907584727255168,CIRCLE,5,22,1,0.39999999999999997,0.9797958971132712,0.0,0,cyclicDep,163611,smell
logging-log4j2,4f474b32751f4ccad67424ca585612584440cd63,1,2026-01-22T10:08:42.000,16.80905236030132,4.076794020474129,0.0,CONTAINER,PACKAGE,"[org.apache.logging.log4j.spi, org.apache.logging.log4j.internal, org.apache.logging.log4j.util, org.apache.logging.log4j.simple]",55465;55717;54763;54695,0.0,,0.0,0.0,0.0,5.0,2.0,9,2.0087343183919945E-4,1,4.076794020474129,CIRCLE,4,17,1,0.0,0.0,0.0,0,cyclicDep,163626,smell
logging-log4j2,4f474b32751f4ccad67424ca585612584440cd63,1,2026-01-22T10:08:42.000,60.630873522599934,5.945346292652177,0.0,CONTAINER,PACKAGE,"[org.apache.logging.log4j.status, org.apache.logging.log4j.core.script, org.apache.logging.log4j.core.async, org.apache.logging.log4j.core.impl, org.apache.logging.log4j.spi, org.apache.logging.log4j.internal, org.apache.logging.log4j.util, org.apache.logging.log4j.message, org.apache.logging.log4j.core.filter]",55717;54763;54301;55103;54672;54724;55520;54308;55314,0.0,,0.0,0.0,0.0,5.444444444444445,2.0,37,1.5738719928653296E-4,1,5.945346292652177,CIRCLE,9,104,1,0.4969039949999533,0.0,0.0,0,cyclicDep,163634,smell
logging-log4j2,4f474b32751f4ccad67424ca585612584440cd63,1,2026-01-22T10:08:42.000,59.19347846628286,6.073122749102495,0.0,CONTAINER,PACKAGE,"[org.apache.logging.log4j.status, org.apache.logging.log4j.core.script, org.apache.logging.log4j.core.async, org.apache.logging.log4j.core.impl, org.apache.logging.log4j.internal, org.apache.logging.log4j.util, org.apache.logging.log4j.message, org.apache.logging.log4j.core.filter]",54763;54301;55103;54672;54724;55520;54308;55351,0.0,,0.0,0.0,0.0,5.5,2.0,27,1.4291442302414055E-4,1,6.073122749102495,CIRCLE,8,95,1,0.5,0.0,0.0,0,cyclicDep,163654,smell
logging-log4j2,4f474b32751f4ccad67424ca585612584440cd63,1,2026-01-22T10:08:42.000,31.332507878188352,4.723553289672971,0.0,CONTAINER,PACKAGE,"[org.apache.logging.log4j.core.script, org.apache.logging.log4j.core.async, org.apache.logging.log4j.core.impl, org.apache.logging.log4j.util, org.apache.logging.log4j.message, org.apache.logging.log4j.core.filter]",54301;55103;54672;54724;55520;55514,0.0,,0.0,0.0,0.0,5.666666666666667,2.0,15,1.3306177799057454E-4,1,4.723553289672971,CIRCLE,6,44,1,0.4714045207910317,0.0,0.0,0,cyclicDep,163672,smell
logging-log4j2,4f474b32751f4ccad67424ca585612584440cd63,1,2026-01-22T10:08:42.000,51.303446873958656,4.913978993832451,0.0,CONTAINER,PACKAGE,"[org.apache.logging.log4j.status, org.apache.logging.log4j.core.script, org.apache.logging.log4j.core.async, org.apache.logging.log4j.core.impl, org.apache.logging.log4j.util, org.apache.logging.log4j.message, org.apache.logging.log4j.core.filter]",54301;55103;54672;54724;55520;54308;54305,0.0,,0.0,0.0,0.0,5.571428571428571,2.0,23,1.5214954985319132E-4,1,4.913978993832451,CIRCLE,7,109,1,0.4948716593053935,0.0,0.0,0,cyclicDep,163682,smell
logging-log4j2,4f474b32751f4ccad67424ca585612584440cd63,1,2026-01-22T10:08:42.000,57.183433850273204,5.7471513425898255,0.0,CONTAINER,PACKAGE,"[org.apache.logging.log4j.status, org.apache.logging.log4j.core.script, org.apache.logging.log4j.core.async, org.apache.logging.log4j.util.internal, org.apache.logging.log4j.core.impl, org.apache.logging.log4j.util, org.apache.logging.log4j.message, org.apache.logging.log4j.core.filter]",55533;54301;55103;54672;54724;55520;54308;55683,0.0,,0.0,0.0,0.0,5.625,2.5,27,1.4177743173712613E-4,1,5.7471513425898255,CIRCLE,8,99,1,0.4841229182759271,0.8660254037844386,0.0,0,cyclicDep,163693,smell
logging-log4j2,4f474b32751f4ccad67424ca585612584440cd63,1,2026-01-22T10:08:42.000,19.24582224477994,6.086063373623925,0.0,CONTAINER,PACKAGE,"[org.apache.logging.log4j.util.internal, org.apache.logging.log4j.util]",55533;55471,0.0,,0.0,0.0,0.0,5.5,4.0,2,2.3196984032951463E-4,1,6.086063373623925,TINY,2,10,1,0.5,0.0,0.0,0,cyclicDep,163705,smell
logging-log4j2,4f474b32751f4ccad67424ca585612584440cd63,1,2026-01-22T10:08:42.000,254.89045221620077,16.741595786223037,0.0,CONTAINER,PACKAGE,"[org.apache.logging.log4j.core.util, org.apache.logging.log4j.status, org.apache.logging.log4j.core.async, org.apache.logging.log4j.core, org.apache.logging.log4j.core.config, org.apache.logging.log4j.core.impl, org.apache.logging.log4j.core.appender, org.apache.logging.log4j.core.config.plugins.validation.validators, org.apache.logging.log4j.core.config.plugins.convert, org.apache.logging.log4j.core.config.plugins.validation.constraints, org.apache.logging.log4j.core.filter, org.apache.logging.log4j.core.config.plugins.validation, org.apache.logging.log4j.core.appender.mom, org.apache.logging.log4j.core.config.plugins.processor, org.apache.logging.log4j.core.config.plugins.visitors, org.apache.logging.log4j.core.appender.rolling.action, org.apache.logging.log4j.core.config.plugins, org.apache.logging.log4j.core.appender.rolling, org.apache.logging.log4j.message, org.apache.logging.log4j.core.config.plugins.util]",54672;54724;55520;54308;55100;55388;54777;55552;54912;55534;55401;54528;55082;55743;54910;54437;54597;55138;54626;54971,0.0,,0.0,0.0,0.0,6.9,3.731578947368421,143,6.77141364445005E-5,1,7.48706924596375,CIRCLE,20,1159,5,1.2609520212918492,1.6595981224314034,0.0,0,cyclicDep,163711,smell
logging-log4j2,4f474b32751f4ccad67424ca585612584440cd63,1,2026-01-22T10:08:42.000,52.3981718937571,4.292625499220944,0.0,CONTAINER,PACKAGE,"[org.apache.logging.log4j.core.async, org.apache.logging.log4j.core.impl, org.apache.logging.log4j.message, org.apache.logging.log4j.core.filter]",54672;54724;55520;54580,0.0,,0.0,0.0,0.0,5.75,2.0,8,9.762844755119285E-5,1,4.292625499220944,CIRCLE,4,149,1,0.4330127018922193,0.0,0.0,0,cyclicDep,163735,smell
logging-log4j2,4f474b32751f4ccad67424ca585612584440cd63,1,2026-01-22T10:08:42.000,41.50546558363706,4.6404521241395225,0.0,CONTAINER,PACKAGE,"[org.apache.logging.log4j.status, org.apache.logging.log4j.core.async, org.apache.logging.log4j.core.impl, org.apache.logging.log4j.message, org.apache.logging.log4j.core.filter]",54672;54724;55520;54308;55354,0.0,,0.0,0.0,0.0,5.6,2.0,13,1.3143799424673272E-4,1,4.6404521241395225,CIRCLE,5,80,1,0.4898979485566356,0.0,0.0,0,cyclicDep,163743,smell
logging-log4j2,4f474b32751f4ccad67424ca585612584440cd63,1,2026-01-22T10:08:42.000,264.4511169465297,17.11308251578521,0.0,CONTAINER,PACKAGE,"[org.apache.logging.log4j.status, org.apache.logging.log4j.core, org.apache.logging.log4j.core.config, org.apache.logging.log4j.core.impl, org.apache.logging.log4j.core.appender, org.apache.logging.log4j.core.config.plugins.validation.validators, org.apache.logging.log4j.core.config.plugins.validation, org.apache.logging.log4j.core.appender.mom, org.apache.logging.log4j.core.config.plugins.processor, org.apache.logging.log4j, org.apache.logging.log4j.core.appender.rolling.action, org.apache.log4j.or, org.apache.logging.log4j.message, org.apache.logging.log4j.core.config.plugins.util, org.apache.logging.log4j.core.util, org.apache.logging.log4j.core.async, org.apache.log4j.helpers, org.apache.logging.log4j.core.config.plugins.convert, org.apache.logging.log4j.core.config.plugins.validation.constraints, org.apache.log4j.bridge, org.apache.logging.log4j.core.config.plugins.visitors, org.apache.logging.log4j.core.jmx, org.apache.logging.log4j.core.config.plugins, org.apache.logging.log4j.core.appender.rolling, org.apache.log4j, org.apache.log4j.spi]",54813;54724;55520;54308;55100;55388;54777;55552;54912;55534;55401;54528;55082;55743;54910;54437;54597;55138;54626;55122;55202;54664;55462;54440;54843;55360,0.0,,0.0,0.0,0.0,6.1923076923076925,4.1692307692307695,197,6.865928181575157E-5,1,7.653203161971768,CIRCLE,26,1194,5,1.710133390416593,1.8693415605026507,0.0,0,cyclicDep,163758,smell
logging-log4j2,4f474b32751f4ccad67424ca585612584440cd63,1,2026-01-22T10:08:42.000,249.6687824978687,16.741595786223037,0.0,CONTAINER,PACKAGE,"[org.apache.logging.log4j.status, org.apache.logging.log4j.core.async, org.apache.logging.log4j.core, org.apache.logging.log4j.core.config, org.apache.logging.log4j.core.impl, org.apache.logging.log4j.core.appender, org.apache.logging.log4j.core.config.plugins.validation.validators, org.apache.logging.log4j.core.config.plugins.convert, org.apache.logging.log4j.core.config.plugins.validation.constraints, org.apache.logging.log4j.core.config.plugins.validation, org.apache.logging.log4j.core.appender.mom, org.apache.logging.log4j.core.config.plugins.processor, org.apache.logging.log4j.core.config.plugins.visitors, org.apache.logging.log4j.core.jmx, org.apache.logging.log4j.core.appender.rolling.action, org.apache.logging.log4j.core.config.plugins, org.apache.logging.log4j.core.appender.rolling, org.apache.logging.log4j.message, org.apache.logging.log4j.core.config.plugins.util]",54813;54724;55520;54308;55100;55388;54777;55552;54912;55534;55401;54528;55082;55743;54910;54437;54597;55138;54995,0.0,,0.0,0.0,0.0,6.947368421052632,3.818713450292398,118,6.363938511407075E-5,1,7.48706924596375,CIRCLE,19,1112,5,1.2762479634718042,1.6847789813904015,0.0,0,cyclicDep,163788,smell
logging-log4j2,4f474b32751f4ccad67424ca585612584440cd63,1,2026-01-22T10:08:42.000,227.78201013694286,15.666317710477207,0.0,CONTAINER,PACKAGE,"[org.apache.logging.log4j.status, org.apache.logging.log4j.core.async, org.apache.logging.log4j.core.config, org.apache.logging.log4j.core.impl, org.apache.logging.log4j.core.appender, org.apache.logging.log4j.core.config.plugins.validation.validators, org.apache.logging.log4j.core.config.plugins.convert, org.apache.logging.log4j.core.config.plugins.validation.constraints, org.apache.logging.log4j.core.config.plugins.validation, org.apache.logging.log4j.core.appender.mom, org.apache.logging.log4j.core.config.plugins.processor, org.apache.logging.log4j.core.config.plugins.visitors, org.apache.logging.log4j.core.jmx, org.apache.logging.log4j.core.appender.rolling.action, org.apache.logging.log4j.core.config.plugins, org.apache.logging.log4j.core.appender.rolling, org.apache.logging.log4j.message, org.apache.logging.log4j.core.config.plugins.util]",54813;54724;55520;54308;55100;55388;54777;55552;54912;55534;55401;54528;55082;55743;54910;54437;54597;55563,0.0,,0.0,0.0,0.0,7.055555555555555,3.915032679738562,97,5.898964012670881E-5,1,7.00619027154718,CIRCLE,18,1057,5,1.2234841969747356,1.6994720918829167,0.0,0,cyclicDep,163811,smell
logging-log4j2,4f474b32751f4ccad67424ca585612584440cd63,1,2026-01-22T10:08:42.000,115.5390927111553,6.820057001743289,0.0,CONTAINER,PACKAGE,"[org.apache.logging.log4j.status, org.apache.logging.log4j.core.async, org.apache.logging.log4j.core.config, org.apache.logging.log4j.core.impl, org.apache.logging.log4j.core.config.plugins.validation.validators, org.apache.logging.log4j.core.config.plugins.convert, org.apache.logging.log4j.core.config.plugins.validation.constraints, org.apache.logging.log4j.core.config.plugins.validation, org.apache.logging.log4j.core.appender.mom, org.apache.logging.log4j.core.config.plugins.processor, org.apache.logging.log4j.core.config.plugins.visitors, org.apache.logging.log4j.core.jmx, org.apache.logging.log4j.core.config.plugins, org.apache.logging.log4j.message, org.apache.logging.log4j.core.config.plugins.util]",54813;54724;55520;54308;55100;55388;54777;55552;54912;55534;55401;54528;55082;55743;55258,0.0,,0.0,0.0,0.0,7.066666666666666,3.7523809523809524,64,6.58343826955538E-5,1,6.820057001743289,CIRCLE,15,287,1,1.2892719737209144,1.80359932400241,0.0,0,cyclicDep,163839,smell
logging-log4j2,4f474b32751f4ccad67424ca585612584440cd63,1,2026-01-22T10:08:42.000,15.975756609936214,3.3311755286392892,0.0,CONTAINER,PACKAGE,"[org.apache.logging.log4j.core.async, org.apache.logging.log4j.core.impl, org.apache.logging.log4j.core.jmx]",54813;54724;55692,0.0,,0.0,0.0,0.0,6.0,2.0,5,4.086103246109867E-5,1,3.3311755286392892,CIRCLE,3,23,1,0.0,0.0,0.0,0,cyclicDep,163858,smell
logging-log4j2,4f474b32751f4ccad67424ca585612584440cd63,1,2026-01-22T10:08:42.000,247.41337238736904,16.741595786223037,0.0,CONTAINER,PACKAGE,"[org.apache.logging.log4j.core.util, org.apache.logging.log4j.status, org.apache.logging.log4j.core.async, org.apache.logging.log4j.core, org.apache.logging.log4j.core.config, org.apache.logging.log4j.core.impl, org.apache.logging.log4j.core.appender, org.apache.logging.log4j.core.config.plugins.validation.validators, org.apache.logging.log4j.core.config.plugins.convert, org.apache.logging.log4j.core.config.plugins.validation.constraints, org.apache.logging.log4j.core.config.plugins.validation, org.apache.logging.log4j.core.appender.mom, org.apache.logging.log4j.core.config.plugins.processor, org.apache.logging.log4j.core.config.plugins.visitors, org.apache.logging.log4j.core.jmx, org.apache.logging.log4j.core.appender.rolling.action, org.apache.logging.log4j.core.config.plugins, org.apache.logging.log4j.core.appender.rolling, org.apache.logging.log4j.message, org.apache.logging.log4j.core.config.plugins.util]",54813;54724;55520;54308;55100;55388;54777;55552;54912;55534;55401;54528;55082;55743;54910;54437;54597;55138;54626;55058,0.0,,0.0,0.0,0.0,6.9,3.731578947368421,139,6.670442607790126E-5,1,7.48706924596375,CIRCLE,20,1092,5,1.2609520212918492,1.6595981224314034,0.0,0,cyclicDep,163865,smell
logging-log4j2,4f474b32751f4ccad67424ca585612584440cd63,1,2026-01-22T10:08:42.000,51.4651036890145,4.6404521241395225,0.0,CONTAINER,PACKAGE,"[org.apache.logging.log4j.status, org.apache.logging.log4j.core.async, org.apache.logging.log4j.core.impl, org.apache.logging.log4j.core.jmx, org.apache.logging.log4j.message]",54813;54724;55520;54308;55073,0.0,,0.0,0.0,0.0,5.6,2.0,13,1.2739915278033582E-4,1,4.6404521241395225,CIRCLE,5,123,1,0.4898979485566356,0.0,0.0,0,cyclicDep,163889,smell
logging-log4j2,4f474b32751f4ccad67424ca585612584440cd63,1,2026-01-22T10:08:42.000,257.9509961136171,16.741595786223037,0.0,CONTAINER,PACKAGE,"[org.apache.logging.log4j.core.util, org.apache.logging.log4j.status, org.apache.logging.log4j.core.async, org.apache.logging.log4j.core, org.apache.logging.log4j.core.config, org.apache.logging.log4j.core.impl, org.apache.logging.log4j.core.appender, org.apache.logging.log4j.core.config.plugins.validation.validators, org.apache.logging.log4j.core.config.plugins.convert, org.apache.logging.log4j.core.config.plugins.validation.constraints, org.apache.logging.log4j.core.config.plugins.validation, org.apache.logging.log4j.core.appender.mom, org.apache.logging.log4j.core.config.plugins.processor, org.apache.logging.log4j.core.config.plugins.visitors, org.apache.logging.log4j.core.appender.rolling.action, org.apache.logging.log4j.core.config.plugins, org.apache.logging.log4j.core.appender.rolling, org.apache.logging.log4j.message, org.apache.logging.log4j.core.config.plugins.util]",54724;55520;54308;55100;55388;54777;55552;54912;55534;55401;54528;55082;55743;54910;54437;54597;55138;54626;54566,0.0,,0.0,0.0,0.0,6.947368421052632,3.8128654970760234,130,6.962781067053754E-5,1,7.48706924596375,CIRCLE,19,1187,5,1.2762479634718042,1.692798119427427,0.0,0,cyclicDep,163898,smell
logging-log4j2,4f474b32751f4ccad67424ca585612584440cd63,1,2026-01-22T10:08:42.000,74.65751199347638,4.577545759127102,0.0,CONTAINER,PACKAGE,"[org.apache.logging.log4j.core.async, org.apache.logging.log4j.core.impl, org.apache.logging.log4j.message]",54724;55520;54357,0.0,,0.0,0.0,0.0,5.666666666666667,2.0,5,1.1971982135165823E-4,1,4.577545759127102,CIRCLE,3,266,1,0.4714045207910317,0.0,0.0,0,cyclicDep,163921,smell
logging-log4j2,4f474b32751f4ccad67424ca585612584440cd63,1,2026-01-22T10:08:42.000,48.60718549649236,5.095417551170249,0.0,CONTAINER,PACKAGE,"[org.apache.logging.log4j.status, org.apache.logging.log4j.core.async, org.apache.logging.log4j.core.impl, org.apache.logging.log4j.message]",54724;55520;54308;54423,0.0,,0.0,0.0,0.0,5.5,2.0,9,1.5645891127096672E-4,1,5.095417551170249,CIRCLE,4,91,1,0.5,0.0,0.0,0,cyclicDep,163928,smell
logging-log4j2,4f474b32751f4ccad67424ca585612584440cd63,1,2026-01-22T10:08:42.000,126.37801786175122,6.69802155064311,0.0,CONTAINER,PACKAGE,"[org.apache.logging.log4j.status, org.apache.logging.log4j.core.config, org.apache.logging.log4j.core.impl, org.apache.logging.log4j.core.config.plugins.validation.validators, org.apache.logging.log4j.core.config.plugins.convert, org.apache.logging.log4j.core.config.plugins.validation.constraints, org.apache.logging.log4j.core.config.plugins.validation, org.apache.logging.log4j.core.appender.mom, org.apache.logging.log4j.core.config.plugins.processor, org.apache.logging.log4j.core.config.plugins.visitors, org.apache.logging.log4j.core.config.plugins, org.apache.logging.log4j.message, org.apache.logging.log4j.core.config.plugins.util]",55520;54308;55100;55388;54777;55552;54912;55534;55401;54528;55082;55743;54386,0.0,,0.0,0.0,0.0,7.230769230769231,4.0256410256410255,51,7.26021091848893E-5,1,6.69802155064311,CIRCLE,13,356,1,1.309952797378954,1.967520624948808,0.0,0,cyclicDep,163936,smell
logging-log4j2,4f474b32751f4ccad67424ca585612584440cd63,1,2026-01-22T10:08:42.000,267.3507922426063,17.447468748423404,0.0,CONTAINER,PACKAGE,"[org.apache.logging.log4j.status, org.apache.logging.log4j.core, org.apache.logging.log4j.core.config, org.apache.logging.log4j.core.impl, org.apache.logging.log4j.core.appender, org.apache.logging.log4j.core.config.plugins.validation.validators, org.apache.logging.log4j.core.config.plugins.validation, org.apache.logging.log4j.core.appender.mom, org.apache.logging.log4j.core.config.plugins.processor, org.apache.logging.log4j, org.apache.logging.log4j.core.appender.rolling.action, org.apache.log4j.or, org.apache.logging.log4j.message, org.apache.logging.log4j.core.config.plugins.util, org.apache.logging.log4j.core.util, org.apache.log4j.helpers, org.apache.logging.log4j.core.config.composite, org.apache.logging.log4j.core.config.plugins.convert, org.apache.logging.log4j.core.config.plugins.validation.constraints, org.apache.log4j.bridge, org.apache.logging.log4j.core.config.plugins.visitors, org.apache.logging.log4j.core.config.plugins, org.apache.logging.log4j.core.appender.rolling, org.apache.log4j, org.apache.log4j.spi]",55242;55520;54308;55100;55388;54777;55552;54912;55534;55401;54528;55082;55743;54910;54437;54597;55138;54626;55122;55202;54664;55462;54440;54843;54787,0.0,,0.0,0.0,0.0,6.24,4.333333333333333,179,7.01911175872256E-5,1,7.802745231355582,CIRCLE,25,1174,5,1.7499714283381886,1.8856180831641265,0.0,0,cyclicDep,163953,smell
logging-log4j2,4f474b32751f4ccad67424ca585612584440cd63,1,2026-01-22T10:08:42.000,227.32852869848924,15.68715883107974,0.0,CONTAINER,PACKAGE,"[org.apache.logging.log4j.status, org.apache.logging.log4j.core, org.apache.logging.log4j.core.config, org.apache.logging.log4j.core.impl, org.apache.logging.log4j.core.appender, org.apache.logging.log4j.core.config.composite, org.apache.logging.log4j.core.config.plugins.validation.validators, org.apache.logging.log4j.core.config.plugins.convert, org.apache.logging.log4j.core.config.plugins.validation.constraints, org.apache.logging.log4j.core.config.plugins.validation, org.apache.logging.log4j.core.appender.mom, org.apache.logging.log4j.core.config.plugins.processor, org.apache.logging.log4j.core.config.plugins.visitors, org.apache.logging.log4j.core.appender.rolling.action, org.apache.logging.log4j.core.config.plugins, org.apache.logging.log4j.core.appender.rolling, org.apache.logging.log4j.message, org.apache.logging.log4j.core.config.plugins.util]",55242;55520;54308;55100;55388;54777;55552;54912;55534;55401;54528;55082;55743;54910;54437;54597;55138;55496,0.0,,0.0,0.0,0.0,7.055555555555555,4.045751633986928,103,6.548805164658022E-5,1,7.015510704026088,CIRCLE,18,1050,5,1.2680791345014808,1.712468192657412,0.0,0,cyclicDep,163982,smell
logging-log4j2,4f474b32751f4ccad67424ca585612584440cd63,1,2026-01-22T10:08:42.000,156.7784703500018,6.829377434222197,0.0,CONTAINER,PACKAGE,"[org.apache.logging.log4j.status, org.apache.logging.log4j.core.config, org.apache.logging.log4j.core.impl, org.apache.logging.log4j.core.config.composite, org.apache.logging.log4j.core.config.plugins.validation.validators, org.apache.logging.log4j.core.config.plugins.convert, org.apache.logging.log4j.core.config.plugins.validation.constraints, org.apache.logging.log4j.core.config.plugins.validation, org.apache.logging.log4j.core.appender.mom, org.apache.logging.log4j.core.config.plugins.processor, org.apache.logging.log4j.core.config.plugins.visitors, org.apache.logging.log4j.core.config.plugins, org.apache.logging.log4j.message, org.apache.logging.log4j.core.config.plugins.util]",55242;55520;54308;55100;55388;54777;55552;54912;55534;55401;54528;55082;55743;55480,0.0,,0.0,0.0,0.0,7.214285714285714,4.065934065934066,55,6.836802520745762E-5,1,6.829377434222197,CIRCLE,14,527,1,1.2637004294967238,1.8915787801112025,0.0,0,cyclicDep,164004,smell
logging-log4j2,4f474b32751f4ccad67424ca585612584440cd63,1,2026-01-22T10:08:42.000,97.28691925050751,7.039434419680167,0.0,CONTAINER,PACKAGE,"[org.apache.logging.log4j.status, org.apache.logging.log4j.core.config.plugins.processor, org.apache.logging.log4j.core.impl, org.apache.logging.log4j.message, org.apache.logging.log4j.core.config.composite, org.apache.logging.log4j.core.config.plugins.validation.validators, org.apache.logging.log4j.core.config.plugins.validation.constraints, org.apache.logging.log4j.core.config.plugins.util, org.apache.logging.log4j.core.config.plugins.validation]",55242;55520;54308;55100;55388;54777;55552;54912;55387,0.0,,0.0,0.0,0.0,7.222222222222222,4.333333333333333,19,7.956901323243846E-5,1,7.039434419680167,CIRCLE,9,191,1,1.4740554623801778,2.0548046676563256,0.0,0,cyclicDep,164022,smell
logging-log4j2,4f474b32751f4ccad67424ca585612584440cd63,1,2026-01-22T10:08:42.000,251.27132211818125,16.34944363040493,0.0,CONTAINER,PACKAGE,"[org.apache.logging.log4j.core.util, org.apache.logging.log4j.status, org.apache.logging.log4j.core, org.apache.logging.log4j.core.config, org.apache.logging.log4j.core.impl, org.apache.logging.log4j.core.appender, org.apache.logging.log4j.core.config.composite, org.apache.logging.log4j.core.config.plugins.validation.validators, org.apache.logging.log4j.core.config.plugins.convert, org.apache.logging.log4j.core.config.plugins.validation.constraints, org.apache.logging.log4j.core.config.plugins.validation, org.apache.logging.log4j.core.appender.mom, org.apache.logging.log4j.core.config.plugins.processor, org.apache.logging.log4j.core.config.plugins.visitors, org.apache.logging.log4j.core.appender.rolling.action, org.apache.logging.log4j.core.config.plugins, org.apache.logging.log4j.core.appender.rolling, org.apache.logging.log4j.message, org.apache.logging.log4j.core.config.plugins.util]",55242;55520;54308;55100;55388;54777;55552;54912;55534;55401;54528;55082;55743;54910;54437;54597;55138;54626;54854,0.0,,0.0,0.0,0.0,7.0,3.9473684210526314,122,6.861711231732236E-5,1,7.311693470377275,CIRCLE,19,1181,5,1.2565617248750864,1.6867670655048301,0.0,0,cyclicDep,164035,smell
logging-log4j2,4f474b32751f4ccad67424ca585612584440cd63,1,2026-01-22T10:08:42.000,98.55208187552233,7.039434419680167,0.0,CONTAINER,PACKAGE,"[org.apache.logging.log4j.status, org.apache.logging.log4j.core.config.plugins.processor, org.apache.logging.log4j.core.impl, org.apache.logging.log4j.message, org.apache.logging.log4j.core.config.plugins.validation.validators, org.apache.logging.log4j.core.config.plugins.convert, org.apache.logging.log4j.core.config.plugins.validation.constraints, org.apache.logging.log4j.core.config.plugins.util, org.apache.logging.log4j.core.config.plugins.validation]",55520;54308;55100;55388;54777;55552;54912;55534;54444,0.0,,0.0,0.0,0.0,7.333333333333333,4.305555555555555,21,7.973211208040794E-5,1,7.039434419680167,CIRCLE,9,196,1,1.4907119849998598,2.2213539970583063,0.0,0,cyclicDep,164058,smell
logging-log4j2,4f474b32751f4ccad67424ca585612584440cd63,1,2026-01-22T10:08:42.000,249.2712926864795,17.62614214137463,0.0,CONTAINER,PACKAGE,"[org.apache.logging.log4j.core.util, org.apache.logging.log4j.status, org.apache.logging.log4j.core, org.apache.logging.log4j.core.config, org.apache.logging.log4j.core.impl, org.apache.logging.log4j.core.appender, org.apache.logging.log4j.core.config.plugins.validation.validators, org.apache.logging.log4j.core.config.plugins.convert, org.apache.logging.log4j.core.config.plugins.validation.constraints, org.apache.logging.log4j.core.config.plugins.validation, org.apache.logging.log4j.core.appender.mom, org.apache.logging.log4j.core.config.plugins.processor, org.apache.logging.log4j.core.config.plugins.visitors, org.apache.logging.log4j.core.appender.rolling.action, org.apache.logging.log4j.core.config.plugins, org.apache.logging.log4j.core.appender.rolling, org.apache.logging.log4j.message, org.apache.logging.log4j.core.config.plugins.util]",55520;54308;55100;55388;54777;55552;54912;55534;55401;54528;55082;55743;54910;54437;54597;55138;54626;54656,0.0,,0.0,0.0,0.0,7.0,3.9019607843137254,116,7.168890002934884E-5,1,7.195842396689247,CIRCLE,18,1200,6,1.2909944487358056,1.729273926301909,0.0,0,cyclicDep,164071,smell
logging-log4j2,4f474b32751f4ccad67424ca585612584440cd63,1,2026-01-22T10:08:42.000,41.19791183214392,4.577545759127102,0.0,CONTAINER,PACKAGE,"[org.apache.logging.log4j.status, org.apache.logging.log4j.core.impl, org.apache.logging.log4j.message]",55520;54308;55172,0.0,,0.0,0.0,0.0,5.333333333333333,2.0,5,1.9776914762397764E-4,1,4.577545759127102,CIRCLE,3,81,1,0.4714045207910317,0.0,0.0,0,cyclicDep,164099,smell
logging-log4j2,4f474b32751f4ccad67424ca585612584440cd63,1,2026-01-22T10:08:42.000,191.1751989900259,13.655371356430422,0.0,CONTAINER,PACKAGE,"[org.apache.logging.log4j.core.util, org.apache.logging.log4j.core, org.apache.logging.log4j.core.config, org.apache.logging.log4j.core.appender, org.apache.logging.log4j.core.config.plugins.convert, org.apache.logging.log4j.core.config.plugins.validation, org.apache.logging.log4j.core.appender.mom, org.apache.logging.log4j.core.config.plugins.processor, org.apache.logging.log4j.core.config.plugins.visitors, org.apache.logging.log4j.core.appender.rolling.action, org.apache.logging.log4j.core.config.plugins, org.apache.logging.log4j.core.appender.rolling, org.apache.logging.log4j.core.config.plugins.util]",55552;54912;55534;55401;54528;55082;55743;54910;54437;54597;55138;54626;55029,0.0,,0.0,0.0,0.0,7.076923076923077,3.6538461538461537,69,5.0234272709819544E-5,1,6.1068677221963865,CIRCLE,13,980,5,0.9970370305242862,1.50065731817353,0.0,0,cyclicDep,164112,smell
logging-log4j2,4f474b32751f4ccad67424ca585612584440cd63,1,2026-01-22T10:08:42.000,33.78854024341769,3.251303800843618,0.0,CONTAINER,PACKAGE,"[org.apache.logging.log4j.core.config.plugins.processor, org.apache.logging.log4j.core.config.plugins.visitors, org.apache.logging.log4j.core.config.plugins.convert, org.apache.logging.log4j.core.config.plugins.util]",54912;55534;55401;55535,0.0,,0.0,0.0,0.0,8.0,1.8333333333333333,6,1.9002279740158984E-5,1,3.251303800843618,CIRCLE,4,108,1,0.0,0.37267799624996495,0.0,0,cyclicDep,164129,smell
logging-log4j2,4f474b32751f4ccad67424ca585612584440cd63,1,2026-01-22T10:08:42.000,210.9191121956709,15.11974673950095,0.0,CONTAINER,PACKAGE,"[org.apache.logging.log4j.core.util, org.apache.logging.log4j.core.config.plugins.processor, org.apache.logging.log4j.core, org.apache.logging.log4j.core.config.plugins.visitors, org.apache.logging.log4j.core.config, org.apache.logging.log4j.core.appender, org.apache.logging.log4j.core.appender.rolling.action, org.apache.logging.log4j.core.config.plugins, org.apache.logging.log4j.core.appender.rolling, org.apache.logging.log4j.core.config.plugins.convert, org.apache.logging.log4j.core.config.plugins.util, org.apache.logging.log4j.core.appender.mom]",54912;55534;55401;54528;55082;55743;54910;54437;54597;55138;54626;55759,0.0,,0.0,0.0,0.0,7.0,3.772727272727273,62,5.228031030159958E-5,1,6.761756302420985,CIRCLE,12,973,5,1.0,1.4333205201554267,0.0,0,cyclicDep,164137,smell
logging-log4j2,4f474b32751f4ccad67424ca585612584440cd63,1,2026-01-22T10:08:42.000,34.37776528228294,3.371017230924486,0.0,CONTAINER,PACKAGE,"[org.apache.logging.log4j.core.config.plugins.visitors, org.apache.logging.log4j.core.config.plugins.convert, org.apache.logging.log4j.core.config.plugins.util]",55534;55401;55451,0.0,,0.0,0.0,0.0,8.0,1.6666666666666667,4,2.2819658006730557E-5,1,3.371017230924486,CIRCLE,3,104,1,0.0,0.4714045207910317,0.0,0,cyclicDep,164153,smell
logging-log4j2,4f474b32751f4ccad67424ca585612584440cd63,1,2026-01-22T10:08:42.000,230.60973023839668,16.372190672677572,0.0,CONTAINER,PACKAGE,"[org.apache.logging.log4j.core.util, org.apache.logging.log4j.core, org.apache.log4j.helpers, org.apache.logging.log4j.core.config, org.apache.logging.log4j.core.appender, org.apache.logging.log4j.core.config.plugins.convert, org.apache.logging.log4j.core.appender.mom, org.apache.log4j.bridge, org.apache.logging.log4j, org.apache.logging.log4j.core.config.plugins.visitors, org.apache.logging.log4j.core.appender.rolling.action, org.apache.log4j.or, org.apache.logging.log4j.core.config.plugins, org.apache.logging.log4j.core.appender.rolling, org.apache.logging.log4j.core.config.xml, org.apache.logging.log4j.core.config.plugins.util, org.apache.log4j, org.apache.log4j.spi]",55791;55534;55401;54528;55082;55743;54910;54437;54597;55138;54626;55122;55202;54664;55462;54440;54843;55799,0.0,,0.0,0.0,0.0,5.888888888888889,4.3202614379084965,107,6.029307440445039E-5,1,7.321866256939012,CIRCLE,18,992,5,1.6629588385661962,1.7625501235954022,0.0,0,cyclicDep,164160,smell
logging-log4j2,4f474b32751f4ccad67424ca585612584440cd63,1,2026-01-22T10:08:42.000,197.96568792777182,14.780145318428644,0.0,CONTAINER,PACKAGE,"[org.apache.logging.log4j.core, org.apache.logging.log4j.core.config.plugins.visitors, org.apache.logging.log4j.core.config, org.apache.logging.log4j.core.appender, org.apache.logging.log4j.core.appender.rolling.action, org.apache.logging.log4j.core.config.plugins, org.apache.logging.log4j.core.appender.rolling, org.apache.logging.log4j.core.config.plugins.convert, org.apache.logging.log4j.core.config.xml, org.apache.logging.log4j.core.config.plugins.util, org.apache.logging.log4j.core.appender.mom]",55791;55534;55401;54528;55082;55743;54910;54437;54597;55138;54819,0.0,,0.0,0.0,0.0,7.0,4.109090909090909,50,4.629839356708278E-5,1,6.6098819298663445,CIRCLE,11,897,5,0.9534625892455924,1.3970452881671669,0.0,0,cyclicDep,164182,smell
logging-log4j2,4f474b32751f4ccad67424ca585612584440cd63,1,2026-01-22T10:08:42.000,67.00927389867955,6.539435528594962,0.0,CONTAINER,PACKAGE,"[org.apache.logging.log4j.core.config.plugins.visitors, org.apache.logging.log4j.core.config, org.apache.logging.log4j.core.config.plugins, org.apache.logging.log4j.core.config.plugins.convert, org.apache.logging.log4j.core.config.xml, org.apache.logging.log4j.core.config.plugins.util, org.apache.logging.log4j.core.appender.mom]",55791;55534;55401;54528;55082;55743;54377,0.0,,0.0,0.0,0.0,7.285714285714286,4.095238095238095,20,4.1092821786267635E-5,1,6.539435528594962,CIRCLE,7,105,1,0.6998542122237652,1.4443572274383905,0.0,0,cyclicDep,164197,smell
logging-log4j2,4f474b32751f4ccad67424ca585612584440cd63,1,2026-01-22T10:08:42.000,26.635906719563962,5.437031691608455,0.0,CONTAINER,PACKAGE,"[org.apache.logging.log4j.core.config.plugins.visitors, org.apache.logging.log4j.core.config.plugins, org.apache.logging.log4j.core.config.plugins.convert, org.apache.logging.log4j.core.config.xml, org.apache.logging.log4j.core.config.plugins.util]",55791;55534;55401;54528;54872,0.0,,0.0,0.0,0.0,7.6,4.5,11,3.222869335324971E-5,1,5.437031691608455,CIRCLE,5,24,1,0.48989794855663565,1.9621416870348585,0.0,0,cyclicDep,164208,smell
logging-log4j2,4f474b32751f4ccad67424ca585612584440cd63,1,2026-01-22T10:08:42.000,14.057756598088535,7.028878299044267,0.0,CONTAINER,PACKAGE,"[org.apache.logging.log4j.core.config.xml, org.apache.logging.log4j.core.config.plugins.util]",55791;55549,0.0,,0.0,0.0,0.0,7.5,6.0,2,2.3309259345706426E-5,1,7.028878299044267,TINY,2,4,1,0.5,0.0,0.0,0,cyclicDep,164217,smell
logging-log4j2,4f474b32751f4ccad67424ca585612584440cd63,1,2026-01-22T10:08:42.000,189.6614157916365,14.191825447030059,0.0,CONTAINER,PACKAGE,"[org.apache.logging.log4j.core.util, org.apache.logging.log4j.core, org.apache.logging.log4j.core.config.plugins.visitors, org.apache.logging.log4j.core.config, org.apache.logging.log4j.core.appender, org.apache.logging.log4j.core.appender.rolling.action, org.apache.logging.log4j.core.config.plugins, org.apache.logging.log4j.core.appender.rolling, org.apache.logging.log4j.core.config.plugins.convert, org.apache.logging.log4j.core.config.xml, org.apache.logging.log4j.core.config.plugins.util, org.apache.logging.log4j.core.appender.mom]",55791;55534;55401;54528;55082;55743;54910;54437;54597;55138;54626;54844,0.0,,0.0,0.0,0.0,6.916666666666667,3.9696969696969697,63,5.285187780238265E-5,1,6.34677728487411,CIRCLE,12,893,5,0.9537935951882998,1.4138888663379643,0.0,0,cyclicDep,164223,smell
logging-log4j2,4f474b32751f4ccad67424ca585612584440cd63,1,2026-01-22T10:08:42.000,203.30297306525117,15.11974673950095,0.0,CONTAINER,PACKAGE,"[org.apache.logging.log4j.core.util, org.apache.logging.log4j.core, org.apache.logging.log4j.core.config.plugins.visitors, org.apache.logging.log4j.core.config, org.apache.logging.log4j.core.appender, org.apache.logging.log4j.core.appender.rolling.action, org.apache.logging.log4j.core.config.plugins, org.apache.logging.log4j.core.appender.rolling, org.apache.logging.log4j.core.config.plugins.convert, org.apache.logging.log4j.core.config.plugins.util, org.apache.logging.log4j.core.appender.mom]",55534;55401;54528;55082;55743;54910;54437;54597;55138;54626;54868,0.0,,0.0,0.0,0.0,6.909090909090909,3.8181818181818183,55,5.634668897079553E-5,1,6.761756302420985,CIRCLE,11,904,5,0.9958591954639384,1.4408445640842873,0.0,0,cyclicDep,164239,smell
logging-log4j2,4f474b32751f4ccad67424ca585612584440cd63,1,2026-01-22T10:08:42.000,200.243907406069,13.52351260484197,0.0,CONTAINER,PACKAGE,"[org.apache.logging.log4j.core.util, org.apache.logging.log4j.core, org.apache.logging.log4j.core.config.plugins.visitors, org.apache.logging.log4j.core.config, org.apache.logging.log4j.core.appender, org.apache.logging.log4j.core.appender.rolling.action, org.apache.logging.log4j.core.config.plugins, org.apache.logging.log4j.core.appender.rolling, org.apache.logging.log4j.core.config.plugins.convert, org.apache.logging.log4j.core.appender.mom]",55401;54528;55082;55743;54910;54437;54597;55138;54626;54704,0.0,,0.0,0.0,0.0,6.8,3.8444444444444446,44,5.87604014937179E-5,1,6.761756302420985,CIRCLE,10,877,4,0.9797958971132712,1.4599171293917192,0.0,0,cyclicDep,164254,smell
logging-log4j2,4f474b32751f4ccad67424ca585612584440cd63,1,2026-01-22T10:08:42.000,168.47952185251515,11.557599849277098,0.0,CONTAINER,PACKAGE,"[org.apache.logging.log4j.core.util, org.apache.logging.log4j.core, org.apache.logging.log4j.core.config, org.apache.logging.log4j.core.appender, org.apache.logging.log4j.core.appender.rolling.action, org.apache.logging.log4j.core.appender.rolling, org.apache.logging.log4j.core.appender.mom]",55743;54910;54437;54597;55138;54626;54990,0.0,,0.0,0.0,0.0,6.428571428571429,3.857142857142857,27,6.758272383747759E-5,1,5.778799924638549,CIRCLE,7,850,4,0.9035079029052513,1.5208304212067916,0.0,0,cyclicDep,164268,smell
logging-log4j2,4f474b32751f4ccad67424ca585612584440cd63,1,2026-01-22T10:08:42.000,145.9033165447368,10.717374226787838,0.0,CONTAINER,PACKAGE,"[org.apache.logging.log4j.core.config, org.apache.logging.log4j.core.appender.rolling.action, org.apache.logging.log4j.core.appender.rolling]",54910;54437;54747,0.0,,0.0,0.0,0.0,7.0,5.333333333333333,5,5.032785492161254E-5,1,6.187678894841916,CIRCLE,3,556,3,0.816496580927726,0.9428090415820634,0.0,0,cyclicDep,164279,smell
logging-log4j2,4f474b32751f4ccad67424ca585612584440cd63,1,2026-01-22T10:08:42.000,206.7339627688908,14.857958910503292,0.0,CONTAINER,PACKAGE,"[org.apache.logging.log4j.core.util, org.apache.logging.log4j.core, org.apache.log4j.helpers, org.apache.logging.log4j.core.config, org.apache.logging.log4j.core.config.arbiters, org.apache.logging.log4j.core.appender, org.apache.log4j.bridge, org.apache.logging.log4j, org.apache.logging.log4j.core.appender.rolling.action, org.apache.log4j.or, org.apache.logging.log4j.core.appender.rolling, org.apache.log4j, org.apache.log4j.spi]",55096;54910;54437;54597;55138;54626;55122;55202;54664;55462;54440;54843;55725,0.0,,0.0,0.0,0.0,5.230769230769231,3.9358974358974357,66,7.110717426266874E-5,1,6.6446812261568144,CIRCLE,13,968,5,1.475640468711606,1.763880800014585,0.0,0,cyclicDep,164286,smell
logging-log4j2,4f474b32751f4ccad67424ca585612584440cd63,1,2026-01-22T10:08:42.000,186.51993260883754,12.625486553024283,0.0,CONTAINER,PACKAGE,"[org.apache.logging.log4j.core, org.apache.logging.log4j.core.config, org.apache.logging.log4j.core.config.arbiters, org.apache.logging.log4j.core.appender, org.apache.logging.log4j.core.appender.rolling.action, org.apache.logging.log4j.core.appender.rolling]",55096;54910;54437;54597;55138;54879,0.0,,0.0,0.0,0.0,6.5,4.133333333333334,19,5.806670922874955E-5,1,6.312743276512141,CIRCLE,6,873,4,0.9574271077563381,1.3597385369580761,0.0,0,cyclicDep,164303,smell
logging-log4j2,4f474b32751f4ccad67424ca585612584440cd63,1,2026-01-22T10:08:42.000,186.33795867305835,12.889266118143333,0.0,CONTAINER,PACKAGE,"[org.apache.logging.log4j.core.config, org.apache.logging.log4j.core.config.arbiters, org.apache.logging.log4j.core.appender, org.apache.logging.log4j.core.appender.rolling.action, org.apache.logging.log4j.core.appender.rolling]",55096;54910;54437;54597;54588,0.0,,0.0,0.0,0.0,6.8,4.6,12,4.0213092097182334E-5,1,6.444633059071666,CIRCLE,5,836,4,0.7483314773547882,1.2806248474865698,0.0,0,cyclicDep,164313,smell
logging-log4j2,4f474b32751f4ccad67424ca585612584440cd63,1,2026-01-22T10:08:42.000,170.93920702365853,11.557599849277098,0.0,CONTAINER,PACKAGE,"[org.apache.logging.log4j.core.util, org.apache.logging.log4j.core, org.apache.logging.log4j.core.config, org.apache.logging.log4j.core.config.arbiters, org.apache.logging.log4j.core.appender, org.apache.logging.log4j.core.appender.rolling.action, org.apache.logging.log4j.core.appender.rolling]",55096;54910;54437;54597;55138;54626;54889,0.0,,0.0,0.0,0.0,6.428571428571429,3.857142857142857,27,6.762006568045407E-5,1,5.778799924638549,CIRCLE,7,875,4,0.9035079029052513,1.5208304212067916,0.0,0,cyclicDep,164328,smell
logging-log4j2,4f474b32751f4ccad67424ca585612584440cd63,1,2026-01-22T10:08:42.000,178.67615764831746,12.921789459862458,0.0,CONTAINER,PACKAGE,"[org.apache.logging.log4j.core.util, org.apache.logging.log4j.core, org.apache.logging.log4j.core.config, org.apache.logging.log4j.core.appender, org.apache.logging.log4j.core.appender.rolling.action, org.apache.logging.log4j.core.appender.rolling]",54910;54437;54597;55138;54626;54345,0.0,,0.0,0.0,0.0,6.333333333333333,3.6666666666666665,22,7.745888263932051E-5,1,5.778799924638549,CIRCLE,6,956,5,0.9428090415820634,1.699673171197595,0.0,0,cyclicDep,164339,smell
logging-log4j2,4f474b32751f4ccad67424ca585612584440cd63,1,2026-01-22T10:08:42.000,170.4387975020185,12.036806333197898,0.0,CONTAINER,PACKAGE,"[org.apache.logging.log4j.core.util, org.apache.logging.log4j.core, org.apache.logging.log4j.core.appender, org.apache.logging.log4j.core.appender.rolling.action, org.apache.logging.log4j.core.appender.rolling]",54437;54597;55138;54626;55134,0.0,,0.0,0.0,0.0,6.4,3.9,13,6.931455622494366E-5,1,6.018403166598949,CIRCLE,5,802,4,1.019803902718557,1.7,0.0,0,cyclicDep,164349,smell
logging-log4j2,4f474b32751f4ccad67424ca585612584440cd63,1,2026-01-22T10:08:42.000,108.12249387948329,7.949323847744435,0.0,CONTAINER,PACKAGE,"[org.apache.logging.log4j.core.util, org.apache.logging.log4j.core, org.apache.logging.log4j.core.appender, org.apache.logging.log4j.core.appender.rolling]",54597;55138;54626;54658,0.0,,0.0,0.0,0.0,6.0,2.8333333333333335,9,8.474080710771294E-5,1,5.621020798588028,CIRCLE,4,370,2,0.7071067811865476,1.2133516482134197,0.0,0,cyclicDep,164358,smell
logging-log4j2,4f474b32751f4ccad67424ca585612584440cd63,1,2026-01-22T10:08:42.000,142.56207431160138,6.882961807595414,0.0,CONTAINER,PACKAGE,"[org.apache.logging.log4j.core.util, org.apache.logging.log4j, org.apache.log4j.bridge, org.apache.logging.log4j.core, org.apache.log4j.helpers, org.apache.logging.log4j.core.appender, org.apache.log4j.or, org.apache.log4j, org.apache.log4j.spi, org.apache.logging.log4j.core.config.builder]",54370;55138;54626;55122;55202;54664;55462;54440;54843;55418,0.0,,0.0,0.0,0.0,4.7,3.2444444444444445,43,7.745471415906241E-5,1,6.882961807595414,CIRCLE,10,429,1,1.1874342087037917,1.8637543418899336,0.0,0,cyclicDep,164366,smell
logging-log4j2,4f474b32751f4ccad67424ca585612584440cd63,1,2026-01-22T10:08:42.000,89.64141065477436,5.034763222554342,0.0,CONTAINER,PACKAGE,"[org.apache.logging.log4j.core, org.apache.logging.log4j.core.appender, org.apache.logging.log4j.core.config.builder]",54370;55138;54609,0.0,,0.0,0.0,0.0,6.0,1.6666666666666667,5,6.618471051614259E-5,1,5.034763222554342,CIRCLE,3,317,1,0.816496580927726,0.4714045207910317,0.0,0,cyclicDep,164380,smell
logging-log4j2,4f474b32751f4ccad67424ca585612584440cd63,1,2026-01-22T10:08:42.000,145.8067757749927,9.720451718332848,0.0,CONTAINER,PACKAGE,"[org.apache.logging.log4j.core.util, org.apache.logging.log4j, org.apache.log4j.bridge, org.apache.logging.log4j.core, org.apache.log4j.helpers, org.apache.logging.log4j.core.appender, org.apache.log4j.or, org.apache.log4j, org.apache.log4j.spi, org.apache.logging.log4j.core.config.builder, org.apache.logging.log4j.core.appender.mom.kafka]",55797;54370;55138;54626;55122;55202;54664;55462;54440;54843;55765,0.0,,0.0,0.0,0.0,5.0,3.7454545454545456,48,7.09792136566427E-5,1,6.873397326229584,CIRCLE,11,450,2,1.4770978917519928,2.0468883863356355,0.0,0,cyclicDep,164393,smell
logging-log4j2,4f474b32751f4ccad67424ca585612584440cd63,1,2026-01-22T10:08:42.000,114.74886048047145,6.0646657236464225,0.0,CONTAINER,PACKAGE,"[org.apache.logging.log4j.core, org.apache.logging.log4j.core.appender, org.apache.logging.log4j.core.config.builder, org.apache.logging.log4j.core.appender.mom.kafka]",55797;54370;55138;54706,0.0,,0.0,0.0,0.0,6.5,3.5,8,5.11945850452183E-5,1,6.0646657236464225,CIRCLE,4,358,1,1.118033988749895,1.9790570145063195,0.0,0,cyclicDep,164408,smell
logging-log4j2,4f474b32751f4ccad67424ca585612584440cd63,1,2026-01-22T10:08:42.000,112.12698407733977,6.473654444047299,0.0,CONTAINER,PACKAGE,"[org.apache.logging.log4j.core.appender, org.apache.logging.log4j.core.config.builder, org.apache.logging.log4j.core.appender.mom.kafka]",55797;54370;54676,0.0,,0.0,0.0,0.0,7.0,4.666666666666667,4,1.9147848431429196E-5,1,6.473654444047299,CIRCLE,3,300,1,0.816496580927726,1.8856180831641267,0.0,0,cyclicDep,164416,smell
logging-log4j2,4f474b32751f4ccad67424ca585612584440cd63,1,2026-01-22T10:08:42.000,108.44480632040425,6.071743491085244,0.0,CONTAINER,PACKAGE,"[org.apache.logging.log4j.core.util, org.apache.logging.log4j.core, org.apache.logging.log4j.core.appender, org.apache.logging.log4j.core.config.builder, org.apache.logging.log4j.core.appender.mom.kafka]",55797;54370;55138;54626;54387,0.0,,0.0,0.0,0.0,6.4,3.8,13,6.594370891431087E-5,1,6.071743491085244,CIRCLE,5,319,1,1.019803902718557,2.4,0.0,0,cyclicDep,164423,smell
logging-log4j2,4f474b32751f4ccad67424ca585612584440cd63,1,2026-01-22T10:08:42.000,98.12704233110513,5.564274085498903,0.0,CONTAINER,PACKAGE,"[org.apache.logging.log4j.core.util, org.apache.logging.log4j.core, org.apache.logging.log4j.core.appender, org.apache.logging.log4j.core.config.builder]",54370;55138;54626;55782,0.0,,0.0,0.0,0.0,6.0,2.6666666666666665,9,8.087358398477724E-5,1,5.564274085498903,CIRCLE,4,311,1,0.7071067811865476,2.4267032964268394,0.0,0,cyclicDep,164432,smell
logging-log4j2,4f474b32751f4ccad67424ca585612584440cd63,1,2026-01-22T10:08:42.000,80.8996460600169,6.812979234304468,0.0,CONTAINER,PACKAGE,"[org.apache.logging.log4j.core.util, org.apache.log4j.bridge, org.apache.logging.log4j, org.apache.logging.log4j.core, org.apache.logging.log4j.core.test.net.mock, org.apache.log4j.helpers, org.apache.logging.log4j.core.appender, org.apache.log4j.or, org.apache.log4j, org.apache.log4j.spi]",54524;55138;54626;55122;55202;54664;55462;54440;54843;54796,0.0,,0.0,0.0,0.0,4.8,3.3555555555555556,40,7.715678608549852E-5,1,6.812979234304468,CIRCLE,10,141,1,1.4000000000000001,1.815434512488898,0.0,0,cyclicDep,164440,smell
logging-log4j2,4f474b32751f4ccad67424ca585612584440cd63,1,2026-01-22T10:08:42.000,41.55499146376144,11.41603412469046,0.0,CONTAINER,PACKAGE,"[org.apache.logging.log4j.core.util, org.apache.logging.log4j.core, org.apache.logging.log4j.core.test.net.mock, org.apache.logging.log4j.core.appender, org.apache.logging.log4j.core.test.net.ssl]",55080;54524;55138;54626;55162,0.0,,0.0,0.0,0.0,6.6,2.2,10,6.56250641388793E-5,1,5.70801706234523,CIRCLE,5,53,4,1.2,0.7483314773547882,0.0,0,cyclicDep,164454,smell
logging-log4j2,4f474b32751f4ccad67424ca585612584440cd63,1,2026-01-22T10:08:42.000,36.69662040914524,5.662411461418382,0.0,CONTAINER,PACKAGE,"[org.apache.logging.log4j.core.util, org.apache.logging.log4j.core, org.apache.logging.log4j.core.test.net.mock, org.apache.logging.log4j.core.appender]",54524;55138;54626;55643,0.0,,0.0,0.0,0.0,6.25,2.1666666666666665,7,8.01287638008675E-5,1,5.662411461418382,CIRCLE,4,42,1,1.0897247358851685,0.6871842709362768,0.0,0,cyclicDep,164463,smell
logging-log4j2,4f474b32751f4ccad67424ca585612584440cd63,1,2026-01-22T10:08:42.000,110.95939445716682,9.369418611716354,0.0,CONTAINER,PACKAGE,"[org.apache.logging.log4j.core.util, org.apache.logging.log4j.core, org.apache.logging.log4j.core.appender]",55138;54626;54302,0.0,,0.0,0.0,0.0,5.666666666666667,1.6666666666666667,5,1.0458991035702849E-4,1,4.684709305858177,CIRCLE,3,561,4,0.4714045207910317,0.4714045207910317,0.0,0,cyclicDep,164471,smell
logging-log4j2,4f474b32751f4ccad67424ca585612584440cd63,1,2026-01-22T10:08:42.000,59.80142377070859,5.600916501602991,0.0,CONTAINER,PACKAGE,"[org.apache.logging.log4j.core.util, org.apache.logging.log4j.core]",54626;54515,0.0,,0.0,0.0,0.0,5.5,2.0,2,1.361374996386334E-4,1,5.600916501602991,TINY,2,114,1,0.5,0.0,0.0,0,cyclicDep,164478,smell
logging-log4j2,4f474b32751f4ccad67424ca585612584440cd63,1,2026-01-22T10:08:42.000,38.6510598209168,4.8313824776146,0.0,CONTAINER,PACKAGE,"[org.apache.logging.log4j, org.apache.log4j.bridge, org.apache.log4j.helpers, org.apache.log4j]",55462;54440;54843;54614,0.0,,0.0,0.0,0.0,3.75,1.8333333333333333,9,1.0566909232517831E-4,1,4.8313824776146,CIRCLE,4,64,1,0.4330127018922193,1.0671873729054748,0.0,0,cyclicDep,164484,smell
logging-log4j2,4f474b32751f4ccad67424ca585612584440cd63,1,2026-01-22T10:08:42.000,20.175614159846265,4.402679956177066,0.0,CONTAINER,PACKAGE,"[org.apache.log4j.bridge, org.apache.log4j.rewrite]",55582;55352,0.0,,0.0,0.0,0.0,4.0,2.0,2,1.1665224722465338E-5,1,4.402679956177066,TINY,2,21,1,0.0,0.0,0.0,0,cyclicDep,164492,smell
logging-log4j2,4f474b32751f4ccad67424ca585612584440cd63,1,2026-01-22T10:08:42.000,26.041211999315315,4.835731668753159,0.0,CONTAINER,PACKAGE,"[org.apache.logging.log4j, org.apache.log4j.bridge, org.apache.log4j]",54440;54843;54703,0.0,,0.0,0.0,0.0,3.6666666666666665,1.6666666666666667,5,1.3500210563955015E-4,1,4.835731668753159,CIRCLE,3,29,1,0.4714045207910317,1.247219128924647,0.0,0,cyclicDep,164498,smell
logging-log4j2,4f474b32751f4ccad67424ca585612584440cd63,1,2026-01-22T10:08:42.000,112.30559327543156,13.84485589180483,0.0,CONTAINER,PACKAGE,"[org.apache.logging.log4j.core.appender.rewrite, org.apache.logging.log4j, org.apache.log4j.bridge, org.apache.log4j]",54585;54440;54843;54934,0.0,,0.0,0.0,0.0,4.5,3.0,7,1.0292510237260511E-4,1,6.191607782552814,CIRCLE,4,329,5,1.5,2.0,0.0,0,cyclicDep,164505,smell
logging-log4j2,4f474b32751f4ccad67424ca585612584440cd63,1,2026-01-22T10:08:42.000,30.28819142111048,3.3863227466564494,0.0,CONTAINER,PACKAGE,"[org.apache.log4j.config, org.apache.log4j.builders, org.apache.log4j]",55509;55192;54919,0.0,,0.0,0.0,0.0,3.6666666666666665,2.0,5,2.049742083933129E-5,1,3.3863227466564494,CIRCLE,3,80,1,0.4714045207910317,0.0,0.0,0,cyclicDep,164519,smell
logging-log4j2,4f474b32751f4ccad67424ca585612584440cd63,1,2026-01-22T10:08:42.000,110.74913178751856,5.4896306521500104,0.0,CONTAINER,PACKAGE,"[org.apache.log4j.config, org.apache.log4j.builders, org.apache.log4j, org.apache.log4j.builders.appender]",54906;55509;55192;54682,0.0,,0.0,0.0,0.0,4.0,2.5,9,1.6846089383303426E-5,1,5.4896306521500104,CIRCLE,4,407,1,0.7071067811865476,1.118033988749895,0.0,0,cyclicDep,164526,smell
logging-log4j2,4f474b32751f4ccad67424ca585612584440cd63,1,2026-01-22T10:08:42.000,72.44955515937708,4.368872558032927,0.0,CONTAINER,PACKAGE,"[org.apache.log4j.config, org.apache.log4j.builders, org.apache.log4j.builders.appender]",54906;55509;54873,0.0,,0.0,0.0,0.0,4.333333333333333,3.3333333333333335,5,8.665599178200797E-6,1,4.368872558032927,CIRCLE,3,275,1,0.4714045207910317,0.9428090415820634,0.0,0,cyclicDep,164540,smell
logging-log4j2,4f474b32751f4ccad67424ca585612584440cd63,1,2026-01-22T10:08:42.000,57.91850499124598,13.651522545165644,0.0,CONTAINER,PACKAGE,"[org.apache.log4j.config, org.apache.logging.log4j, org.apache.log4j.builders, org.apache.log4j, org.apache.log4j.builders.appender, org.apache.log4j.layout]",55800;54906;55509;55192;54843;55039,0.0,,0.0,0.0,0.0,4.0,2.6666666666666665,17,7.064539025810484E-5,1,5.159790524557117,CIRCLE,6,126,7,0.5773502691896257,0.9428090415820634,0.0,0,cyclicDep,164547,smell
logging-log4j2,4f474b32751f4ccad67424ca585612584440cd63,1,2026-01-22T10:08:42.000,72.06496573953666,5.416734525628268,0.0,CONTAINER,PACKAGE,"[org.apache.log4j.config, org.apache.log4j.xml, org.apache.log4j.builders, org.apache.log4j, org.apache.log4j.builders.appender]",54551;54906;55509;55192;54644,0.0,,0.0,0.0,0.0,4.0,2.5,14,1.5145694056614627E-5,1,5.416734525628268,CIRCLE,5,177,1,0.6324555320336759,1.02469507659596,0.0,0,cyclicDep,164557,smell
logging-log4j2,4f474b32751f4ccad67424ca585612584440cd63,1,2026-01-22T10:08:42.000,48.1899137894086,4.455159105843637,0.0,CONTAINER,PACKAGE,"[org.apache.log4j.config, org.apache.log4j.xml, org.apache.log4j.builders, org.apache.log4j.builders.appender]",54551;54906;55509;55149,0.0,,0.0,0.0,0.0,4.25,3.0,9,8.585227571115454E-6,1,4.455159105843637,CIRCLE,4,117,1,0.4330127018922193,1.0,0.0,0,cyclicDep,164566,smell
logging-log4j2,4f474b32751f4ccad67424ca585612584440cd63,1,2026-01-22T10:08:42.000,51.236450723789986,5.07316457950061,0.0,CONTAINER,PACKAGE,"[org.apache.log4j.config, org.apache.log4j.xml, org.apache.logging.log4j, org.apache.log4j.builders, org.apache.log4j, org.apache.log4j.builders.appender]",54551;54906;55509;55192;54843;55154,0.0,,0.0,0.0,0.0,4.0,2.6666666666666665,20,7.094134419442341E-5,1,5.07316457950061,CIRCLE,6,102,1,0.5773502691896257,0.9428090415820634,0.0,0,cyclicDep,164574,smell
logging-log4j2,4f474b32751f4ccad67424ca585612584440cd63,1,2026-01-22T10:08:42.000,36.80209565471493,5.548124672066286,0.0,CONTAINER,PACKAGE,"[org.apache.log4j.config, org.apache.logging.log4j, org.apache.log4j.builders, org.apache.log4j, org.apache.log4j.builders.appender]",54906;55509;55192;54843;54721,0.0,,0.0,0.0,0.0,4.0,2.7,14,8.346079048333622E-5,1,5.548124672066286,CIRCLE,5,44,1,0.6324555320336759,1.004987562112089,0.0,0,cyclicDep,164584,smell
logging-log4j2,4f474b32751f4ccad67424ca585612584440cd63,1,2026-01-22T10:08:42.000,28.068745845672392,5.041295575124773,0.0,CONTAINER,PACKAGE,"[org.apache.log4j.config, org.apache.log4j.builders.filter, org.apache.log4j.builders, org.apache.log4j]",55273;55509;55192;55413,0.0,,0.0,0.0,0.0,4.0,2.6666666666666665,9,1.6846089383303426E-5,1,5.041295575124773,CIRCLE,4,31,1,0.7071067811865476,0.9428090415820634,0.0,0,cyclicDep,164593,smell
logging-log4j2,4f474b32751f4ccad67424ca585612584440cd63,1,2026-01-22T10:08:42.000,15.75219402395524,4.368872558032927,0.0,CONTAINER,PACKAGE,"[org.apache.log4j.config, org.apache.log4j.builders.filter, org.apache.log4j.builders]",55273;55509;55367,0.0,,0.0,0.0,0.0,4.333333333333333,3.3333333333333335,5,8.665599178200797E-6,1,4.368872558032927,CIRCLE,3,13,1,0.4714045207910317,0.9428090415820634,0.0,0,cyclicDep,164607,smell
logging-log4j2,4f474b32751f4ccad67424ca585612584440cd63,1,2026-01-22T10:08:42.000,55.50970234332081,5.221913539212376,0.0,CONTAINER,PACKAGE,"[org.apache.log4j.config, org.apache.log4j.builders.filter, org.apache.logging.log4j, org.apache.log4j.builders, org.apache.log4j]",55273;55509;55192;54843;55065,0.0,,0.0,0.0,0.0,4.0,2.8,14,8.346079048333622E-5,1,5.221913539212376,CIRCLE,5,113,1,0.6324555320336759,0.8717797887081347,0.0,0,cyclicDep,164614,smell
logging-log4j2,4f474b32751f4ccad67424ca585612584440cd63,1,2026-01-22T10:08:42.000,33.440171759935616,5.041295575124773,0.0,CONTAINER,PACKAGE,"[org.apache.log4j.config, org.apache.log4j.builders, org.apache.log4j, org.apache.log4j.builders.layout]",55385;55509;55192;54587,0.0,,0.0,0.0,0.0,4.0,2.6666666666666665,9,1.6846089383303426E-5,1,5.041295575124773,CIRCLE,4,44,1,0.7071067811865476,0.9428090415820634,0.0,0,cyclicDep,164623,smell
logging-log4j2,4f474b32751f4ccad67424ca585612584440cd63,1,2026-01-22T10:08:42.000,28.97982206375083,4.368872558032927,0.0,CONTAINER,PACKAGE,"[org.apache.log4j.config, org.apache.log4j.builders, org.apache.log4j.builders.layout]",55385;55509;54716,0.0,,0.0,0.0,0.0,4.333333333333333,3.3333333333333335,5,8.665599178200797E-6,1,4.368872558032927,CIRCLE,3,44,1,0.4714045207910317,0.9428090415820634,0.0,0,cyclicDep,164637,smell
logging-log4j2,4f474b32751f4ccad67424ca585612584440cd63,1,2026-01-22T10:08:42.000,27.631769185274162,5.221913539212376,0.0,CONTAINER,PACKAGE,"[org.apache.log4j.config, org.apache.logging.log4j, org.apache.log4j.builders, org.apache.log4j, org.apache.log4j.builders.layout]",55385;55509;55192;54843;55420,0.0,,0.0,0.0,0.0,4.0,2.8,14,8.346079048333622E-5,1,5.221913539212376,CIRCLE,5,28,1,0.6324555320336759,0.8717797887081347,0.0,0,cyclicDep,164644,smell
logging-log4j2,4f474b32751f4ccad67424ca585612584440cd63,1,2026-01-22T10:08:42.000,15.134218484612875,4.368872558032927,0.0,CONTAINER,PACKAGE,"[org.apache.log4j.config, org.apache.log4j.builders, org.apache.log4j.builders.rolling]",55121;55509;54775,0.0,,0.0,0.0,0.0,4.333333333333333,3.3333333333333335,5,8.665599178200797E-6,1,4.368872558032927,CIRCLE,3,12,1,0.4714045207910317,0.9428090415820634,0.0,0,cyclicDep,164665,smell
logging-log4j2,4f474b32751f4ccad67424ca585612584440cd63,1,2026-01-22T10:08:42.000,23.026704280124058,3.2895291828748654,0.0,CONTAINER,PACKAGE,"[org.apache.log4j.config, org.apache.log4j.builders, org.apache.log4j, org.apache.log4j.varia]",54417;55509;55192;54619,0.0,,0.0,0.0,0.0,3.75,2.0,8,1.7149358786859714E-5,1,3.2895291828748654,CIRCLE,4,49,1,0.4330127018922193,0.0,0.0,0,cyclicDep,164678,smell
logging-log4j2,4f474b32751f4ccad67424ca585612584440cd63,1,2026-01-22T10:08:42.000,123.79986273470824,9.811798742068298,0.0,CONTAINER,PACKAGE,"[org.apache.log4j.config, org.apache.logging.log4j, org.apache.log4j.builders, org.apache.log4j]",55509;55192;54843;54336,0.0,,0.0,0.0,0.0,3.75,2.3333333333333335,9,1.028529643503653E-4,1,4.387969793762328,CIRCLE,4,796,5,0.4330127018922193,0.4714045207910317,0.0,0,cyclicDep,164686,smell
logging-log4j2,4f474b32751f4ccad67424ca585612584440cd63,1,2026-01-22T10:08:42.000,33.700232674764145,4.387396591727922,0.0,CONTAINER,PACKAGE,"[org.apache.log4j.config, org.apache.logging.log4j, org.apache.log4j]",55192;54843;54871,0.0,,0.0,0.0,0.0,3.6666666666666665,2.3333333333333335,5,1.336401060786799E-4,1,4.387396591727922,CIRCLE,3,59,1,0.4714045207910317,0.4714045207910317,0.0,0,cyclicDep,164694,smell
logging-log4j2,4f474b32751f4ccad67424ca585612584440cd63,1,2026-01-22T10:08:42.000,41.06071033572936,6.120969301007937,0.0,CONTAINER,PACKAGE,"[org.apache.log4j.config, org.apache.logging.log4j, org.apache.logging.log4j.core.tools, org.apache.log4j]",55067;55192;54843;54899,0.0,,0.0,0.0,0.0,4.25,3.0,8,1.0198763587161034E-4,1,6.120969301007937,CIRCLE,4,45,1,1.0897247358851685,1.1547005383792515,0.0,0,cyclicDep,164701,smell
logging-log4j2,4f474b32751f4ccad67424ca585612584440cd63,1,2026-01-22T10:08:42.000,37.02996859319852,5.1852327533238585,0.0,CONTAINER,PACKAGE,"[org.apache.log4j.legacy.core, org.apache.logging.log4j, org.apache.log4j]",55155;54843;54938,0.0,,0.0,0.0,0.0,4.0,2.3333333333333335,4,1.3268520520261579E-4,1,5.1852327533238585,CIRCLE,3,51,1,0.816496580927726,1.247219128924647,0.0,0,cyclicDep,164709,smell
logging-log4j2,4f474b32751f4ccad67424ca585612584440cd63,1,2026-01-22T10:08:42.000,12.872616097913342,6.436308048956671,0.0,CONTAINER,PACKAGE,"[org.apache.logging.log4j, org.apache.logging.log4j.core.test.util]",55580;55756,0.0,,0.0,0.0,0.0,5.5,2.0,2,1.8764184247721988E-4,1,6.436308048956671,TINY,2,4,1,1.5,0.0,0.0,0,cyclicDep,164722,smell
logging-log4j2,4f474b32751f4ccad67424ca585612584440cd63,1,2026-01-22T10:08:42.000,33.31566328788075,33.31566328788075,0.0,CONTAINER,PACKAGE,"[org.apache.logging.log4j.io, org.apache.logging.log4j.io.internal]",54380;54719,0.0,,0.0,0.0,0.0,5.5,0.0,2,6.892782292451765E-6,1,5.404514244473988,TINY,2,38,38,0.5,0.0,0.0,0,cyclicDep,164728,smell
logging-log4j2,4f474b32751f4ccad67424ca585612584440cd63,1,2026-01-22T10:08:42.000,184.7047597856308,130.60598816185188,0.0,CONTAINER,PACKAGE,"[org.apache.logging.log4j.layout.template.json.resolver, org.apache.logging.log4j.layout.template.json]",54436;54460,0.0,,0.0,0.0,0.0,7.5,0.0,2,9.42902345194012E-6,1,5.404514244473988,TINY,2,1168,584,0.5,0.0,0.0,0,cyclicDep,164734,smell
logging-log4j2,4f474b32751f4ccad67424ca585612584440cd63,1,2026-01-22T10:08:42.000,147.27707396172448,104.17162578668739,0.0,CONTAINER,PACKAGE,"[org.apache.logging.log4j.layout.template.json.resolver, org.apache.logging.log4j.layout.template.json.util, org.apache.logging.log4j.layout.template.json]",54418;54436;55386,0.0,,0.0,0.0,0.0,7.666666666666667,1.0,5,8.603356409670073E-6,1,3.5942625608046423,CIRCLE,3,1679,840,0.4714045207910317,0.816496580927726,0.0,0,cyclicDep,164740,smell
logging-log4j2,4f474b32751f4ccad67424ca585612584440cd63,1,2026-01-22T10:08:42.000,10.129793890977282,6.203206558114137,0.0,UNIT,ABSTRACTION,"[org.apache.logging.log4j.util.internal.SerializationUtil, org.apache.logging.log4j.message.AbstractMessageFactory, org.apache.logging.log4j.status.StatusLogger, org.apache.logging.log4j.message.ObjectMessage, org.apache.logging.log4j.message.ParameterizedNoReferenceMessageFactory]",37728;37273;37438;536;9869,0.0,,0.0,0.0,0.0,5.2,2.8,5,1.026893528517082E-6,1,3.581422976166049,CIRCLE,5,8,3,0.39999999999999997,0.9797958971132712,0.0,0,cyclicDep,164753,smell
logging-log4j2,4f474b32751f4ccad67424ca585612584440cd63,1,2026-01-22T10:08:42.000,17.439633339954803,13.183123649620333,0.0,UNIT,CONCRETE_CLASS,"[org.apache.logging.log4j.util.internal.SerializationUtil, org.apache.logging.log4j.util.FilteredObjectInputStream]",9867;28173,0.0,,0.0,0.0,0.0,5.5,4.0,2,3.3108469805344335E-7,1,6.591561824810166,TINY,2,7,4,0.5,0.0,0.0,0,cyclicDep,164762,smell
logging-log4j2,4f474b32751f4ccad67424ca585612584440cd63,1,2026-01-22T10:08:42.000,13.479734881919299,5.356303504728137,0.0,UNIT,CONCRETE_CLASS,"[org.apache.logging.log4j.message.ParameterFormatter, org.apache.logging.log4j.status.StatusLogger, org.apache.logging.log4j.message.ParameterizedNoReferenceMessageFactory, org.apache.logging.log4j.message.ParameterizedMessage]",37284;37439;536;37753,0.0,,0.0,0.0,0.0,5.0,2.0,4,1.2785245851501642E-6,1,3.092463270316126,CIRCLE,4,19,3,0.0,0.0,0.0,0,cyclicDep,164768,smell
logging-log4j2,4f474b32751f4ccad67424ca585612584440cd63,1,2026-01-22T10:08:42.000,13.40034608485159,5.324757595576742,0.0,UNIT,CONCRETE_CLASS,"[org.apache.logging.log4j.util.Constants, org.apache.logging.log4j.status.StatusLogger, org.apache.logging.log4j.message.ParameterizedNoReferenceMessageFactory, org.apache.logging.log4j.util.PropertiesUtil, org.apache.logging.log4j.message.ParameterizedMessage]",27956;37283;37439;536;28011,0.0,,0.0,0.0,0.0,5.0,2.0,5,1.447148279732226E-6,1,3.0742502311757365,CIRCLE,5,19,3,0.0,0.0,0.0,0,cyclicDep,164776,smell
logging-log4j2,4f474b32751f4ccad67424ca585612584440cd63,1,2026-01-22T10:08:42.000,12.16444255866519,12.16444255866519,0.0,UNIT,ABSTRACTION,"[org.apache.logging.log4j.util.Lazy, org.apache.logging.log4j.util.LazyUtil]",28361;28248,0.0,,0.0,0.0,0.0,5.0,2.0,2,3.0372336510821195E-7,1,4.300779911293196,TINY,2,8,8,0.0,0.0,0.0,0,cyclicDep,164785,smell
logging-log4j2,4f474b32751f4ccad67424ca585612584440cd63,1,2026-01-22T10:08:42.000,11.578805496895718,5.05340501397099,0.0,UNIT,CONCRETE_CLASS,"[org.apache.logging.log4j.util.Constants, org.apache.logging.log4j.util.PropertyFilePropertySource, org.apache.logging.log4j.status.StatusLogger, org.apache.logging.log4j.message.ParameterizedNoReferenceMessageFactory, org.apache.logging.log4j.util.PropertiesUtil, org.apache.logging.log4j.message.ParameterizedMessage]",28028;27956;37283;37439;536;28467,0.0,,0.0,0.0,0.0,5.0,2.0,7,1.233671361604577E-6,1,2.526702506985495,CIRCLE,6,21,4,0.0,0.0,0.0,0,cyclicDep,164791,smell
logging-log4j2,4f474b32751f4ccad67424ca585612584440cd63,1,2026-01-22T10:08:42.000,13.129131353131601,5.649878564538705,0.0,UNIT,CONCRETE_CLASS,"[org.apache.logging.log4j.util.Constants, org.apache.logging.log4j.util.ServiceLoaderUtil, org.apache.logging.log4j.status.StatusLogger, org.apache.logging.log4j.util.OsgiServiceLocator, org.apache.logging.log4j.message.ParameterizedNoReferenceMessageFactory, org.apache.logging.log4j.util.PropertiesUtil, org.apache.logging.log4j.message.ParameterizedMessage]",28034;28008;27956;37283;37439;536;28084,0.0,,0.0,0.0,0.0,5.0,2.0,8,1.076468731916599E-6,1,2.526702506985495,CIRCLE,7,27,5,0.0,0.0,0.0,0,cyclicDep,164801,smell
logging-log4j2,4f474b32751f4ccad67424ca585612584440cd63,1,2026-01-22T10:08:42.000,12.883705388162848,5.649878564538705,0.0,UNIT,CONCRETE_CLASS,"[org.apache.logging.log4j.util.Constants, org.apache.logging.log4j.util.ServiceLoaderUtil, org.apache.logging.log4j.status.StatusLogger, org.apache.logging.log4j.message.ParameterizedNoReferenceMessageFactory, org.apache.logging.log4j.util.StackLocatorUtil, org.apache.logging.log4j.util.PropertiesUtil, org.apache.logging.log4j.message.ParameterizedMessage]",28036;28008;27956;37283;37439;536;28476,0.0,,0.0,0.0,0.0,5.0,2.0,8,1.18898902820644E-6,1,2.526702506985495,CIRCLE,7,26,5,0.0,0.0,0.0,0,cyclicDep,164812,smell
logging-log4j2,4f474b32751f4ccad67424ca585612584440cd63,1,2026-01-22T10:08:42.000,11.578805496895718,5.05340501397099,0.0,UNIT,CONCRETE_CLASS,"[org.apache.logging.log4j.util.Constants, org.apache.logging.log4j.util.SystemPropertiesPropertySource, org.apache.logging.log4j.status.StatusLogger, org.apache.logging.log4j.message.ParameterizedNoReferenceMessageFactory, org.apache.logging.log4j.util.PropertiesUtil, org.apache.logging.log4j.message.ParameterizedMessage]",28019;27956;37283;37439;536;28446,0.0,,0.0,0.0,0.0,5.0,2.0,7,1.2358949108825002E-6,1,2.526702506985495,CIRCLE,6,21,4,0.0,0.0,0.0,0,cyclicDep,164823,smell
logging-log4j2,4f474b32751f4ccad67424ca585612584440cd63,1,2026-01-22T10:08:42.000,9.277389810948378,5.356303504728137,0.0,UNIT,ABSTRACTION,"[org.apache.logging.log4j.internal.DefaultLogBuilder, org.apache.logging.log4j.status.StatusLogger, org.apache.logging.log4j.spi.AbstractLogger]",40570;529;15061,0.0,,0.0,0.0,0.0,5.0,2.0,4,1.5083724826468494E-6,1,3.092463270316126,CIRCLE,3,9,3,0.0,0.0,0.0,0,cyclicDep,164833,smell
logging-log4j2,4f474b32751f4ccad67424ca585612584440cd63,1,2026-01-22T10:08:42.000,6.184926540632252,3.092463270316126,0.0,UNIT,ABSTRACTION,"[org.apache.logging.log4j.status.StatusLogger, org.apache.logging.log4j.spi.AbstractLogger, org.apache.logging.log4j.message.StringFormattedMessage]",40599;529;37852,0.0,,0.0,0.0,0.0,5.0,2.0,4,1.5658488910279558E-6,1,3.092463270316126,CIRCLE,3,4,1,0.0,0.0,0.0,0,cyclicDep,164840,smell
logging-log4j2,4f474b32751f4ccad67424ca585612584440cd63,1,2026-01-22T10:08:42.000,11.051188202084615,4.176956524926701,0.0,UNIT,ABSTRACTION,"[org.apache.logging.log4j.status.StatusLogger, org.apache.logging.log4j.spi.AbstractLogger]",529;40571,0.0,,0.0,0.0,0.0,5.0,2.0,2,2.23550133479108E-6,1,4.176956524926701,TINY,2,7,1,0.0,0.0,0.0,0,cyclicDep,164847,smell
logging-log4j2,4f474b32751f4ccad67424ca585612584440cd63,1,2026-01-22T10:08:42.000,30.28992024164089,17.085819316447996,0.0,UNIT,CONCRETE_CLASS,"[org.apache.logging.log4j.ThreadContext, org.apache.logging.log4j.simple.SimpleLoggerContextFactory, org.apache.logging.log4j.util.ProviderUtil, org.apache.logging.log4j.spi.ThreadContextMapFactory, org.apache.logging.log4j.simple.SimpleLoggerContext, org.apache.logging.log4j.LogManager, org.apache.logging.log4j.simple.SimpleLogger]",40760;3254;41426;41452;41465;3631;28222,0.0,,0.0,0.0,0.0,4.714285714285714,1.9047619047619047,10,5.744589070472814E-7,1,4.566377289605182,CIRCLE,7,44,14,0.45175395145262565,0.4259177099999599,0.0,0,cyclicDep,164859,smell
logging-log4j2,4f474b32751f4ccad67424ca585612584440cd63,1,2026-01-22T10:08:42.000,26.39887402902751,13.968971114585703,0.0,UNIT,CONCRETE_CLASS,"[org.apache.logging.log4j.ThreadContext, org.apache.logging.log4j.simple.SimpleLoggerContextFactory, org.apache.logging.log4j.util.ProviderUtil, org.apache.logging.log4j.spi.ThreadContextMapFactory, org.apache.logging.log4j.simple.SimpleLoggerContext, org.apache.logging.log4j.simple.internal.SimpleProvider, org.apache.logging.log4j.simple.SimpleLogger]",28217;40760;3254;41426;41452;41465;9094,0.0,,0.0,0.0,0.0,5.0,2.4285714285714284,10,2.937684217479854E-7,1,5.279774805805502,CIRCLE,7,25,7,0.5345224838248488,0.9035079029052513,0.0,0,cyclicDep,164870,smell
logging-log4j2,4f474b32751f4ccad67424ca585612584440cd63,1,2026-01-22T10:08:42.000,30.278771679601043,17.19718670189429,0.0,UNIT,CONCRETE_CLASS,"[org.apache.logging.log4j.ThreadContext, org.apache.logging.log4j.simple.SimpleLoggerContextFactory, org.apache.logging.log4j.util.ProviderUtil, org.apache.logging.log4j.spi.ThreadContextMapFactory, org.apache.logging.log4j.simple.SimpleLoggerContext, org.apache.logging.log4j.spi.Provider, org.apache.logging.log4j.simple.internal.SimpleProvider, org.apache.logging.log4j.simple.SimpleLogger]",9105;28217;40760;3254;41426;41452;41465;40667,0.0,,0.0,0.0,0.0,5.0,2.392857142857143,13,2.943337210382614E-7,1,5.438227932514504,CIRCLE,8,31,10,0.5,0.8593721011082832,0.0,0,cyclicDep,164881,smell
logging-log4j2,4f474b32751f4ccad67424ca585612584440cd63,1,2026-01-22T10:08:42.000,19.223729143171756,10.275515449984299,0.0,UNIT,CONCRETE_CLASS,"[org.apache.logging.log4j.simple.SimpleLoggerContext, org.apache.logging.log4j.simple.SimpleLogger]",41452;41429,0.0,,0.0,0.0,0.0,5.0,2.0,2,6.873976712260559E-8,1,5.1377577249921496,TINY,2,14,4,0.0,0.0,0.0,0,cyclicDep,164893,smell
logging-log4j2,4f474b32751f4ccad67424ca585612584440cd63,1,2026-01-22T10:08:42.000,13.890220450409949,2.77804409008199,0.0,UNIT,ABSTRACTION,"[org.apache.logging.log4j.core.Filter, org.apache.logging.log4j.core.LoggerContext, org.apache.logging.log4j.core.Logger]",2306;1796;1537,0.0,,0.0,0.0,0.0,5.0,0.0,5,1.2100439555207941E-6,1,2.77804409008199,CIRCLE,3,25,1,0.0,0.0,0.0,0,cyclicDep,164905,smell
logging-log4j2,4f474b32751f4ccad67424ca585612584440cd63,1,2026-01-22T10:08:42.000,15.811173769218879,3.535485935203498,0.0,UNIT,ABSTRACTION,"[org.apache.logging.log4j.core.Filter, org.apache.logging.log4j.core.Logger, org.apache.logging.log4j.core.config.Configuration]",1547;2306;45401,0.0,,0.0,0.0,0.0,5.333333333333333,1.3333333333333333,5,1.0702387740007022E-6,1,3.535485935203498,CIRCLE,3,20,1,0.4714045207910317,0.9428090415820634,0.0,0,cyclicDep,164912,smell
logging-log4j2,4f474b32751f4ccad67424ca585612584440cd63,1,2026-01-22T10:08:42.000,21.405903942583315,4.5637540547981486,0.0,UNIT,ABSTRACTION,"[org.apache.logging.log4j.core.Filter, org.apache.logging.log4j.core.LoggerContext, org.apache.logging.log4j.core.Logger, org.apache.logging.log4j.core.config.Configuration]",1547;2306;1796;45397,0.0,,0.0,0.0,0.0,5.25,1.0,10,1.3852237065429525E-6,1,4.5637540547981486,CIRCLE,4,22,1,0.4330127018922193,1.0,0.0,0,cyclicDep,164925,smell
logging-log4j2,4f474b32751f4ccad67424ca585612584440cd63,1,2026-01-22T10:08:42.000,36.2445831806464,4.566388260437372,0.0,UNIT,ABSTRACTION,"[org.apache.logging.log4j.core.Filter, org.apache.logging.log4j.core.async.AsyncLoggerConfig, org.apache.logging.log4j.core.Logger, org.apache.logging.log4j.core.async.AsyncLoggerConfigDelegate, org.apache.logging.log4j.core.config.Configuration]",19008;45398;1547;2306;19762,0.0,,0.0,0.0,0.0,5.6,1.8,10,6.872236524145354E-7,1,4.566388260437372,CIRCLE,5,63,1,0.48989794855663565,0.6,0.0,0,cyclicDep,164933,smell
logging-log4j2,4f474b32751f4ccad67424ca585612584440cd63,1,2026-01-22T10:08:42.000,50.55146684828871,5.005341069369988,0.0,UNIT,ENUM,"[org.apache.logging.log4j.core.Filter, org.apache.logging.log4j.core.appender.AsyncAppender, org.apache.logging.log4j.core.async.AsyncLoggerConfig, org.apache.logging.log4j.core.async.EventRoute, org.apache.logging.log4j.core.Logger, org.apache.logging.log4j.core.async.AsyncLoggerConfigDelegate, org.apache.logging.log4j.core.config.Configuration]",19265;19752;19008;45398;1547;2306;25922,0.0,,0.0,0.0,0.0,5.714285714285714,1.9047619047619047,17,5.285964287186253E-7,1,5.005341069369988,CIRCLE,7,102,1,0.45175395145262565,0.4259177099999599,0.0,0,cyclicDep,164948,smell
logging-log4j2,4f474b32751f4ccad67424ca585612584440cd63,1,2026-01-22T10:08:42.000,53.70684176209078,5.425210286583894,0.0,UNIT,ABSTRACTION,"[org.apache.logging.log4j.core.Filter, org.apache.logging.log4j.core.appender.AsyncAppender, org.apache.logging.log4j.core.appender.AbstractAppender, org.apache.logging.log4j.core.async.AsyncLoggerConfig, org.apache.logging.log4j.core.async.EventRoute, org.apache.logging.log4j.core.Logger, org.apache.logging.log4j.core.async.AsyncLoggerConfigDelegate, org.apache.logging.log4j.core.config.Configuration]",25910;19265;19752;19008;45398;1547;2306;26313,0.0,,0.0,0.0,0.0,5.75,1.9285714285714286,20,5.006545052918783E-7,1,5.425210286583894,CIRCLE,8,98,1,0.4330127018922193,0.37115374447904514,0.0,0,cyclicDep,164959,smell
logging-log4j2,4f474b32751f4ccad67424ca585612584440cd63,1,2026-01-22T10:08:42.000,42.58489592856683,4.761136105551473,0.0,UNIT,ABSTRACTION,"[org.apache.logging.log4j.core.appender.AsyncAppender, org.apache.logging.log4j.core.appender.AbstractAppender, org.apache.logging.log4j.core.async.AsyncLoggerConfig, org.apache.logging.log4j.core.async.EventRoute, org.apache.logging.log4j.core.async.AsyncLoggerConfigDelegate, org.apache.logging.log4j.core.config.Configuration]",25910;19265;19752;19008;45398;26301,0.0,,0.0,0.0,0.0,6.0,2.0,12,4.5088044665705796E-7,1,4.761136105551473,CIRCLE,6,80,1,0.0,0.0,0.0,0,cyclicDep,164971,smell
logging-log4j2,4f474b32751f4ccad67424ca585612584440cd63,1,2026-01-22T10:08:42.000,43.11392113086027,4.761136105551473,0.0,UNIT,ABSTRACTION,"[org.apache.logging.log4j.core.config.Property, org.apache.logging.log4j.core.appender.AsyncAppender, org.apache.logging.log4j.core.appender.AbstractAppender, org.apache.logging.log4j.core.async.AsyncLoggerConfig, org.apache.logging.log4j.core.async.EventRoute, org.apache.logging.log4j.core.async.AsyncLoggerConfigDelegate, org.apache.logging.log4j.core.config.Configuration]",26297;25910;19265;19752;19008;45398;45978,0.0,,0.0,0.0,0.0,6.0,2.0,16,4.521977667120197E-7,1,4.761136105551473,CIRCLE,7,82,1,0.0,0.0,0.0,0,cyclicDep,164981,smell
logging-log4j2,4f474b32751f4ccad67424ca585612584440cd63,1,2026-01-22T10:08:42.000,46.30270148238762,4.964170665612031,0.0,UNIT,ABSTRACTION,"[org.apache.logging.log4j.core.config.Property, org.apache.logging.log4j.core.appender.AsyncAppender, org.apache.logging.log4j.core.appender.AbstractAppender, org.apache.logging.log4j.core.async.AsyncLoggerConfig, org.apache.logging.log4j.core.config.PropertiesPlugin, org.apache.logging.log4j.core.async.EventRoute, org.apache.logging.log4j.core.async.AsyncLoggerConfigDelegate, org.apache.logging.log4j.core.config.Configuration]",45980;26297;25910;19265;19752;19008;45398;45449,0.0,,0.0,0.0,0.0,6.0,2.0,19,4.083640161252741E-7,1,4.964170665612031,CIRCLE,8,87,1,0.0,0.0,0.0,0,cyclicDep,164992,smell
logging-log4j2,4f474b32751f4ccad67424ca585612584440cd63,1,2026-01-22T10:08:42.000,16.092044923979163,4.300779911293196,0.0,UNIT,CONCRETE_CLASS,"[org.apache.logging.log4j.core.config.Property, org.apache.logging.log4j.core.config.PropertiesPlugin]",45980;45456,0.0,,0.0,0.0,0.0,6.0,2.0,2,2.808147245299226E-7,1,4.300779911293196,TINY,2,14,1,0.0,0.0,0.0,0,cyclicDep,165004,smell
logging-log4j2,4f474b32751f4ccad67424ca585612584440cd63,1,2026-01-22T10:08:42.000,55.712765451206224,7.478391977059151,0.0,UNIT,ABSTRACTION,"[org.apache.logging.log4j.core.Filter, org.apache.logging.log4j.core.config.Property, org.apache.logging.log4j.core.appender.AsyncAppender, org.apache.logging.log4j.core.LoggerContext, org.apache.logging.log4j.core.appender.AbstractAppender, org.apache.logging.log4j.core.async.AsyncLoggerConfig, org.apache.logging.log4j.core.config.PropertiesPlugin, org.apache.logging.log4j.core.async.EventRoute, org.apache.logging.log4j.core.lookup.Interpolator, org.apache.logging.log4j.core.Logger, org.apache.logging.log4j.core.async.AsyncLoggerConfigDelegate, org.apache.logging.log4j.core.config.Configuration]",45454;45980;26297;25910;19265;19752;19008;45398;1547;2306;1796;5105,0.0,,0.0,0.0,0.0,5.75,1.9090909090909092,35,5.856031353376843E-7,1,5.2880216793495975,CIRCLE,12,111,2,0.4330127018922193,0.4165977904505309,0.0,0,cyclicDep,165010,smell
logging-log4j2,4f474b32751f4ccad67424ca585612584440cd63,1,2026-01-22T10:08:42.000,51.31150255926661,5.533061618201046,0.0,UNIT,ABSTRACTION,"[org.apache.logging.log4j.core.config.Property, org.apache.logging.log4j.core.appender.AsyncAppender, org.apache.logging.log4j.core.appender.AbstractAppender, org.apache.logging.log4j.core.async.AsyncLoggerConfig, org.apache.logging.log4j.core.config.PropertiesPlugin, org.apache.logging.log4j.core.async.EventRoute, org.apache.logging.log4j.core.lookup.Interpolator, org.apache.logging.log4j.core.async.AsyncLoggerConfigDelegate, org.apache.logging.log4j.core.config.Configuration]",45454;45980;26297;25910;19265;19752;19008;45398;5107,0.0,,0.0,0.0,0.0,6.0,2.0,21,3.7745619527664774E-7,1,5.533061618201046,CIRCLE,9,86,1,0.0,0.0,0.0,0,cyclicDep,165026,smell
logging-log4j2,4f474b32751f4ccad67424ca585612584440cd63,1,2026-01-22T10:08:42.000,51.904718828168626,5.533061618201046,0.0,UNIT,ABSTRACTION,"[org.apache.logging.log4j.core.config.ConfigurationAware, org.apache.logging.log4j.core.config.Property, org.apache.logging.log4j.core.appender.AsyncAppender, org.apache.logging.log4j.core.appender.AbstractAppender, org.apache.logging.log4j.core.async.AsyncLoggerConfig, org.apache.logging.log4j.core.config.PropertiesPlugin, org.apache.logging.log4j.core.async.EventRoute, org.apache.logging.log4j.core.lookup.Interpolator, org.apache.logging.log4j.core.async.AsyncLoggerConfigDelegate, org.apache.logging.log4j.core.config.Configuration]",5102;45454;45980;26297;25910;19265;19752;19008;45398;45945,0.0,,0.0,0.0,0.0,6.0,2.0,23,3.503622561218236E-7,1,5.533061618201046,CIRCLE,10,88,1,0.0,0.0,0.0,0,cyclicDep,165039,smell
logging-log4j2,4f474b32751f4ccad67424ca585612584440cd63,1,2026-01-22T10:08:42.000,53.571460737845136,7.324139330109044,0.0,UNIT,ABSTRACTION,"[org.apache.logging.log4j.core.Filter, org.apache.logging.log4j.core.config.LoggerContextAware, org.apache.logging.log4j.core.appender.AsyncAppender, org.apache.logging.log4j.core.LoggerContext, org.apache.logging.log4j.core.appender.AbstractAppender, org.apache.logging.log4j.core.async.AsyncLoggerConfig, org.apache.logging.log4j.core.config.Configuration, org.apache.logging.log4j.core.config.Property, org.apache.logging.log4j.core.config.PropertiesPlugin, org.apache.logging.log4j.core.async.EventRoute, org.apache.logging.log4j.core.lookup.Interpolator, org.apache.logging.log4j.core.Logger, org.apache.logging.log4j.core.async.AsyncLoggerConfigDelegate]",5130;45454;45980;26297;25910;19265;19752;19008;45398;1547;2306;1796;45472,0.0,,0.0,0.0,0.0,5.769230769230769,1.9230769230769231,37,5.439721298952866E-7,1,5.178948586675202,CIRCLE,13,107,2,0.42132504423474315,0.38461538461538464,0.0,0,cyclicDep,165053,smell
logging-log4j2,4f474b32751f4ccad67424ca585612584440cd63,1,2026-01-22T10:08:42.000,55.56903944888825,10.79468448029565,0.0,UNIT,ABSTRACTION,"[org.apache.logging.log4j.core.config.plugins.processor.PluginProcessor, org.apache.logging.log4j.core.appender.AsyncAppender, org.apache.logging.log4j.core.appender.AbstractAppender, org.apache.logging.log4j.core.config.plugins.visitors.PluginBuilderAttributeVisitor, org.apache.logging.log4j.core.async.AsyncLoggerConfig, org.apache.logging.log4j.core.config.plugins.PluginBuilderAttribute, org.apache.logging.log4j.core.config.Configuration, org.apache.logging.log4j.core.config.plugins.util.PluginManager, org.apache.logging.log4j.core.config.Property, org.apache.logging.log4j.core.config.PropertiesPlugin, org.apache.logging.log4j.core.async.EventRoute, org.apache.logging.log4j.core.lookup.Interpolator, org.apache.logging.log4j.core.config.plugins.util.PluginRegistry, org.apache.logging.log4j.core.async.AsyncLoggerConfigDelegate]",39427;23455;21754;21695;5100;45454;45980;26297;25910;19265;19752;19008;45398;15162,0.0,,0.0,0.0,0.0,6.642857142857143,2.7252747252747254,30,3.041578441140099E-7,1,5.397342240147825,CIRCLE,14,106,4,0.8949974347244049,0.9383869028663382,0.0,0,cyclicDep,165070,smell
logging-log4j2,4f474b32751f4ccad67424ca585612584440cd63,1,2026-01-22T10:08:42.000,32.73632909311708,11.822972714314155,0.0,UNIT,IMPLEMENTATION,"[org.apache.logging.log4j.core.config.plugins.visitors.PluginBuilderAttributeVisitor, org.apache.logging.log4j.core.config.plugins.PluginBuilderAttribute]",39427;15161,0.0,,0.0,0.0,0.0,7.5,6.0,2,2.915668411511091E-7,1,6.825996479230878,TINY,2,23,3,0.5,0.0,0.0,0,cyclicDep,165088,smell
logging-log4j2,4f474b32751f4ccad67424ca585612584440cd63,1,2026-01-22T10:08:42.000,10.275515449984299,7.265886654871037,0.0,UNIT,CONCRETE_CLASS,"[org.apache.logging.log4j.core.config.plugins.convert.TypeConverters, org.apache.logging.log4j.core.config.plugins.convert.TypeConverterRegistry]",38672;38654,0.0,,0.0,0.0,0.0,8.0,2.0,2,8.780961704859132E-8,1,5.1377577249921496,TINY,2,4,2,0.0,0.0,0.0,0,cyclicDep,165094,smell
logging-log4j2,4f474b32751f4ccad67424ca585612584440cd63,1,2026-01-22T10:08:42.000,27.65657701331452,11.450910771712667,0.0,UNIT,ABSTRACTION,"[org.apache.logging.log4j.core.config.plugins.util.PluginManager, org.apache.logging.log4j.core.config.plugins.visitors.AbstractPluginVisitor, org.apache.logging.log4j.core.config.plugins.processor.PluginProcessor, org.apache.logging.log4j.core.config.plugins.visitors.PluginBuilderAttributeVisitor, org.apache.logging.log4j.core.config.plugins.convert.TypeConverters, org.apache.logging.log4j.core.config.plugins.convert.TypeConverterRegistry, org.apache.logging.log4j.core.config.plugins.util.PluginRegistry, org.apache.logging.log4j.core.config.plugins.PluginBuilderAttribute]",38672;15271;15165;39427;23455;21754;21695;38650,0.0,,0.0,0.0,0.0,7.875,2.857142857142857,10,1.4458314614864448E-7,1,4.674814746805931,CIRCLE,8,35,6,0.33071891388307384,1.8461211404742979,0.0,0,cyclicDep,165100,smell
logging-log4j2,4f474b32751f4ccad67424ca585612584440cd63,1,2026-01-22T10:08:42.000,58.131154967409145,13.220734455532478,0.0,UNIT,ABSTRACTION,"[org.apache.logging.log4j.core.config.plugins.visitors.AbstractPluginVisitor, org.apache.logging.log4j.core.config.plugins.processor.PluginProcessor, org.apache.logging.log4j.core.appender.AsyncAppender, org.apache.logging.log4j.core.appender.AbstractAppender, org.apache.logging.log4j.core.config.plugins.visitors.PluginBuilderAttributeVisitor, org.apache.logging.log4j.core.async.AsyncLoggerConfig, org.apache.logging.log4j.core.config.plugins.PluginBuilderAttribute, org.apache.logging.log4j.core.config.Configuration, org.apache.logging.log4j.core.config.plugins.util.PluginManager, org.apache.logging.log4j.core.config.Property, org.apache.logging.log4j.core.config.PropertiesPlugin, org.apache.logging.log4j.core.async.EventRoute, org.apache.logging.log4j.core.lookup.Interpolator, org.apache.logging.log4j.core.config.plugins.util.PluginRegistry, org.apache.logging.log4j.core.async.AsyncLoggerConfigDelegate, org.apache.logging.log4j.core.config.plugins.visitors.PluginVisitor]",15272;15165;39427;23455;21754;21695;5100;45454;45980;26297;25910;19265;19752;19008;45398;15201,0.0,,0.0,0.0,0.0,6.8125,2.7666666666666666,33,2.793069954739581E-7,1,5.397342240147825,CIRCLE,16,116,6,0.9499177595981665,0.946337971105226,0.0,0,cyclicDep,165112,smell
logging-log4j2,4f474b32751f4ccad67424ca585612584440cd63,1,2026-01-22T10:08:42.000,57.44530692739038,12.953561033812909,0.0,UNIT,ABSTRACTION,"[org.apache.logging.log4j.core.config.plugins.visitors.AbstractPluginVisitor, org.apache.logging.log4j.core.config.plugins.processor.PluginProcessor, org.apache.logging.log4j.core.appender.AsyncAppender, org.apache.logging.log4j.core.appender.AbstractAppender, org.apache.logging.log4j.core.config.plugins.visitors.PluginBuilderAttributeVisitor, org.apache.logging.log4j.core.async.AsyncLoggerConfig, org.apache.logging.log4j.core.config.plugins.PluginBuilderAttribute, org.apache.logging.log4j.core.config.Configuration, org.apache.logging.log4j.core.config.plugins.util.PluginManager, org.apache.logging.log4j.core.config.Property, org.apache.logging.log4j.core.config.PropertiesPlugin, org.apache.logging.log4j.core.async.EventRoute, org.apache.logging.log4j.core.lookup.Interpolator, org.apache.logging.log4j.core.config.plugins.util.PluginRegistry, org.apache.logging.log4j.core.async.AsyncLoggerConfigDelegate, org.apache.logging.log4j.core.lookup.StrSubstitutor, org.apache.logging.log4j.core.config.plugins.visitors.PluginVisitor]",15202;15272;15165;39427;23455;21754;21695;5100;45454;45980;26297;25910;19265;19752;19008;45398;4729,0.0,,0.0,0.0,0.0,6.764705882352941,2.735294117647059,40,2.9562988935042264E-7,1,5.2882691474734305,CIRCLE,17,118,6,0.9411764705882353,0.9174396447342483,0.0,0,cyclicDep,165132,smell
logging-log4j2,4f474b32751f4ccad67424ca585612584440cd63,1,2026-01-22T10:08:42.000,30.181611316180796,11.93032940163046,0.0,UNIT,ABSTRACTION,"[org.apache.logging.log4j.core.config.plugins.util.PluginManager, org.apache.logging.log4j.core.config.plugins.visitors.AbstractPluginVisitor, org.apache.logging.log4j.core.config.plugins.processor.PluginProcessor, org.apache.logging.log4j.core.config.plugins.visitors.PluginBuilderAttributeVisitor, org.apache.logging.log4j.core.lookup.Interpolator, org.apache.logging.log4j.core.config.plugins.util.PluginRegistry, org.apache.logging.log4j.core.config.plugins.PluginBuilderAttribute, org.apache.logging.log4j.core.lookup.StrSubstitutor, org.apache.logging.log4j.core.config.plugins.visitors.PluginVisitor]",15202;15272;15165;39427;23455;21754;21695;5100;4732,0.0,,0.0,0.0,0.0,7.444444444444445,3.111111111111111,11,1.954217766616658E-7,1,5.33540550720202,CIRCLE,9,32,5,0.8314794192830981,1.4098419489388356,0.0,0,cyclicDep,165153,smell
logging-log4j2,4f474b32751f4ccad67424ca585612584440cd63,1,2026-01-22T10:08:42.000,38.164972983931186,14.280025308135404,0.0,UNIT,ABSTRACTION,"[org.apache.logging.log4j.core.config.plugins.util.PluginManager, org.apache.logging.log4j.core.config.plugins.visitors.AbstractPluginVisitor, org.apache.logging.log4j.core.config.Property, org.apache.logging.log4j.core.config.plugins.processor.PluginProcessor, org.apache.logging.log4j.core.config.plugins.visitors.PluginBuilderAttributeVisitor, org.apache.logging.log4j.core.config.PropertiesPlugin, org.apache.logging.log4j.core.lookup.Interpolator, org.apache.logging.log4j.core.config.plugins.util.PluginRegistry, org.apache.logging.log4j.core.lookup.PropertiesLookup, org.apache.logging.log4j.core.config.plugins.PluginBuilderAttribute, org.apache.logging.log4j.core.lookup.StrSubstitutor, org.apache.logging.log4j.core.config.plugins.visitors.PluginVisitor]",4737;15202;15272;15165;39427;23455;21754;21695;5100;45454;45980;5044,0.0,,0.0,0.0,0.0,7.083333333333333,2.9696969696969697,20,2.0210112193973415E-7,1,5.397342240147825,CIRCLE,12,50,7,0.9537935951882998,1.1277450949047512,0.0,0,cyclicDep,165166,smell
logging-log4j2,4f474b32751f4ccad67424ca585612584440cd63,1,2026-01-22T10:08:42.000,52.49123144271681,7.824930781905944,0.0,UNIT,ABSTRACTION,"[org.apache.logging.log4j.core.config.Property, org.apache.logging.log4j.core.appender.AsyncAppender, org.apache.logging.log4j.core.appender.AbstractAppender, org.apache.logging.log4j.core.lookup.AbstractConfigurationAwareLookup, org.apache.logging.log4j.core.async.AsyncLoggerConfig, org.apache.logging.log4j.core.config.PropertiesPlugin, org.apache.logging.log4j.core.async.EventRoute, org.apache.logging.log4j.core.lookup.Interpolator, org.apache.logging.log4j.core.async.AsyncLoggerConfigDelegate, org.apache.logging.log4j.core.config.Configuration]",5108;45454;45980;26297;25910;19265;19752;19008;45398;4513,0.0,,0.0,0.0,0.0,6.0,2.0,23,3.442270602210235E-7,1,5.533061618201046,CIRCLE,10,90,2,0.0,0.0,0.0,0,cyclicDep,165182,smell
logging-log4j2,4f474b32751f4ccad67424ca585612584440cd63,1,2026-01-22T10:08:42.000,50.11058196617356,5.500350947169763,0.0,UNIT,ABSTRACTION,"[org.apache.logging.log4j.core.config.plugins.PluginConfiguration, org.apache.logging.log4j.core.appender.AsyncAppender, org.apache.logging.log4j.core.appender.AbstractAppender, org.apache.logging.log4j.core.async.AsyncLoggerConfig, org.apache.logging.log4j.core.async.EventRoute, org.apache.logging.log4j.core.config.plugins.visitors.PluginConfigurationVisitor, org.apache.logging.log4j.core.async.AsyncLoggerConfigDelegate, org.apache.logging.log4j.core.config.Configuration]",39435;26310;25910;19265;19752;19008;45398;15138,0.0,,0.0,0.0,0.0,6.375,2.642857142857143,17,3.668051914005031E-7,1,5.500350947169763,CIRCLE,8,83,1,0.6959705453537527,0.9715336077668174,0.0,0,cyclicDep,165196,smell
logging-log4j2,4f474b32751f4ccad67424ca585612584440cd63,1,2026-01-22T10:08:42.000,18.497440329158866,13.982750572060315,0.0,UNIT,IMPLEMENTATION,"[org.apache.logging.log4j.core.config.plugins.PluginConfiguration, org.apache.logging.log4j.core.config.plugins.visitors.PluginConfigurationVisitor]",39435;15139,0.0,,0.0,0.0,0.0,7.5,6.0,2,1.1457942563083842E-7,1,6.9913752860301575,TINY,2,7,4,0.5,0.0,0.0,0,cyclicDep,165208,smell
logging-log4j2,4f474b32751f4ccad67424ca585612584440cd63,1,2026-01-22T10:08:42.000,48.888188581910796,5.500350947169763,0.0,UNIT,ABSTRACTION,"[org.apache.logging.log4j.core.config.plugins.PluginElement, org.apache.logging.log4j.core.config.plugins.visitors.PluginElementVisitor, org.apache.logging.log4j.core.appender.AsyncAppender, org.apache.logging.log4j.core.appender.AbstractAppender, org.apache.logging.log4j.core.async.AsyncLoggerConfig, org.apache.logging.log4j.core.async.EventRoute, org.apache.logging.log4j.core.async.AsyncLoggerConfigDelegate, org.apache.logging.log4j.core.config.Configuration]",39471;26299;25910;19265;19752;19008;45398;15255,0.0,,0.0,0.0,0.0,6.375,2.642857142857143,17,3.8110378340958125E-7,1,5.500350947169763,CIRCLE,8,79,1,0.6959705453537527,0.9715336077668174,0.0,0,cyclicDep,165214,smell
logging-log4j2,4f474b32751f4ccad67424ca585612584440cd63,1,2026-01-22T10:08:42.000,42.07826828078775,29.753828841931835,0.0,UNIT,IMPLEMENTATION,"[org.apache.logging.log4j.core.config.plugins.PluginElement, org.apache.logging.log4j.core.config.plugins.visitors.PluginElementVisitor]",39471;15260,0.0,,0.0,0.0,0.0,7.5,6.0,2,1.7177379366715105E-7,1,6.825996479230878,TINY,2,38,19,0.5,0.0,0.0,0,cyclicDep,165226,smell
logging-log4j2,4f474b32751f4ccad67424ca585612584440cd63,1,2026-01-22T10:08:42.000,7.763853343413913,7.763853343413913,0.0,UNIT,IMPLEMENTATION,"[org.apache.logging.log4j.core.config.plugins.validation.constraints.Required, org.apache.logging.log4j.core.config.plugins.validation.validators.RequiredValidator]",8960;24602,0.0,,0.0,0.0,0.0,9.0,1.0,2,1.6649406579275098E-7,1,3.8819266717069567,TINY,2,4,4,0.0,0.0,0.0,0,cyclicDep,165232,smell
logging-log4j2,4f474b32751f4ccad67424ca585612584440cd63,1,2026-01-22T10:08:42.000,59.07693187084356,5.533061618201046,0.0,UNIT,ABSTRACTION,"[org.apache.logging.log4j.core.Filter, org.apache.logging.log4j.core.appender.AsyncAppender, org.apache.logging.log4j.core.appender.AbstractAppender, org.apache.logging.log4j.core.async.AsyncLoggerConfig, org.apache.logging.log4j.core.async.EventRoute, org.apache.logging.log4j.core.filter.AbstractFilterable, org.apache.logging.log4j.core.Logger, org.apache.logging.log4j.core.async.AsyncLoggerConfigDelegate, org.apache.logging.log4j.core.config.Configuration]",26317;25910;19265;19752;19008;45398;1547;2306;10664,0.0,,0.0,0.0,0.0,5.777777777777778,1.9444444444444444,24,4.6479592998764416E-7,1,5.533061618201046,CIRCLE,9,114,1,0.41573970964154905,0.32867109906108977,0.0,0,cyclicDep,165238,smell
logging-log4j2,4f474b32751f4ccad67424ca585612584440cd63,1,2026-01-22T10:08:42.000,56.69700998672686,9.58354384413348,0.0,UNIT,ABSTRACTION,"[org.apache.logging.log4j.core.filter.CompositeFilter, org.apache.logging.log4j.core.Filter, org.apache.logging.log4j.core.appender.AsyncAppender, org.apache.logging.log4j.core.appender.AbstractAppender, org.apache.logging.log4j.core.async.AsyncLoggerConfig, org.apache.logging.log4j.core.async.EventRoute, org.apache.logging.log4j.core.filter.AbstractFilterable, org.apache.logging.log4j.core.Logger, org.apache.logging.log4j.core.async.AsyncLoggerConfigDelegate, org.apache.logging.log4j.core.config.Configuration]",10665;26317;25910;19265;19752;19008;45398;1547;2306;10656,0.0,,0.0,0.0,0.0,5.8,1.9555555555555555,28,4.295648074519361E-7,1,5.533061618201046,CIRCLE,10,105,3,0.4,0.29481109247603554,0.0,0,cyclicDep,165251,smell
logging-log4j2,4f474b32751f4ccad67424ca585612584440cd63,1,2026-01-22T10:08:42.000,56.42637832223681,9.58354384413348,0.0,UNIT,ABSTRACTION,"[org.apache.logging.log4j.core.filter.CompositeFilter, org.apache.logging.log4j.core.appender.AsyncAppender, org.apache.logging.log4j.core.appender.AbstractAppender, org.apache.logging.log4j.core.async.AsyncLoggerConfig, org.apache.logging.log4j.core.async.EventRoute, org.apache.logging.log4j.core.filter.AbstractFilterable, org.apache.logging.log4j.core.Logger, org.apache.logging.log4j.core.async.AsyncLoggerConfigDelegate, org.apache.logging.log4j.core.config.Configuration]",10665;26317;25910;19265;19752;19008;45398;1547;10636,0.0,,0.0,0.0,0.0,5.888888888888889,2.0,20,4.001476600057656E-7,1,5.533061618201046,CIRCLE,9,104,3,0.3142696805273545,0.0,0.0,0,cyclicDep,165265,smell
logging-log4j2,4f474b32751f4ccad67424ca585612584440cd63,1,2026-01-22T10:08:42.000,55.05326798846866,5.533061618201046,0.0,UNIT,ABSTRACTION,"[org.apache.logging.log4j.core.filter.Filterable, org.apache.logging.log4j.core.Filter, org.apache.logging.log4j.core.appender.AsyncAppender, org.apache.logging.log4j.core.appender.AbstractAppender, org.apache.logging.log4j.core.async.AsyncLoggerConfig, org.apache.logging.log4j.core.async.EventRoute, org.apache.logging.log4j.core.filter.AbstractFilterable, org.apache.logging.log4j.core.Logger, org.apache.logging.log4j.core.async.AsyncLoggerConfigDelegate, org.apache.logging.log4j.core.config.Configuration]",10671;26317;25910;19265;19752;19008;45398;1547;2306;10570,0.0,,0.0,0.0,0.0,5.8,1.9555555555555555,28,4.3496928949232196E-7,1,5.533061618201046,CIRCLE,10,99,1,0.39999999999999997,0.29481109247603554,0.0,0,cyclicDep,165278,smell
logging-log4j2,4f474b32751f4ccad67424ca585612584440cd63,1,2026-01-22T10:08:42.000,77.0657203825637,6.733263252775113,0.0,UNIT,ABSTRACTION,"[org.apache.logging.log4j.core.appender.AsyncAppender, org.apache.logging.log4j.core.appender.AbstractAppender, org.apache.logging.log4j.core.async.AsyncLoggerConfig, org.apache.logging.log4j.core.async.EventRoute, org.apache.logging.log4j.core.layout.PatternLayout, org.apache.logging.log4j.core.async.AsyncLoggerConfigDelegate, org.apache.logging.log4j.core.config.Configuration]",26295;25910;19265;19752;19008;45398;5895,0.0,,0.0,0.0,0.0,6.0,2.0,14,4.3339846177828244E-7,1,4.761136105551473,CIRCLE,7,262,2,0.0,0.0,0.0,0,cyclicDep,165292,smell
logging-log4j2,4f474b32751f4ccad67424ca585612584440cd63,1,2026-01-22T10:08:42.000,57.766859226707524,5.533061618201046,0.0,UNIT,ABSTRACTION,"[org.apache.logging.log4j.core.config.AbstractConfiguration, org.apache.logging.log4j.core.layout.AbstractStringLayout, org.apache.logging.log4j.core.Filter, org.apache.logging.log4j.core.appender.AsyncAppender, org.apache.logging.log4j.core.appender.AbstractAppender, org.apache.logging.log4j.core.async.AsyncLoggerConfig, org.apache.logging.log4j.core.async.EventRoute, org.apache.logging.log4j.core.Logger, org.apache.logging.log4j.core.layout.PatternLayout, org.apache.logging.log4j.core.async.AsyncLoggerConfigDelegate, org.apache.logging.log4j.core.config.Configuration]",6543;5894;26295;25910;19265;19752;19008;45398;1547;2306;45783,0.0,,0.0,0.0,0.0,5.818181818181818,1.9636363636363636,31,4.3863254399770525E-7,1,5.533061618201046,CIRCLE,11,109,1,0.385694607919935,0.267217062849074,0.0,0,cyclicDep,165303,smell
logging-log4j2,4f474b32751f4ccad67424ca585612584440cd63,1,2026-01-22T10:08:42.000,56.42637832223681,5.533061618201046,0.0,UNIT,ABSTRACTION,"[org.apache.logging.log4j.core.config.AbstractConfiguration, org.apache.logging.log4j.core.layout.AbstractStringLayout, org.apache.logging.log4j.core.appender.AsyncAppender, org.apache.logging.log4j.core.appender.AbstractAppender, org.apache.logging.log4j.core.async.AsyncLoggerConfig, org.apache.logging.log4j.core.async.EventRoute, org.apache.logging.log4j.core.Logger, org.apache.logging.log4j.core.layout.PatternLayout, org.apache.logging.log4j.core.async.AsyncLoggerConfigDelegate, org.apache.logging.log4j.core.config.Configuration]",6543;5894;26295;25910;19265;19752;19008;45398;1547;45746,0.0,,0.0,0.0,0.0,5.9,2.0,24,4.130638849507288E-7,1,5.533061618201046,CIRCLE,10,104,1,0.3,0.0,0.0,0,cyclicDep,165318,smell
logging-log4j2,4f474b32751f4ccad67424ca585612584440cd63,1,2026-01-22T10:08:42.000,55.77898333384455,5.178948586675202,0.0,UNIT,ABSTRACTION,"[org.apache.logging.log4j.core.config.AbstractConfiguration, org.apache.logging.log4j.core.Filter, org.apache.logging.log4j.core.layout.AbstractStringLayout, org.apache.logging.log4j.core.appender.AsyncAppender, org.apache.logging.log4j.core.LoggerContext, org.apache.logging.log4j.core.appender.AbstractAppender, org.apache.logging.log4j.core.async.AsyncLoggerConfig, org.apache.logging.log4j.core.async.EventRoute, org.apache.logging.log4j.core.Logger, org.apache.logging.log4j.core.layout.PatternLayout, org.apache.logging.log4j.core.async.AsyncLoggerConfigDelegate, org.apache.logging.log4j.core.config.Configuration]",6543;5894;26295;25910;19265;19752;19008;45398;1547;2306;1796;45752,0.0,,0.0,0.0,0.0,5.75,1.9090909090909092,37,5.962613740120385E-7,1,5.178948586675202,CIRCLE,12,116,1,0.4330127018922193,0.4165977904505309,0.0,0,cyclicDep,165332,smell
logging-log4j2,4f474b32751f4ccad67424ca585612584440cd63,1,2026-01-22T10:08:42.000,13.940079712870135,3.1980736175422315,0.0,UNIT,ABSTRACTION,"[org.apache.logging.log4j.core.config.AbstractConfiguration, org.apache.logging.log4j.core.layout.AbstractStringLayout, org.apache.logging.log4j.core.appender.AsyncAppender, org.apache.logging.log4j.core.appender.AbstractAppender, org.apache.logging.log4j.core.layout.PatternLayout]",6543;5894;26295;25910;45823,0.0,,0.0,0.0,0.0,6.0,2.0,5,2.4575325861721983E-7,1,3.1980736175422315,CIRCLE,5,19,1,0.0,0.0,0.0,0,cyclicDep,165348,smell
logging-log4j2,4f474b32751f4ccad67424ca585612584440cd63,1,2026-01-22T10:08:42.000,71.71667523174794,7.824930781905944,0.0,UNIT,ABSTRACTION,"[org.apache.logging.log4j.core.config.AbstractConfiguration, org.apache.logging.log4j.core.appender.ConsoleAppender, org.apache.logging.log4j.core.Filter, org.apache.logging.log4j.core.layout.AbstractStringLayout, org.apache.logging.log4j.core.appender.AsyncAppender, org.apache.logging.log4j.core.appender.AbstractAppender, org.apache.logging.log4j.core.async.AsyncLoggerConfig, org.apache.logging.log4j.core.async.EventRoute, org.apache.logging.log4j.core.Logger, org.apache.logging.log4j.core.layout.PatternLayout, org.apache.logging.log4j.core.async.AsyncLoggerConfigDelegate, org.apache.logging.log4j.core.config.Configuration]",45781;6543;5894;26295;25910;19265;19752;19008;45398;1547;2306;26520,0.0,,0.0,0.0,0.0,5.833333333333333,1.9696969696969697,34,4.1140166422907884E-7,1,5.533061618201046,CIRCLE,12,168,2,0.37267799624996495,0.2443108408575318,0.0,0,cyclicDep,165357,smell
logging-log4j2,4f474b32751f4ccad67424ca585612584440cd63,1,2026-01-22T10:08:42.000,27.88015942574027,3.1980736175422315,0.0,UNIT,ABSTRACTION,"[org.apache.logging.log4j.core.config.AbstractConfiguration, org.apache.logging.log4j.core.appender.ConsoleAppender, org.apache.logging.log4j.core.layout.AbstractStringLayout, org.apache.logging.log4j.core.appender.AbstractAppender, org.apache.logging.log4j.core.layout.PatternLayout]",45781;6543;5894;26295;26511,0.0,,0.0,0.0,0.0,6.0,2.0,5,2.4732899394371385E-7,1,3.1980736175422315,CIRCLE,5,76,1,0.0,0.0,0.0,0,cyclicDep,165373,smell
logging-log4j2,4f474b32751f4ccad67424ca585612584440cd63,1,2026-01-22T10:08:42.000,56.88727157945725,5.42398852552665,0.0,UNIT,ABSTRACTION,"[org.apache.logging.log4j.core.Filter, org.apache.logging.log4j.core.layout.AbstractStringLayout, org.apache.logging.log4j.core.appender.AsyncAppender, org.apache.logging.log4j.core.appender.AbstractAppender, org.apache.logging.log4j.core.async.AsyncLoggerConfig, org.apache.logging.log4j.core.appender.AbstractOutputStreamAppender, org.apache.logging.log4j.core.config.Configuration, org.apache.logging.log4j.core.config.AbstractConfiguration, org.apache.logging.log4j.core.appender.ConsoleAppender, org.apache.logging.log4j.core.async.EventRoute, org.apache.logging.log4j.core.Logger, org.apache.logging.log4j.core.layout.PatternLayout, org.apache.logging.log4j.core.async.AsyncLoggerConfigDelegate]",26518;45781;6543;5894;26295;25910;19265;19752;19008;45398;1547;2306;26435,0.0,,0.0,0.0,0.0,5.846153846153846,1.9743589743589745,37,3.891119730224471E-7,1,5.42398852552665,CIRCLE,13,110,1,0.36080121229410994,0.22499908685620826,0.0,0,cyclicDep,165382,smell
logging-log4j2,4f474b32751f4ccad67424ca585612584440cd63,1,2026-01-22T10:08:42.000,11.29975712907741,2.526702506985495,0.0,UNIT,ABSTRACTION,"[org.apache.logging.log4j.core.config.AbstractConfiguration, org.apache.logging.log4j.core.appender.ConsoleAppender, org.apache.logging.log4j.core.layout.AbstractStringLayout, org.apache.logging.log4j.core.appender.AbstractAppender, org.apache.logging.log4j.core.appender.AbstractOutputStreamAppender, org.apache.logging.log4j.core.layout.PatternLayout]",26518;45781;6543;5894;26295;26433,0.0,,0.0,0.0,0.0,6.0,2.0,7,2.263801080435726E-7,1,2.526702506985495,CIRCLE,6,20,1,0.0,0.0,0.0,0,cyclicDep,165399,smell
logging-log4j2,4f474b32751f4ccad67424ca585612584440cd63,1,2026-01-22T10:08:42.000,66.65108686496987,21.00701722938484,0.0,UNIT,ABSTRACTION,"[org.apache.logging.log4j.core.Filter, org.apache.logging.log4j.core.layout.AbstractStringLayout, org.apache.logging.log4j.core.appender.AsyncAppender, org.apache.logging.log4j.core.LoggerContext, org.apache.logging.log4j.core.appender.AbstractAppender, org.apache.logging.log4j.core.async.AsyncLoggerConfig, org.apache.logging.log4j.core.appender.AbstractOutputStreamAppender, org.apache.logging.log4j.core.config.Configuration, org.apache.logging.log4j.core.config.AbstractConfiguration, org.apache.logging.log4j.core.appender.ConsoleAppender, org.apache.logging.log4j.core.async.EventRoute, org.apache.logging.log4j.core.Logger, org.apache.logging.log4j.core.layout.PatternLayout, org.apache.logging.log4j.core.appender.OutputStreamManager, org.apache.logging.log4j.core.async.AsyncLoggerConfigDelegate]",26436;26518;45781;6543;5894;26295;25910;19265;19752;19008;45398;1547;2306;1796;25739,0.0,,0.0,0.0,0.0,5.8,1.9428571428571428,46,4.992434647354439E-7,1,5.42398852552665,CIRCLE,15,151,15,0.4,0.3331972511340172,0.0,0,cyclicDep,165409,smell
logging-log4j2,4f474b32751f4ccad67424ca585612584440cd63,1,2026-01-22T10:08:42.000,62.16551576488328,7.959478677954913,0.0,UNIT,ABSTRACTION,"[org.apache.logging.log4j.core.config.AbstractConfiguration, org.apache.logging.log4j.core.appender.ConsoleAppender, org.apache.logging.log4j.core.util.Builder, org.apache.logging.log4j.core.layout.AbstractStringLayout, org.apache.logging.log4j.core.appender.AsyncAppender, org.apache.logging.log4j.core.appender.AbstractAppender, org.apache.logging.log4j.core.async.AsyncLoggerConfig, org.apache.logging.log4j.core.async.EventRoute, org.apache.logging.log4j.core.layout.PatternLayout, org.apache.logging.log4j.core.config.plugins.util.PluginBuilder, org.apache.logging.log4j.core.async.AsyncLoggerConfigDelegate, org.apache.logging.log4j.core.config.Configuration]",42381;26525;45781;6543;5894;26295;25910;19265;19752;19008;45398;21670,0.0,,0.0,0.0,0.0,6.166666666666667,2.121212121212121,30,4.009864784784688E-7,1,5.628201347891655,CIRCLE,12,122,2,0.5527707983925666,0.4443296454125812,0.0,0,cyclicDep,165428,smell
logging-log4j2,4f474b32751f4ccad67424ca585612584440cd63,1,2026-01-22T10:08:42.000,6.235070095361295,6.235070095361295,0.0,UNIT,ABSTRACTION,"[org.apache.logging.log4j.core.util.Builder, org.apache.logging.log4j.core.config.plugins.util.PluginBuilder]",42381;21687,0.0,,0.0,0.0,0.0,7.0,3.0,2,5.874855666926795E-7,1,6.235070095361295,TINY,2,1,1,1.0,0.0,0.0,0,cyclicDep,165444,smell
logging-log4j2,4f474b32751f4ccad67424ca585612584440cd63,1,2026-01-22T10:08:42.000,43.63653319535376,4.761136105551473,0.0,UNIT,ABSTRACTION,"[org.apache.logging.log4j.core.config.AbstractConfiguration, org.apache.logging.log4j.core.layout.AbstractStringLayout, org.apache.logging.log4j.core.appender.AsyncAppender, org.apache.logging.log4j.core.appender.AbstractAppender, org.apache.logging.log4j.core.async.AsyncLoggerConfig, org.apache.logging.log4j.core.async.EventRoute, org.apache.logging.log4j.core.layout.PatternLayout]",6543;5894;26295;25910;19265;19752;45798,0.0,,0.0,0.0,0.0,6.0,2.0,10,2.1366735562619128E-7,1,4.761136105551473,CIRCLE,7,84,1,0.0,0.0,0.0,0,cyclicDep,165450,smell
logging-log4j2,4f474b32751f4ccad67424ca585612584440cd63,1,2026-01-22T10:08:42.000,45.88687355478764,4.919589232260475,0.0,UNIT,ABSTRACTION,"[org.apache.logging.log4j.core.config.AbstractConfiguration, org.apache.logging.log4j.core.layout.AbstractStringLayout, org.apache.logging.log4j.core.appender.AsyncAppender, org.apache.logging.log4j.core.appender.AbstractAppender, org.apache.logging.log4j.core.async.AsyncLoggerConfig, org.apache.logging.log4j.core.async.EventRoute, org.apache.logging.log4j.core.layout.PatternLayout, org.apache.logging.log4j.core.async.AsyncLoggerConfigDelegate]",6543;5894;26295;25910;19265;19752;19008;45756,0.0,,0.0,0.0,0.0,6.0,2.0,14,2.0178020774658144E-7,1,4.919589232260475,CIRCLE,8,87,1,0.0,0.0,0.0,0,cyclicDep,165461,smell
logging-log4j2,4f474b32751f4ccad67424ca585612584440cd63,1,2026-01-22T10:08:42.000,49.44125989122338,4.919589232260475,0.0,UNIT,ABSTRACTION,"[org.apache.logging.log4j.core.config.AbstractConfiguration, org.apache.logging.log4j.core.async.AsyncLoggerConfigDisruptor, org.apache.logging.log4j.core.layout.AbstractStringLayout, org.apache.logging.log4j.core.appender.AsyncAppender, org.apache.logging.log4j.core.appender.AbstractAppender, org.apache.logging.log4j.core.async.AsyncLoggerConfig, org.apache.logging.log4j.core.async.EventRoute, org.apache.logging.log4j.core.layout.PatternLayout]",45818;6543;5894;26295;25910;19265;19752;20118,0.0,,0.0,0.0,0.0,6.0,2.0,13,1.9215292968704602E-7,1,4.919589232260475,CIRCLE,8,101,1,0.0,0.0,0.0,0,cyclicDep,165473,smell
logging-log4j2,4f474b32751f4ccad67424ca585612584440cd63,1,2026-01-22T10:08:42.000,48.66080519081706,5.1872592625615015,0.0,UNIT,ABSTRACTION,"[org.apache.logging.log4j.core.config.AbstractConfiguration, org.apache.logging.log4j.core.async.AsyncLoggerConfigDisruptor, org.apache.logging.log4j.core.layout.AbstractStringLayout, org.apache.logging.log4j.core.appender.AsyncAppender, org.apache.logging.log4j.core.appender.AbstractAppender, org.apache.logging.log4j.core.async.AsyncLoggerConfig, org.apache.logging.log4j.core.async.EventRoute, org.apache.logging.log4j.core.layout.PatternLayout, org.apache.logging.log4j.core.async.AsyncLoggerConfigDelegate]",45818;6543;5894;26295;25910;19265;19752;19008;20140,0.0,,0.0,0.0,0.0,6.0,2.0,18,1.8397706778729784E-7,1,5.1872592625615015,CIRCLE,9,88,1,0.0,0.0,0.0,0,cyclicDep,165485,smell
logging-log4j2,4f474b32751f4ccad67424ca585612584440cd63,1,2026-01-22T10:08:42.000,45.62239369453225,4.919589232260475,0.0,UNIT,ABSTRACTION,"[org.apache.logging.log4j.core.config.AbstractConfiguration, org.apache.logging.log4j.core.async.AsyncLoggerConfigDisruptor, org.apache.logging.log4j.core.layout.AbstractStringLayout, org.apache.logging.log4j.core.appender.AsyncAppender, org.apache.logging.log4j.core.async.AsyncQueueFullPolicy, org.apache.logging.log4j.core.appender.AbstractAppender, org.apache.logging.log4j.core.async.EventRoute, org.apache.logging.log4j.core.layout.PatternLayout]",20133;45818;6543;5894;26295;25910;19265;19540,0.0,,0.0,0.0,0.0,6.0,2.0,12,1.8937822758825985E-7,1,4.919589232260475,CIRCLE,8,86,1,0.0,0.0,0.0,0,cyclicDep,165498,smell
logging-log4j2,4f474b32751f4ccad67424ca585612584440cd63,1,2026-01-22T10:08:42.000,49.058019815411676,7.272844732984134,0.0,UNIT,ABSTRACTION,"[org.apache.logging.log4j.core.async.DefaultAsyncQueueFullPolicy, org.apache.logging.log4j.core.config.AbstractConfiguration, org.apache.logging.log4j.core.async.AsyncLoggerConfigDisruptor, org.apache.logging.log4j.core.layout.AbstractStringLayout, org.apache.logging.log4j.core.appender.AsyncAppender, org.apache.logging.log4j.core.appender.AbstractAppender, org.apache.logging.log4j.core.async.AsyncQueueFullPolicyFactory, org.apache.logging.log4j.core.async.EventRoute, org.apache.logging.log4j.core.layout.PatternLayout]",19851;20125;45818;6543;5894;26295;25910;19265;19032,0.0,,0.0,0.0,0.0,6.0,2.0,13,1.7063816065325854E-7,1,5.142677829209946,CIRCLE,9,91,2,0.0,0.0,0.0,0,cyclicDep,165510,smell
logging-log4j2,4f474b32751f4ccad67424ca585612584440cd63,1,2026-01-22T10:08:42.000,48.51592560901244,7.272844732984134,0.0,UNIT,ABSTRACTION,"[org.apache.logging.log4j.core.async.DiscardingAsyncQueueFullPolicy, org.apache.logging.log4j.core.config.AbstractConfiguration, org.apache.logging.log4j.core.async.AsyncLoggerConfigDisruptor, org.apache.logging.log4j.core.layout.AbstractStringLayout, org.apache.logging.log4j.core.appender.AsyncAppender, org.apache.logging.log4j.core.appender.AbstractAppender, org.apache.logging.log4j.core.async.AsyncQueueFullPolicyFactory, org.apache.logging.log4j.core.async.EventRoute, org.apache.logging.log4j.core.layout.PatternLayout]",19856;20125;45818;6543;5894;26295;25910;19265;19778,0.0,,0.0,0.0,0.0,6.0,2.0,15,1.6995784863315194E-7,1,5.142677829209946,CIRCLE,9,89,2,0.0,0.0,0.0,0,cyclicDep,165523,smell
logging-log4j2,4f474b32751f4ccad67424ca585612584440cd63,1,2026-01-22T10:08:42.000,58.91959673958472,5.42398852552665,0.0,UNIT,ABSTRACTION,"[org.apache.logging.log4j.core.async.RingBufferLogEvent, org.apache.logging.log4j.core.layout.AbstractStringLayout, org.apache.logging.log4j.core.appender.AsyncAppender, org.apache.logging.log4j.core.appender.AbstractAppender, org.apache.logging.log4j.core.async.AsyncLoggerConfig, org.apache.logging.log4j.core.async.DisruptorUtil, org.apache.logging.log4j.core.config.Configuration, org.apache.logging.log4j.core.config.AbstractConfiguration, org.apache.logging.log4j.core.async.AsyncLoggerConfigDisruptor, org.apache.logging.log4j.core.async.AsyncLogger, org.apache.logging.log4j.core.async.EventRoute, org.apache.logging.log4j.core.Logger, org.apache.logging.log4j.core.layout.PatternLayout, org.apache.logging.log4j.core.async.AsyncLoggerConfigDelegate, org.apache.logging.log4j.core.async.AsyncLoggerDefaultExceptionHandler]",19811;19534;19460;20130;45818;6543;5894;26295;25910;19265;19752;19008;45398;1547;19560,0.0,,0.0,0.0,0.0,5.933333333333334,2.0,39,2.985607756589883E-7,1,5.42398852552665,CIRCLE,15,118,1,0.2494438257849294,0.0,0.0,0,cyclicDep,165536,smell
logging-log4j2,4f474b32751f4ccad67424ca585612584440cd63,1,2026-01-22T10:08:42.000,60.15494275269911,5.42398852552665,0.0,UNIT,ABSTRACTION,"[org.apache.logging.log4j.core.async.RingBufferLogEvent, org.apache.logging.log4j.core.Filter, org.apache.logging.log4j.core.layout.AbstractStringLayout, org.apache.logging.log4j.core.appender.AsyncAppender, org.apache.logging.log4j.core.LoggerContext, org.apache.logging.log4j.core.appender.AbstractAppender, org.apache.logging.log4j.core.async.AsyncLoggerConfig, org.apache.logging.log4j.core.async.DisruptorUtil, org.apache.logging.log4j.core.config.Configuration, org.apache.logging.log4j.core.config.AbstractConfiguration, org.apache.logging.log4j.core.async.AsyncLoggerConfigDisruptor, org.apache.logging.log4j.core.async.AsyncLogger, org.apache.logging.log4j.core.async.EventRoute, org.apache.logging.log4j.core.Logger, org.apache.logging.log4j.core.layout.PatternLayout, org.apache.logging.log4j.core.async.AsyncLoggerConfigDelegate, org.apache.logging.log4j.core.async.AsyncLoggerDefaultExceptionHandler]",19811;19534;19460;20130;45818;6543;5894;26295;25910;19265;19752;19008;45398;1547;2306;1796;19566,0.0,,0.0,0.0,0.0,5.823529411764706,1.9558823529411764,53,4.4134760432482343E-7,1,5.42398852552665,CIRCLE,17,123,1,0.3812200410828153,0.29374976993291435,0.0,0,cyclicDep,165555,smell
logging-log4j2,4f474b32751f4ccad67424ca585612584440cd63,1,2026-01-22T10:08:42.000,17.555740204248398,4.869086268087865,0.0,UNIT,CONCRETE_CLASS,"[org.apache.logging.log4j.core.async.RingBufferLogEvent, org.apache.logging.log4j.core.async.AsyncLoggerDisruptor, org.apache.logging.log4j.core.async.AsyncLogger, org.apache.logging.log4j.core.async.DisruptorUtil, org.apache.logging.log4j.core.async.AsyncLoggerDefaultExceptionHandler]",19591;19811;19534;19460;20184,0.0,,0.0,0.0,0.0,6.0,2.0,9,7.199357074997797E-8,1,4.869086268087865,CIRCLE,5,13,1,0.0,0.0,0.0,0,cyclicDep,165582,smell
logging-log4j2,4f474b32751f4ccad67424ca585612584440cd63,1,2026-01-22T10:08:42.000,55.05326798846866,5.533061618201046,0.0,UNIT,ABSTRACTION,"[org.apache.logging.log4j.core.async.RingBufferLogEvent, org.apache.logging.log4j.core.async.AsyncLoggerDisruptor, org.apache.logging.log4j.core.config.AbstractConfiguration, org.apache.logging.log4j.core.async.AsyncLoggerConfigDisruptor, org.apache.logging.log4j.core.layout.AbstractStringLayout, org.apache.logging.log4j.core.async.AsyncLogger, org.apache.logging.log4j.core.appender.AsyncAppender, org.apache.logging.log4j.core.appender.AbstractAppender, org.apache.logging.log4j.core.async.EventRoute, org.apache.logging.log4j.core.async.DisruptorUtil, org.apache.logging.log4j.core.layout.PatternLayout, org.apache.logging.log4j.core.async.AsyncLoggerDefaultExceptionHandler]",19591;19811;19534;19460;20130;45818;6543;5894;26295;25910;19265;20174,0.0,,0.0,0.0,0.0,6.0,2.0,23,1.4919662698041668E-7,1,5.533061618201046,CIRCLE,12,99,1,0.0,0.0,0.0,0,cyclicDep,165591,smell
logging-log4j2,4f474b32751f4ccad67424ca585612584440cd63,1,2026-01-22T10:08:42.000,40.30182974636021,4.296189486182923,0.0,UNIT,CONCRETE_CLASS,"[org.apache.logging.log4j.core.async.RingBufferLogEvent, org.apache.logging.log4j.core.async.AsyncLoggerDisruptor, org.apache.logging.log4j.core.async.AsyncLogger]",19591;19811;20179,0.0,,0.0,0.0,0.0,6.0,2.0,5,9.368055470364929E-8,1,4.296189486182923,CIRCLE,3,88,1,0.0,0.0,0.0,0,cyclicDep,165607,smell
logging-log4j2,4f474b32751f4ccad67424ca585612584440cd63,1,2026-01-22T10:08:42.000,11.706796314750653,3.5297318975584777,0.0,UNIT,CONCRETE_CLASS,"[org.apache.logging.log4j.core.async.RingBufferLogEvent, org.apache.logging.log4j.core.async.AsyncLoggerDisruptor, org.apache.logging.log4j.core.async.AsyncLogger, org.apache.logging.log4j.core.async.RingBufferLogEventHandler4]",20177;19591;19811;18905,0.0,,0.0,0.0,0.0,6.0,2.0,7,8.207804468086598E-8,1,3.5297318975584777,CIRCLE,4,11,1,0.0,0.0,0.0,0,cyclicDep,165614,smell
logging-log4j2,4f474b32751f4ccad67424ca585612584440cd63,1,2026-01-22T10:08:42.000,14.882436938024103,4.296189486182923,0.0,UNIT,CONCRETE_CLASS,"[org.apache.logging.log4j.core.async.AsyncLoggerDisruptor, org.apache.logging.log4j.core.async.AsyncLogger, org.apache.logging.log4j.core.async.RingBufferLogEventTranslator]",20186;19591;19951,0.0,,0.0,0.0,0.0,6.0,2.0,5,6.358556619198831E-8,1,4.296189486182923,CIRCLE,3,12,1,0.0,0.0,0.0,0,cyclicDep,165622,smell
logging-log4j2,4f474b32751f4ccad67424ca585612584440cd63,1,2026-01-22T10:08:42.000,19.47634507235146,4.869086268087865,0.0,UNIT,CONCRETE_CLASS,"[org.apache.logging.log4j.core.async.RingBufferLogEvent, org.apache.logging.log4j.core.async.AsyncLoggerDisruptor, org.apache.logging.log4j.core.async.AsyncLogger, org.apache.logging.log4j.core.async.RingBufferLogEventTranslator]",20186;19591;19811;19953,0.0,,0.0,0.0,0.0,6.0,2.0,9,7.945275569295384E-8,1,4.869086268087865,CIRCLE,4,16,1,0.0,0.0,0.0,0,cyclicDep,165629,smell
logging-log4j2,4f474b32751f4ccad67424ca585612584440cd63,1,2026-01-22T10:08:42.000,67.30992746138487,7.6706781349558355,0.0,UNIT,ABSTRACTION,"[org.apache.logging.log4j.core.async.RingBufferLogEvent, org.apache.logging.log4j.core.Filter, org.apache.logging.log4j.core.layout.AbstractStringLayout, org.apache.logging.log4j.core.jmx.RingBufferAdminMBean, org.apache.logging.log4j.core.appender.AsyncAppender, org.apache.logging.log4j.core.LoggerContext, org.apache.logging.log4j.core.appender.AbstractAppender, org.apache.logging.log4j.core.jmx.Server, org.apache.logging.log4j.core.async.AsyncLoggerConfig, org.apache.logging.log4j.core.async.DisruptorUtil, org.apache.logging.log4j.core.config.Configuration, org.apache.logging.log4j.core.async.AsyncLoggerDisruptor, org.apache.logging.log4j.core.config.AbstractConfiguration, org.apache.logging.log4j.core.async.AsyncLoggerConfigDisruptor, org.apache.logging.log4j.core.async.AsyncLogger, org.apache.logging.log4j.core.async.EventRoute, org.apache.logging.log4j.core.Logger, org.apache.logging.log4j.core.layout.PatternLayout, org.apache.logging.log4j.core.async.AsyncLoggerConfigDelegate, org.apache.logging.log4j.core.jmx.RingBufferAdmin, org.apache.logging.log4j.core.async.AsyncLoggerDefaultExceptionHandler]",14487;14440;20183;19591;19811;19534;19460;20130;45818;6543;5894;26295;25910;19265;19752;19008;45398;1547;2306;1796;14280,0.0,,0.0,0.0,0.0,5.857142857142857,1.9714285714285715,71,3.93527995368901E-7,1,5.42398852552665,CIRCLE,21,154,2,0.3499271061118826,0.23733211036908786,0.0,0,cyclicDep,165637,smell
logging-log4j2,4f474b32751f4ccad67424ca585612584440cd63,1,2026-01-22T10:08:42.000,35.42888095471253,5.533061618201046,0.0,UNIT,ABSTRACTION,"[org.apache.logging.log4j.core.async.RingBufferLogEvent, org.apache.logging.log4j.core.layout.AbstractStringLayout, org.apache.logging.log4j.core.jmx.RingBufferAdminMBean, org.apache.logging.log4j.core.appender.AsyncAppender, org.apache.logging.log4j.core.appender.AbstractAppender, org.apache.logging.log4j.core.jmx.Server, org.apache.logging.log4j.core.async.DisruptorUtil, org.apache.logging.log4j.core.async.AsyncLoggerDisruptor, org.apache.logging.log4j.core.config.AbstractConfiguration, org.apache.logging.log4j.core.async.AsyncLoggerConfigDisruptor, org.apache.logging.log4j.core.async.AsyncLogger, org.apache.logging.log4j.core.layout.PatternLayout, org.apache.logging.log4j.core.jmx.RingBufferAdmin, org.apache.logging.log4j.core.async.AsyncLoggerDefaultExceptionHandler]",14487;14440;20183;19591;19811;19534;19460;20130;45818;6543;5894;26295;25910;14350,0.0,,0.0,0.0,0.0,6.0,2.0,25,1.6697983626346845E-7,1,5.533061618201046,CIRCLE,14,41,1,0.0,0.0,0.0,0,cyclicDep,165662,smell
logging-log4j2,4f474b32751f4ccad67424ca585612584440cd63,1,2026-01-22T10:08:42.000,55.84337974777982,5.42398852552665,0.0,UNIT,ABSTRACTION,"[org.apache.logging.log4j.core.async.RingBufferLogEvent, org.apache.logging.log4j.core.layout.AbstractStringLayout, org.apache.logging.log4j.core.jmx.RingBufferAdminMBean, org.apache.logging.log4j.core.appender.AsyncAppender, org.apache.logging.log4j.core.appender.AbstractAppender, org.apache.logging.log4j.core.jmx.Server, org.apache.logging.log4j.core.async.AsyncLoggerConfig, org.apache.logging.log4j.core.async.DisruptorUtil, org.apache.logging.log4j.core.async.AsyncLoggerDisruptor, org.apache.logging.log4j.core.config.AbstractConfiguration, org.apache.logging.log4j.core.async.AsyncLoggerConfigDisruptor, org.apache.logging.log4j.core.async.AsyncLogger, org.apache.logging.log4j.core.async.EventRoute, org.apache.logging.log4j.core.layout.PatternLayout, org.apache.logging.log4j.core.jmx.RingBufferAdmin, org.apache.logging.log4j.core.async.AsyncLoggerDefaultExceptionHandler]",14487;14440;20183;19591;19811;19534;19460;20130;45818;6543;5894;26295;25910;19265;19752;14278,0.0,,0.0,0.0,0.0,6.0,2.0,37,1.6278893149911242E-7,1,5.42398852552665,CIRCLE,16,106,1,0.0,0.0,0.0,0,cyclicDep,165680,smell
logging-log4j2,4f474b32751f4ccad67424ca585612584440cd63,1,2026-01-22T10:08:42.000,57.91234992516797,5.42398852552665,0.0,UNIT,ABSTRACTION,"[org.apache.logging.log4j.core.async.RingBufferLogEvent, org.apache.logging.log4j.core.layout.AbstractStringLayout, org.apache.logging.log4j.core.jmx.RingBufferAdminMBean, org.apache.logging.log4j.core.appender.AsyncAppender, org.apache.logging.log4j.core.appender.AbstractAppender, org.apache.logging.log4j.core.jmx.Server, org.apache.logging.log4j.core.async.AsyncLoggerConfig, org.apache.logging.log4j.core.async.DisruptorUtil, org.apache.logging.log4j.core.async.AsyncLoggerContext, org.apache.logging.log4j.core.config.Configuration, org.apache.logging.log4j.core.async.AsyncLoggerDisruptor, org.apache.logging.log4j.core.config.AbstractConfiguration, org.apache.logging.log4j.core.async.AsyncLoggerConfigDisruptor, org.apache.logging.log4j.core.async.AsyncLogger, org.apache.logging.log4j.core.async.EventRoute, org.apache.logging.log4j.core.Logger, org.apache.logging.log4j.core.layout.PatternLayout, org.apache.logging.log4j.core.async.AsyncLoggerConfigDelegate, org.apache.logging.log4j.core.jmx.RingBufferAdmin, org.apache.logging.log4j.core.async.AsyncLoggerDefaultExceptionHandler]",14281;14487;14440;20183;19591;19811;19534;19460;20130;45818;6543;5894;26295;25910;19265;19752;19008;45398;1547;18951,0.0,,0.0,0.0,0.0,5.95,2.0,61,2.694277232113065E-7,1,5.42398852552665,CIRCLE,20,114,1,0.21794494717703367,0.0,0.0,0,cyclicDep,165700,smell
logging-log4j2,4f474b32751f4ccad67424ca585612584440cd63,1,2026-01-22T10:08:42.000,65.98566833568199,7.6706781349558355,0.0,UNIT,ABSTRACTION,"[org.apache.logging.log4j.core.async.RingBufferLogEvent, org.apache.logging.log4j.core.Filter, org.apache.logging.log4j.core.layout.AbstractStringLayout, org.apache.logging.log4j.core.jmx.RingBufferAdminMBean, org.apache.logging.log4j.core.appender.AsyncAppender, org.apache.logging.log4j.core.LoggerContext, org.apache.logging.log4j.core.appender.AbstractAppender, org.apache.logging.log4j.core.jmx.Server, org.apache.logging.log4j.core.async.AsyncLoggerConfig, org.apache.logging.log4j.core.async.DisruptorUtil, org.apache.logging.log4j.core.async.AsyncLoggerContext, org.apache.logging.log4j.core.config.Configuration, org.apache.logging.log4j.core.async.AsyncLoggerDisruptor, org.apache.logging.log4j.core.config.AbstractConfiguration, org.apache.logging.log4j.core.async.AsyncLoggerConfigDisruptor, org.apache.logging.log4j.core.async.AsyncLogger, org.apache.logging.log4j.core.async.EventRoute, org.apache.logging.log4j.core.Logger, org.apache.logging.log4j.core.layout.PatternLayout, org.apache.logging.log4j.core.async.AsyncLoggerConfigDelegate, org.apache.logging.log4j.core.jmx.RingBufferAdmin, org.apache.logging.log4j.core.async.AsyncLoggerDefaultExceptionHandler]",14281;14487;14440;20183;19591;19811;19534;19460;20130;45818;6543;5894;26295;25910;19265;19752;19008;45398;1547;2306;1796;18965,0.0,,0.0,0.0,0.0,5.863636363636363,1.974025974025974,78,3.824114592210593E-7,1,5.42398852552665,CIRCLE,22,148,2,0.3431742925123068,0.22643630875535967,0.0,0,cyclicDep,165724,smell
logging-log4j2,4f474b32751f4ccad67424ca585612584440cd63,1,2026-01-22T10:08:42.000,15.056034343606502,4.761136105551473,0.0,UNIT,ABSTRACTION,"[org.apache.logging.log4j.core.async.AsyncLoggerDisruptor, org.apache.logging.log4j.core.async.AsyncLogger, org.apache.logging.log4j.core.jmx.RingBufferAdminMBean, org.apache.logging.log4j.core.jmx.Server, org.apache.logging.log4j.core.async.AsyncLoggerContext, org.apache.logging.log4j.core.jmx.RingBufferAdmin]",14281;14487;14440;20183;19591;18964,0.0,,0.0,0.0,0.0,6.0,2.0,12,1.6839719212850343E-7,1,4.761136105551473,CIRCLE,6,10,1,0.0,0.0,0.0,0,cyclicDep,165750,smell
logging-log4j2,4f474b32751f4ccad67424ca585612584440cd63,1,2026-01-22T10:08:42.000,14.425942225441789,4.3495852371940895,0.0,UNIT,ABSTRACTION,"[org.apache.logging.log4j.core.async.AsyncLoggerDisruptor, org.apache.logging.log4j.core.jmx.RingBufferAdminMBean, org.apache.logging.log4j.core.jmx.Server, org.apache.logging.log4j.core.async.AsyncLoggerContext, org.apache.logging.log4j.core.jmx.RingBufferAdmin]",14281;14487;14440;20183;18961,0.0,,0.0,0.0,0.0,6.0,2.0,9,1.8202856586826116E-7,1,4.3495852371940895,CIRCLE,5,11,1,0.0,0.0,0.0,0,cyclicDep,165760,smell
logging-log4j2,4f474b32751f4ccad67424ca585612584440cd63,1,2026-01-22T10:08:42.000,57.91234992516797,5.42398852552665,0.0,UNIT,ABSTRACTION,"[org.apache.logging.log4j.core.async.RingBufferLogEvent, org.apache.logging.log4j.core.layout.AbstractStringLayout, org.apache.logging.log4j.core.jmx.RingBufferAdminMBean, org.apache.logging.log4j.core.appender.AsyncAppender, org.apache.logging.log4j.core.appender.AbstractAppender, org.apache.logging.log4j.core.jmx.Server, org.apache.logging.log4j.core.async.AsyncLoggerConfig, org.apache.logging.log4j.core.async.DisruptorUtil, org.apache.logging.log4j.core.async.AsyncLoggerContext, org.apache.logging.log4j.core.config.Configuration, org.apache.logging.log4j.core.async.AsyncLoggerDisruptor, org.apache.logging.log4j.core.config.AbstractConfiguration, org.apache.logging.log4j.core.async.AsyncLoggerConfigDisruptor, org.apache.logging.log4j.core.async.AsyncLogger, org.apache.logging.log4j.core.async.EventRoute, org.apache.logging.log4j.core.layout.PatternLayout, org.apache.logging.log4j.core.async.AsyncLoggerConfigDelegate, org.apache.logging.log4j.core.jmx.RingBufferAdmin, org.apache.logging.log4j.core.async.AsyncLoggerDefaultExceptionHandler]",14281;14487;14440;20183;19591;19811;19534;19460;20130;45818;6543;5894;26295;25910;19265;19752;19008;45398;18952,0.0,,0.0,0.0,0.0,6.0,2.0,56,2.5173264401583793E-7,1,5.42398852552665,CIRCLE,19,114,1,0.0,0.0,0.0,0,cyclicDep,165769,smell
logging-log4j2,4f474b32751f4ccad67424ca585612584440cd63,1,2026-01-22T10:08:42.000,25.952359414084313,5.533061618201046,0.0,UNIT,ABSTRACTION,"[org.apache.logging.log4j.core.async.RingBufferLogEvent, org.apache.logging.log4j.core.async.AsyncLoggerDisruptor, org.apache.logging.log4j.core.config.DefaultConfiguration, org.apache.logging.log4j.core.config.AbstractConfiguration, org.apache.logging.log4j.core.async.AsyncLoggerConfigDisruptor, org.apache.logging.log4j.core.async.AsyncLogger, org.apache.logging.log4j.core.jmx.RingBufferAdminMBean, org.apache.logging.log4j.core.jmx.Server, org.apache.logging.log4j.core.async.DisruptorUtil, org.apache.logging.log4j.core.async.AsyncLoggerContext, org.apache.logging.log4j.core.jmx.RingBufferAdmin, org.apache.logging.log4j.core.async.AsyncLoggerDefaultExceptionHandler]",18966;14281;14487;14440;20183;19591;19811;19534;19460;20130;45818;46280,0.0,,0.0,0.0,0.0,6.0,2.0,26,1.569269974177867E-7,1,5.533061618201046,CIRCLE,12,22,1,0.0,0.0,0.0,0,cyclicDep,165792,smell
logging-log4j2,4f474b32751f4ccad67424ca585612584440cd63,1,2026-01-22T10:08:42.000,72.0147223852634,7.834169006751757,0.0,UNIT,ABSTRACTION,"[org.apache.logging.log4j.core.config.DefaultConfiguration, org.apache.logging.log4j.core.jmx.RingBufferAdminMBean, org.apache.logging.log4j.core.LoggerContext, org.apache.logging.log4j.core.jmx.Server, org.apache.logging.log4j.core.async.AsyncLoggerConfig, org.apache.logging.log4j.core.async.DisruptorUtil, org.apache.logging.log4j.core.async.AsyncLoggerContext, org.apache.logging.log4j.core.config.Configuration, org.apache.logging.log4j.core.async.AsyncLoggerDisruptor, org.apache.logging.log4j.core.config.AbstractConfiguration, org.apache.logging.log4j.core.async.AsyncLoggerConfigDisruptor, org.apache.logging.log4j.core.async.AsyncLogger, org.apache.logging.log4j.core.async.EventRoute, org.apache.logging.log4j.core.Logger, org.apache.logging.log4j.core.config.ConfigurationFactory, org.apache.logging.log4j.core.async.AsyncLoggerConfigDelegate, org.apache.logging.log4j.core.jmx.RingBufferAdmin, org.apache.logging.log4j.core.async.RingBufferLogEvent, org.apache.logging.log4j.core.Filter, org.apache.logging.log4j.core.layout.AbstractStringLayout, org.apache.logging.log4j.core.appender.AsyncAppender, org.apache.logging.log4j.core.appender.AbstractAppender, org.apache.logging.log4j.core.layout.PatternLayout, org.apache.logging.log4j.core.config.ConfigurationSource, org.apache.logging.log4j.core.async.AsyncLoggerDefaultExceptionHandler]",45582;46279;18966;14281;14487;14440;20183;19591;19811;19534;19460;20130;45818;6543;5894;26295;25910;19265;19752;19008;45398;1547;2306;1796;46039,0.0,,0.0,0.0,0.0,5.88,1.98,93,3.9353882824504594E-7,1,5.539594029635646,CIRCLE,25,169,2,0.32496153618543844,0.198997487421324,0.0,0,cyclicDep,165808,smell
logging-log4j2,4f474b32751f4ccad67424ca585612584440cd63,1,2026-01-22T10:08:42.000,64.28836650249633,5.533061618201046,0.0,UNIT,ABSTRACTION,"[org.apache.logging.log4j.core.async.RingBufferLogEvent, org.apache.logging.log4j.core.config.DefaultConfiguration, org.apache.logging.log4j.core.jmx.RingBufferAdminMBean, org.apache.logging.log4j.core.jmx.Server, org.apache.logging.log4j.core.async.DisruptorUtil, org.apache.logging.log4j.core.async.AsyncLoggerContext, org.apache.logging.log4j.core.async.AsyncLoggerDisruptor, org.apache.logging.log4j.core.config.AbstractConfiguration, org.apache.logging.log4j.core.async.AsyncLoggerConfigDisruptor, org.apache.logging.log4j.core.async.AsyncLogger, org.apache.logging.log4j.core.config.ConfigurationFactory, org.apache.logging.log4j.core.jmx.RingBufferAdmin, org.apache.logging.log4j.core.async.AsyncLoggerDefaultExceptionHandler, org.apache.logging.log4j.core.config.ConfigurationSource]",45582;46279;18966;14281;14487;14440;20183;19591;19811;19534;19460;20130;45818;46066,0.0,,0.0,0.0,0.0,6.0,2.0,32,2.1482524341532553E-7,1,5.533061618201046,CIRCLE,14,135,1,0.0,0.0,0.0,0,cyclicDep,165837,smell
logging-log4j2,4f474b32751f4ccad67424ca585612584440cd63,1,2026-01-22T10:08:42.000,68.82269898465336,7.6706781349558355,0.0,UNIT,ABSTRACTION,"[org.apache.logging.log4j.core.async.RingBufferLogEvent, org.apache.logging.log4j.core.config.DefaultConfiguration, org.apache.logging.log4j.core.layout.AbstractStringLayout, org.apache.logging.log4j.core.jmx.RingBufferAdminMBean, org.apache.logging.log4j.core.appender.AsyncAppender, org.apache.logging.log4j.core.appender.AbstractAppender, org.apache.logging.log4j.core.jmx.Server, org.apache.logging.log4j.core.async.AsyncLoggerConfig, org.apache.logging.log4j.core.async.DisruptorUtil, org.apache.logging.log4j.core.async.AsyncLoggerContext, org.apache.logging.log4j.core.config.Configuration, org.apache.logging.log4j.core.async.AsyncLoggerDisruptor, org.apache.logging.log4j.core.config.AbstractConfiguration, org.apache.logging.log4j.core.async.AsyncLoggerConfigDisruptor, org.apache.logging.log4j.core.async.AsyncLogger, org.apache.logging.log4j.core.async.EventRoute, org.apache.logging.log4j.core.layout.PatternLayout, org.apache.logging.log4j.core.config.ConfigurationFactory, org.apache.logging.log4j.core.async.AsyncLoggerConfigDelegate, org.apache.logging.log4j.core.jmx.RingBufferAdmin, org.apache.logging.log4j.core.async.AsyncLoggerDefaultExceptionHandler, org.apache.logging.log4j.core.config.ConfigurationSource]",45582;46279;18966;14281;14487;14440;20183;19591;19811;19534;19460;20130;45818;6543;5894;26295;25910;19265;19752;19008;45398;46041,0.0,,0.0,0.0,0.0,6.0,2.0,67,2.8219721998017117E-7,1,5.42398852552665,CIRCLE,22,161,2,0.0,0.0,0.0,0,cyclicDep,165855,smell
logging-log4j2,4f474b32751f4ccad67424ca585612584440cd63,1,2026-01-22T10:08:42.000,11.570938038705432,3.092463270316126,0.0,UNIT,ABSTRACTION,"[org.apache.logging.log4j.core.config.DefaultConfiguration, org.apache.logging.log4j.core.config.ConfigurationFactory, org.apache.logging.log4j.core.config.ConfigurationSource]",45582;46279;46062,0.0,,0.0,0.0,0.0,6.0,2.0,4,4.75139534420948E-7,1,3.092463270316126,CIRCLE,3,14,1,0.0,0.0,0.0,0,cyclicDep,165887,smell
logging-log4j2,4f474b32751f4ccad67424ca585612584440cd63,1,2026-01-22T10:08:42.000,79.45490336272066,9.299493039930518,0.0,UNIT,ABSTRACTION,"[org.apache.logging.log4j.core.config.DefaultConfiguration, org.apache.logging.log4j.core.jmx.RingBufferAdminMBean, org.apache.logging.log4j.core.LoggerContext, org.apache.logging.log4j.core.jmx.Server, org.apache.logging.log4j.core.async.AsyncLoggerConfig, org.apache.logging.log4j.core.async.DisruptorUtil, org.apache.logging.log4j.core.async.AsyncLoggerContext, org.apache.logging.log4j.core.config.Configuration, org.apache.logging.log4j.core.async.AsyncLoggerDisruptor, org.apache.logging.log4j.core.config.builder.api.ConfigurationBuilderFactory, org.apache.logging.log4j.core.config.AbstractConfiguration, org.apache.logging.log4j.core.async.AsyncLoggerConfigDisruptor, org.apache.logging.log4j.core.async.AsyncLogger, org.apache.logging.log4j.core.async.EventRoute, org.apache.logging.log4j.core.Logger, org.apache.logging.log4j.core.config.ConfigurationFactory, org.apache.logging.log4j.core.async.AsyncLoggerConfigDelegate, org.apache.logging.log4j.core.jmx.RingBufferAdmin, org.apache.logging.log4j.core.async.RingBufferLogEvent, org.apache.logging.log4j.core.Filter, org.apache.logging.log4j.core.layout.AbstractStringLayout, org.apache.logging.log4j.core.appender.AsyncAppender, org.apache.logging.log4j.core.appender.AbstractAppender, org.apache.logging.log4j.core.config.builder.api.ConfigurationBuilder, org.apache.logging.log4j.core.layout.PatternLayout, org.apache.logging.log4j.core.config.ConfigurationSource, org.apache.logging.log4j.core.async.AsyncLoggerDefaultExceptionHandler]",38979;46046;45582;46279;18966;14281;14487;14440;20183;19591;19811;19534;19460;20130;45818;6543;5894;26295;25910;19265;19752;19008;45398;1547;2306;1796;38913,0.0,,0.0,0.0,0.0,6.037037037037037,2.1082621082621085,98,3.785436909550282E-7,1,6.57573459013197,CIRCLE,27,146,2,0.6372092790401945,0.38447818593361455,0.0,0,cyclicDep,165894,smell
logging-log4j2,4f474b32751f4ccad67424ca585612584440cd63,1,2026-01-22T10:08:42.000,71.85845818450974,8.410396381660199,0.0,UNIT,ABSTRACTION,"[org.apache.logging.log4j.core.async.RingBufferLogEvent, org.apache.logging.log4j.core.config.DefaultConfiguration, org.apache.logging.log4j.core.layout.AbstractStringLayout, org.apache.logging.log4j.core.jmx.RingBufferAdminMBean, org.apache.logging.log4j.core.appender.AsyncAppender, org.apache.logging.log4j.core.appender.AbstractAppender, org.apache.logging.log4j.core.jmx.Server, org.apache.logging.log4j.core.async.AsyncLoggerConfig, org.apache.logging.log4j.core.async.DisruptorUtil, org.apache.logging.log4j.core.async.AsyncLoggerContext, org.apache.logging.log4j.core.config.builder.api.ConfigurationBuilder, org.apache.logging.log4j.core.config.Configuration, org.apache.logging.log4j.core.async.AsyncLoggerDisruptor, org.apache.logging.log4j.core.config.builder.api.ConfigurationBuilderFactory, org.apache.logging.log4j.core.config.AbstractConfiguration, org.apache.logging.log4j.core.async.AsyncLoggerConfigDisruptor, org.apache.logging.log4j.core.async.AsyncLogger, org.apache.logging.log4j.core.async.EventRoute, org.apache.logging.log4j.core.layout.PatternLayout, org.apache.logging.log4j.core.config.ConfigurationFactory, org.apache.logging.log4j.core.async.AsyncLoggerConfigDelegate, org.apache.logging.log4j.core.jmx.RingBufferAdmin, org.apache.logging.log4j.core.config.ConfigurationSource, org.apache.logging.log4j.core.async.AsyncLoggerDefaultExceptionHandler]",38979;46046;45582;46279;18966;14281;14487;14440;20183;19591;19811;19534;19460;20130;45818;6543;5894;26295;25910;19265;19752;19008;45398;38915,0.0,,0.0,0.0,0.0,6.166666666666667,2.1594202898550723,71,2.746061578843074E-7,1,5.947048313938729,CIRCLE,24,146,2,0.5527707983925666,0.3660675634873939,0.0,0,cyclicDep,165925,smell
logging-log4j2,4f474b32751f4ccad67424ca585612584440cd63,1,2026-01-22T10:08:42.000,19.607774480426556,4.901943620106639,0.0,UNIT,ABSTRACTION,"[org.apache.logging.log4j.core.config.builder.api.ConfigurationBuilderFactory, org.apache.logging.log4j.core.config.ConfigurationFactory, org.apache.logging.log4j.core.config.builder.api.ConfigurationBuilder, org.apache.logging.log4j.core.config.ConfigurationSource]",38979;46046;45582;38906,0.0,,0.0,0.0,0.0,7.0,2.6666666666666665,5,3.766595971151825E-7,1,4.901943620106639,CIRCLE,4,16,1,1.0,0.4714045207910317,0.0,0,cyclicDep,165953,smell
logging-log4j2,4f474b32751f4ccad67424ca585612584440cd63,1,2026-01-22T10:08:42.000,5.539225991928743,3.1980736175422315,0.0,UNIT,INTERFACE,"[org.apache.logging.log4j.core.config.builder.api.AppenderComponentBuilder, org.apache.logging.log4j.core.config.builder.api.FilterableComponentBuilder, org.apache.logging.log4j.core.config.builder.api.ComponentBuilder, org.apache.logging.log4j.core.config.builder.api.ConfigurationBuilder]",38900;38863;38905;38891,0.0,,0.0,0.0,0.0,8.0,2.0,5,3.448936570475192E-7,1,3.1980736175422315,CIRCLE,4,3,1,0.0,0.0,0.0,0,cyclicDep,165961,smell
logging-log4j2,4f474b32751f4ccad67424ca585612584440cd63,1,2026-01-22T10:08:42.000,81.07110077443394,9.299493039930518,0.0,UNIT,ABSTRACTION,"[org.apache.logging.log4j.core.config.DefaultConfiguration, org.apache.logging.log4j.core.jmx.RingBufferAdminMBean, org.apache.logging.log4j.core.LoggerContext, org.apache.logging.log4j.core.jmx.Server, org.apache.logging.log4j.core.async.AsyncLoggerConfig, org.apache.logging.log4j.core.async.DisruptorUtil, org.apache.logging.log4j.core.async.AsyncLoggerContext, org.apache.logging.log4j.core.config.Configuration, org.apache.logging.log4j.core.async.AsyncLoggerDisruptor, org.apache.logging.log4j.core.config.builder.api.ConfigurationBuilderFactory, org.apache.logging.log4j.core.config.AbstractConfiguration, org.apache.logging.log4j.core.async.AsyncLoggerConfigDisruptor, org.apache.logging.log4j.core.async.AsyncLogger, org.apache.logging.log4j.core.async.EventRoute, org.apache.logging.log4j.core.Logger, org.apache.logging.log4j.core.config.ConfigurationFactory, org.apache.logging.log4j.core.async.AsyncLoggerConfigDelegate, org.apache.logging.log4j.core.jmx.RingBufferAdmin, org.apache.logging.log4j.core.async.RingBufferLogEvent, org.apache.logging.log4j.core.Filter, org.apache.logging.log4j.core.layout.AbstractStringLayout, org.apache.logging.log4j.core.appender.AsyncAppender, org.apache.logging.log4j.core.appender.AbstractAppender, org.apache.logging.log4j.core.config.builder.impl.BuiltConfiguration, org.apache.logging.log4j.core.layout.PatternLayout, org.apache.logging.log4j.core.config.ConfigurationSource, org.apache.logging.log4j.core.async.AsyncLoggerDefaultExceptionHandler]",38978;46046;45582;46279;18966;14281;14487;14440;20183;19591;19811;19534;19460;20130;45818;6543;5894;26295;25910;19265;19752;19008;45398;1547;2306;1796;22166,0.0,,0.0,0.0,0.0,6.037037037037037,2.1054131054131053,98,3.718226281727151E-7,1,6.57573459013197,CIRCLE,27,152,2,0.6372092790401945,0.3889488907302962,0.0,0,cyclicDep,165969,smell
logging-log4j2,4f474b32751f4ccad67424ca585612584440cd63,1,2026-01-22T10:08:42.000,44.65001015898015,5.581251269872519,0.0,UNIT,ABSTRACTION,"[org.apache.logging.log4j.core.async.RingBufferLogEvent, org.apache.logging.log4j.core.config.DefaultConfiguration, org.apache.logging.log4j.core.jmx.RingBufferAdminMBean, org.apache.logging.log4j.core.jmx.Server, org.apache.logging.log4j.core.async.DisruptorUtil, org.apache.logging.log4j.core.async.AsyncLoggerContext, org.apache.logging.log4j.core.async.AsyncLoggerDisruptor, org.apache.logging.log4j.core.config.builder.api.ConfigurationBuilderFactory, org.apache.logging.log4j.core.config.AbstractConfiguration, org.apache.logging.log4j.core.async.AsyncLoggerConfigDisruptor, org.apache.logging.log4j.core.async.AsyncLogger, org.apache.logging.log4j.core.config.builder.impl.BuiltConfiguration, org.apache.logging.log4j.core.config.ConfigurationFactory, org.apache.logging.log4j.core.jmx.RingBufferAdmin, org.apache.logging.log4j.core.async.AsyncLoggerDefaultExceptionHandler, org.apache.logging.log4j.core.config.ConfigurationSource]",38978;46046;45582;46279;18966;14281;14487;14440;20183;19591;19811;19534;19460;20130;45818;22167,0.0,,0.0,0.0,0.0,6.25,2.225,36,2.0051835389698238E-7,1,5.581251269872519,CIRCLE,16,64,1,0.6614378277661477,0.43708313473144517,0.0,0,cyclicDep,166000,smell
logging-log4j2,4f474b32751f4ccad67424ca585612584440cd63,1,2026-01-22T10:08:42.000,25.594871801579437,5.118974360315887,0.0,UNIT,ABSTRACTION,"[org.apache.logging.log4j.core.config.builder.api.ConfigurationBuilderFactory, org.apache.logging.log4j.core.config.builder.impl.BuiltConfiguration, org.apache.logging.log4j.core.config.ConfigurationFactory, org.apache.logging.log4j.core.config.ConfigurationSource]",38978;46046;45582;22157,0.0,,0.0,0.0,0.0,7.0,2.5,5,3.3129242333456944E-7,1,5.118974360315887,CIRCLE,4,25,1,1.0,0.7637626158259734,0.0,0,cyclicDep,166020,smell
logging-log4j2,4f474b32751f4ccad67424ca585612584440cd63,1,2026-01-22T10:08:42.000,68.32638320281877,8.410396381660199,0.0,UNIT,ABSTRACTION,"[org.apache.logging.log4j.core.config.Reconfigurable, org.apache.logging.log4j.core.config.DefaultConfiguration, org.apache.logging.log4j.core.jmx.RingBufferAdminMBean, org.apache.logging.log4j.core.jmx.Server, org.apache.logging.log4j.core.async.AsyncLoggerConfig, org.apache.logging.log4j.core.async.DisruptorUtil, org.apache.logging.log4j.core.async.AsyncLoggerContext, org.apache.logging.log4j.core.config.Configuration, org.apache.logging.log4j.core.async.AsyncLoggerDisruptor, org.apache.logging.log4j.core.config.builder.api.ConfigurationBuilderFactory, org.apache.logging.log4j.core.config.AbstractConfiguration, org.apache.logging.log4j.core.async.AsyncLoggerConfigDisruptor, org.apache.logging.log4j.core.async.AsyncLogger, org.apache.logging.log4j.core.async.EventRoute, org.apache.logging.log4j.core.config.ConfigurationFactory, org.apache.logging.log4j.core.async.AsyncLoggerConfigDelegate, org.apache.logging.log4j.core.jmx.RingBufferAdmin, org.apache.logging.log4j.core.async.RingBufferLogEvent, org.apache.logging.log4j.core.layout.AbstractStringLayout, org.apache.logging.log4j.core.appender.AsyncAppender, org.apache.logging.log4j.core.appender.AbstractAppender, org.apache.logging.log4j.core.config.builder.impl.BuiltConfiguration, org.apache.logging.log4j.core.layout.PatternLayout, org.apache.logging.log4j.core.config.ConfigurationSource, org.apache.logging.log4j.core.async.AsyncLoggerDefaultExceptionHandler]",22158;38978;46046;45582;46279;18966;14281;14487;14440;20183;19591;19811;19534;19460;20130;45818;6543;5894;26295;25910;19265;19752;19008;45398;45601,0.0,,0.0,0.0,0.0,6.16,2.15,74,2.712603957654498E-7,1,5.947048313938729,CIRCLE,25,132,2,0.5425863986500215,0.3662876829305985,0.0,0,cyclicDep,166028,smell
logging-log4j2,4f474b32751f4ccad67424ca585612584440cd63,1,2026-01-22T10:08:42.000,74.73810462029522,8.747433504023778,0.0,UNIT,ABSTRACTION,"[org.apache.logging.log4j.core.config.DefaultConfiguration, org.apache.logging.log4j.core.jmx.RingBufferAdminMBean, org.apache.logging.log4j.core.jmx.Server, org.apache.logging.log4j.core.async.AsyncLoggerConfig, org.apache.logging.log4j.core.async.DisruptorUtil, org.apache.logging.log4j.core.async.AsyncLoggerContext, org.apache.logging.log4j.core.config.Configuration, org.apache.logging.log4j.core.async.AsyncLoggerDisruptor, org.apache.logging.log4j.core.config.builder.api.ConfigurationBuilderFactory, org.apache.logging.log4j.core.config.AbstractConfiguration, org.apache.logging.log4j.core.async.AsyncLoggerConfigDisruptor, org.apache.logging.log4j.core.async.AsyncLogger, org.apache.logging.log4j.core.async.EventRoute, org.apache.logging.log4j.core.Logger, org.apache.logging.log4j.core.config.ConfigurationFactory, org.apache.logging.log4j.core.async.AsyncLoggerConfigDelegate, org.apache.logging.log4j.core.jmx.RingBufferAdmin, org.apache.logging.log4j.core.async.RingBufferLogEvent, org.apache.logging.log4j.core.Filter, org.apache.logging.log4j.core.layout.AbstractStringLayout, org.apache.logging.log4j.core.appender.AsyncAppender, org.apache.logging.log4j.core.appender.AbstractAppender, org.apache.logging.log4j.core.config.builder.impl.DefaultConfigurationBuilder, org.apache.logging.log4j.core.layout.PatternLayout, org.apache.logging.log4j.core.config.ConfigurationSource, org.apache.logging.log4j.core.async.AsyncLoggerDefaultExceptionHandler]",38977;46046;45582;46279;18966;14281;14487;14440;20183;19591;19811;19534;19460;20130;45818;6543;5894;26295;25910;19265;19752;19008;45398;1547;2306;22302,0.0,,0.0,0.0,0.0,6.076923076923077,2.126153846153846,84,2.9852609129649506E-7,1,6.185369548673616,CIRCLE,26,146,2,0.6153846153846154,0.3672253230236478,0.0,0,cyclicDep,166057,smell
logging-log4j2,4f474b32751f4ccad67424ca585612584440cd63,1,2026-01-22T10:08:42.000,79.99726394808133,9.299493039930518,0.0,UNIT,ABSTRACTION,"[org.apache.logging.log4j.core.config.DefaultConfiguration, org.apache.logging.log4j.core.jmx.RingBufferAdminMBean, org.apache.logging.log4j.core.LoggerContext, org.apache.logging.log4j.core.jmx.Server, org.apache.logging.log4j.core.async.AsyncLoggerConfig, org.apache.logging.log4j.core.async.DisruptorUtil, org.apache.logging.log4j.core.async.AsyncLoggerContext, org.apache.logging.log4j.core.config.Configuration, org.apache.logging.log4j.core.async.AsyncLoggerDisruptor, org.apache.logging.log4j.core.config.builder.api.ConfigurationBuilderFactory, org.apache.logging.log4j.core.config.AbstractConfiguration, org.apache.logging.log4j.core.async.AsyncLoggerConfigDisruptor, org.apache.logging.log4j.core.async.AsyncLogger, org.apache.logging.log4j.core.async.EventRoute, org.apache.logging.log4j.core.Logger, org.apache.logging.log4j.core.config.ConfigurationFactory, org.apache.logging.log4j.core.async.AsyncLoggerConfigDelegate, org.apache.logging.log4j.core.jmx.RingBufferAdmin, org.apache.logging.log4j.core.async.RingBufferLogEvent, org.apache.logging.log4j.core.Filter, org.apache.logging.log4j.core.layout.AbstractStringLayout, org.apache.logging.log4j.core.appender.AsyncAppender, org.apache.logging.log4j.core.appender.AbstractAppender, org.apache.logging.log4j.core.config.builder.impl.DefaultConfigurationBuilder, org.apache.logging.log4j.core.layout.PatternLayout, org.apache.logging.log4j.core.config.ConfigurationSource, org.apache.logging.log4j.core.async.AsyncLoggerDefaultExceptionHandler]",38977;46046;45582;46279;18966;14281;14487;14440;20183;19591;19811;19534;19460;20130;45818;6543;5894;26295;25910;19265;19752;19008;45398;1547;2306;1796;22259,0.0,,0.0,0.0,0.0,6.037037037037037,2.1054131054131053,99,3.737724769584657E-7,1,6.57573459013197,CIRCLE,27,148,2,0.6372092790401945,0.3889488907302962,0.0,0,cyclicDep,166087,smell
logging-log4j2,4f474b32751f4ccad67424ca585612584440cd63,1,2026-01-22T10:08:42.000,34.8549030089124,5.581251269872519,0.0,UNIT,ABSTRACTION,"[org.apache.logging.log4j.core.async.RingBufferLogEvent, org.apache.logging.log4j.core.config.DefaultConfiguration, org.apache.logging.log4j.core.jmx.RingBufferAdminMBean, org.apache.logging.log4j.core.jmx.Server, org.apache.logging.log4j.core.async.DisruptorUtil, org.apache.logging.log4j.core.async.AsyncLoggerContext, org.apache.logging.log4j.core.async.AsyncLoggerDisruptor, org.apache.logging.log4j.core.config.builder.impl.DefaultConfigurationBuilder, org.apache.logging.log4j.core.config.builder.api.ConfigurationBuilderFactory, org.apache.logging.log4j.core.config.AbstractConfiguration, org.apache.logging.log4j.core.async.AsyncLoggerConfigDisruptor, org.apache.logging.log4j.core.async.AsyncLogger, org.apache.logging.log4j.core.config.ConfigurationFactory, org.apache.logging.log4j.core.jmx.RingBufferAdmin, org.apache.logging.log4j.core.async.AsyncLoggerDefaultExceptionHandler, org.apache.logging.log4j.core.config.ConfigurationSource]",38977;46046;45582;46279;18966;14281;14487;14440;20183;19591;19811;19534;19460;20130;45818;22322,0.0,,0.0,0.0,0.0,6.25,2.225,36,2.0380872372293645E-7,1,5.581251269872519,CIRCLE,16,39,1,0.6614378277661477,0.43708313473144517,0.0,0,cyclicDep,166118,smell
logging-log4j2,4f474b32751f4ccad67424ca585612584440cd63,1,2026-01-22T10:08:42.000,22.313091931192716,5.118974360315887,0.0,UNIT,ABSTRACTION,"[org.apache.logging.log4j.core.config.builder.impl.DefaultConfigurationBuilder, org.apache.logging.log4j.core.config.builder.api.ConfigurationBuilderFactory, org.apache.logging.log4j.core.config.ConfigurationFactory, org.apache.logging.log4j.core.config.ConfigurationSource]",38977;46046;45582;22292,0.0,,0.0,0.0,0.0,7.0,2.5,5,3.4445390263838577E-7,1,5.118974360315887,CIRCLE,4,19,1,1.0,0.7637626158259734,0.0,0,cyclicDep,166138,smell
logging-log4j2,4f474b32751f4ccad67424ca585612584440cd63,1,2026-01-22T10:08:42.000,89.54735427648778,9.211637830069549,0.0,UNIT,ABSTRACTION,"[org.apache.logging.log4j.core.config.LoggerConfig, org.apache.logging.log4j.core.config.DefaultConfiguration, org.apache.logging.log4j.core.jmx.RingBufferAdminMBean, org.apache.logging.log4j.core.jmx.Server, org.apache.logging.log4j.core.async.AsyncLoggerConfig, org.apache.logging.log4j.core.async.DisruptorUtil, org.apache.logging.log4j.core.async.AsyncLoggerContext, org.apache.logging.log4j.core.config.Configuration, org.apache.logging.log4j.core.async.AsyncLoggerDisruptor, org.apache.logging.log4j.core.config.builder.api.ConfigurationBuilderFactory, org.apache.logging.log4j.core.config.AbstractConfiguration, org.apache.logging.log4j.core.async.AsyncLoggerConfigDisruptor, org.apache.logging.log4j.core.async.AsyncLogger, org.apache.logging.log4j.core.async.EventRoute, org.apache.logging.log4j.core.Logger, org.apache.logging.log4j.core.config.ConfigurationFactory, org.apache.logging.log4j.core.async.AsyncLoggerConfigDelegate, org.apache.logging.log4j.core.jmx.RingBufferAdmin, org.apache.logging.log4j.core.async.RingBufferLogEvent, org.apache.logging.log4j.core.Filter, org.apache.logging.log4j.core.layout.AbstractStringLayout, org.apache.logging.log4j.core.appender.AsyncAppender, org.apache.logging.log4j.core.appender.AbstractAppender, org.apache.logging.log4j.core.config.builder.impl.DefaultConfigurationBuilder, org.apache.logging.log4j.core.layout.PatternLayout, org.apache.logging.log4j.core.config.ConfigurationSource, org.apache.logging.log4j.core.async.AsyncLoggerDefaultExceptionHandler]",22251;38977;46046;45582;46279;18966;14281;14487;14440;20183;19591;19811;19534;19460;20130;45818;6543;5894;26295;25910;19265;19752;19008;45398;1547;2306;45202,0.0,,0.0,0.0,0.0,6.074074074074074,2.1225071225071224,96,3.0521438848176693E-7,1,6.513611575476711,CIRCLE,27,189,2,0.6040557937148181,0.36095865446636705,0.0,0,cyclicDep,166146,smell
logging-log4j2,4f474b32751f4ccad67424ca585612584440cd63,1,2026-01-22T10:08:42.000,78.97334332646096,9.211637830069549,0.0,UNIT,ABSTRACTION,"[org.apache.logging.log4j.core.config.LoggerConfig, org.apache.logging.log4j.core.config.DefaultConfiguration, org.apache.logging.log4j.core.jmx.RingBufferAdminMBean, org.apache.logging.log4j.core.LoggerContext, org.apache.logging.log4j.core.jmx.Server, org.apache.logging.log4j.core.async.AsyncLoggerConfig, org.apache.logging.log4j.core.async.DisruptorUtil, org.apache.logging.log4j.core.async.AsyncLoggerContext, org.apache.logging.log4j.core.config.Configuration, org.apache.logging.log4j.core.async.AsyncLoggerDisruptor, org.apache.logging.log4j.core.config.builder.api.ConfigurationBuilderFactory, org.apache.logging.log4j.core.config.AbstractConfiguration, org.apache.logging.log4j.core.async.AsyncLoggerConfigDisruptor, org.apache.logging.log4j.core.async.AsyncLogger, org.apache.logging.log4j.core.async.EventRoute, org.apache.logging.log4j.core.Logger, org.apache.logging.log4j.core.config.ConfigurationFactory, org.apache.logging.log4j.core.async.AsyncLoggerConfigDelegate, org.apache.logging.log4j.core.jmx.RingBufferAdmin, org.apache.logging.log4j.core.async.RingBufferLogEvent, org.apache.logging.log4j.core.Filter, org.apache.logging.log4j.core.layout.AbstractStringLayout, org.apache.logging.log4j.core.appender.AsyncAppender, org.apache.logging.log4j.core.appender.AbstractAppender, org.apache.logging.log4j.core.config.builder.impl.DefaultConfigurationBuilder, org.apache.logging.log4j.core.layout.PatternLayout, org.apache.logging.log4j.core.config.ConfigurationSource, org.apache.logging.log4j.core.async.AsyncLoggerDefaultExceptionHandler]",22251;38977;46046;45582;46279;18966;14281;14487;14440;20183;19591;19811;19534;19460;20130;45818;6543;5894;26295;25910;19265;19752;19008;45398;1547;2306;1796;45172,0.0,,0.0,0.0,0.0,6.035714285714286,2.1031746031746033,112,3.775345354706219E-7,1,6.513611575476711,CIRCLE,28,147,2,0.6257648381405441,0.3813655167217131,0.0,0,cyclicDep,166177,smell
logging-log4j2,4f474b32751f4ccad67424ca585612584440cd63,1,2026-01-22T10:08:42.000,67.28317105328159,5.947048313938729,0.0,UNIT,ABSTRACTION,"[org.apache.logging.log4j.core.config.LoggerConfig, org.apache.logging.log4j.core.async.RingBufferLogEvent, org.apache.logging.log4j.core.config.DefaultConfiguration, org.apache.logging.log4j.core.layout.AbstractStringLayout, org.apache.logging.log4j.core.jmx.RingBufferAdminMBean, org.apache.logging.log4j.core.appender.AsyncAppender, org.apache.logging.log4j.core.appender.AbstractAppender, org.apache.logging.log4j.core.jmx.Server, org.apache.logging.log4j.core.async.AsyncLoggerConfig, org.apache.logging.log4j.core.async.DisruptorUtil, org.apache.logging.log4j.core.async.AsyncLoggerContext, org.apache.logging.log4j.core.async.AsyncLoggerDisruptor, org.apache.logging.log4j.core.config.builder.impl.DefaultConfigurationBuilder, org.apache.logging.log4j.core.config.builder.api.ConfigurationBuilderFactory, org.apache.logging.log4j.core.config.AbstractConfiguration, org.apache.logging.log4j.core.async.AsyncLoggerConfigDisruptor, org.apache.logging.log4j.core.async.AsyncLogger, org.apache.logging.log4j.core.async.EventRoute, org.apache.logging.log4j.core.layout.PatternLayout, org.apache.logging.log4j.core.config.ConfigurationFactory, org.apache.logging.log4j.core.jmx.RingBufferAdmin, org.apache.logging.log4j.core.async.AsyncLoggerDefaultExceptionHandler, org.apache.logging.log4j.core.config.ConfigurationSource]",22251;38977;46046;45582;46279;18966;14281;14487;14440;20183;19591;19811;19534;19460;20130;45818;6543;5894;26295;25910;19265;19752;45171,0.0,,0.0,0.0,0.0,6.173913043478261,2.1620553359683794,62,2.1354356497462126E-7,1,5.947048313938729,CIRCLE,23,128,1,0.5635426694267704,0.3790759058453545,0.0,0,cyclicDep,166209,smell
logging-log4j2,4f474b32751f4ccad67424ca585612584440cd63,1,2026-01-22T10:08:42.000,21.291591906488208,5.163969551058646,0.0,UNIT,ABSTRACTION,"[org.apache.logging.log4j.core.config.LoggerConfig, org.apache.logging.log4j.core.config.builder.impl.DefaultConfigurationBuilder, org.apache.logging.log4j.core.config.builder.api.ConfigurationBuilderFactory, org.apache.logging.log4j.core.config.DefaultConfiguration, org.apache.logging.log4j.core.async.AsyncLoggerContext, org.apache.logging.log4j.core.config.ConfigurationFactory, org.apache.logging.log4j.core.config.ConfigurationSource]",22251;38977;46046;45582;46279;18966;45175,0.0,,0.0,0.0,0.0,6.571428571428571,2.4285714285714284,10,3.295541557757843E-7,1,5.163969551058646,CIRCLE,7,17,1,0.9035079029052513,0.5832118435198043,0.0,0,cyclicDep,166236,smell
logging-log4j2,4f474b32751f4ccad67424ca585612584440cd63,1,2026-01-22T10:08:42.000,79.24150485645298,9.211637830069549,0.0,UNIT,ABSTRACTION,"[org.apache.logging.log4j.core.config.LoggerConfig, org.apache.logging.log4j.core.config.DefaultConfiguration, org.apache.logging.log4j.core.jmx.RingBufferAdminMBean, org.apache.logging.log4j.core.LoggerContext, org.apache.logging.log4j.core.jmx.Server, org.apache.logging.log4j.core.async.AsyncLoggerConfig, org.apache.logging.log4j.core.async.DisruptorUtil, org.apache.logging.log4j.core.async.AsyncLoggerContext, org.apache.logging.log4j.core.config.Configuration, org.apache.logging.log4j.core.async.AsyncLoggerDisruptor, org.apache.logging.log4j.core.config.builder.api.ConfigurationBuilderFactory, org.apache.logging.log4j.core.config.AbstractConfiguration, org.apache.logging.log4j.core.async.AsyncLoggerConfigDisruptor, org.apache.logging.log4j.core.async.AsyncLogger, org.apache.logging.log4j.core.async.EventRoute, org.apache.logging.log4j.core.Logger, org.apache.logging.log4j.core.config.ConfigurationFactory, org.apache.logging.log4j.core.async.AsyncLoggerConfigDelegate, org.apache.logging.log4j.core.jmx.RingBufferAdmin, org.apache.logging.log4j.core.async.AsyncLoggerContextSelector, org.apache.logging.log4j.core.async.RingBufferLogEvent, org.apache.logging.log4j.core.Filter, org.apache.logging.log4j.core.layout.AbstractStringLayout, org.apache.logging.log4j.core.appender.AsyncAppender, org.apache.logging.log4j.core.appender.AbstractAppender, org.apache.logging.log4j.core.config.builder.impl.DefaultConfigurationBuilder, org.apache.logging.log4j.core.layout.PatternLayout, org.apache.logging.log4j.core.config.ConfigurationSource, org.apache.logging.log4j.core.async.AsyncLoggerDefaultExceptionHandler]",45207;22251;38977;46046;45582;46279;18966;14281;14487;14440;20183;19591;19811;19534;19460;20130;45818;6543;5894;26295;25910;19265;19752;19008;45398;1547;2306;1796;19684,0.0,,0.0,0.0,0.0,6.0344827586206895,2.100985221674877,115,3.6983978126114675E-7,1,6.513611575476711,CIRCLE,29,148,2,0.6149156724181727,0.37423026390445124,0.0,0,cyclicDep,166247,smell
logging-log4j2,4f474b32751f4ccad67424ca585612584440cd63,1,2026-01-22T10:08:42.000,23.524189703642083,5.396819244571361,0.0,UNIT,ABSTRACTION,"[org.apache.logging.log4j.core.config.LoggerConfig, org.apache.logging.log4j.core.async.AsyncLoggerContextSelector, org.apache.logging.log4j.core.config.builder.impl.DefaultConfigurationBuilder, org.apache.logging.log4j.core.config.builder.api.ConfigurationBuilderFactory, org.apache.logging.log4j.core.config.DefaultConfiguration, org.apache.logging.log4j.core.async.AsyncLoggerContext, org.apache.logging.log4j.core.config.ConfigurationFactory, org.apache.logging.log4j.core.config.ConfigurationSource]",45207;22251;38977;46046;45582;46279;18966;19683,0.0,,0.0,0.0,0.0,6.5,2.392857142857143,12,3.076582192282916E-7,1,5.396819244571361,CIRCLE,8,19,1,0.8660254037844386,0.5567306167185677,0.0,0,cyclicDep,166280,smell
logging-log4j2,4f474b32751f4ccad67424ca585612584440cd63,1,2026-01-22T10:08:42.000,121.85851432979344,20.597848372144163,0.0,UNIT,ABSTRACTION,"[org.apache.logging.log4j.core.config.LoggerConfig, org.apache.logging.log4j.core.config.DefaultConfiguration, org.apache.logging.log4j.core.jmx.RingBufferAdminMBean, org.apache.logging.log4j.core.LoggerContext, org.apache.logging.log4j.core.jmx.Server, org.apache.logging.log4j.core.async.AsyncLoggerConfig, org.apache.logging.log4j.core.async.DisruptorUtil, org.apache.logging.log4j.core.async.AsyncLoggerContext, org.apache.logging.log4j.core.config.Configuration, org.apache.logging.log4j.core.async.AsyncLoggerDisruptor, org.apache.logging.log4j.core.config.builder.api.ConfigurationBuilderFactory, org.apache.logging.log4j.core.config.AbstractConfiguration, org.apache.logging.log4j.core.async.AsyncLoggerConfigDisruptor, org.apache.logging.log4j.core.async.AsyncLogger, org.apache.logging.log4j.core.async.EventRoute, org.apache.logging.log4j.core.Logger, org.apache.logging.log4j.core.config.ConfigurationFactory, org.apache.logging.log4j.core.async.AsyncLoggerConfigDelegate, org.apache.logging.log4j.core.jmx.RingBufferAdmin, org.apache.logging.log4j.core.selector.ClassLoaderContextSelector, org.apache.logging.log4j.core.async.AsyncLoggerContextSelector, org.apache.logging.log4j.core.async.RingBufferLogEvent, org.apache.logging.log4j.core.Filter, org.apache.logging.log4j.core.layout.AbstractStringLayout, org.apache.logging.log4j.core.appender.AsyncAppender, org.apache.logging.log4j.core.appender.AbstractAppender, org.apache.logging.log4j.core.config.builder.impl.DefaultConfigurationBuilder, org.apache.logging.log4j.core.layout.PatternLayout, org.apache.logging.log4j.core.config.ConfigurationSource, org.apache.logging.log4j.core.async.AsyncLoggerDefaultExceptionHandler]",19686;45207;22251;38977;46046;45582;46279;18966;14281;14487;14440;20183;19591;19811;19534;19460;20130;45818;6543;5894;26295;25910;19265;19752;19008;45398;1547;2306;1796;38833,0.0,,0.0,0.0,0.0,6.033333333333333,2.098850574712644,117,3.60264353697947E-7,1,6.513611575476711,CIRCLE,30,350,10,0.6046119049072352,0.367499864062392,0.0,0,cyclicDep,166292,smell
logging-log4j2,4f474b32751f4ccad67424ca585612584440cd63,1,2026-01-22T10:08:42.000,82.64846554380581,15.955024742603978,0.0,UNIT,ABSTRACTION,"[org.apache.logging.log4j.core.config.LoggerConfig, org.apache.logging.log4j.core.config.DefaultConfiguration, org.apache.logging.log4j.core.jmx.RingBufferAdminMBean, org.apache.logging.log4j.core.LoggerContext, org.apache.logging.log4j.core.impl.ContextAnchor, org.apache.logging.log4j.core.jmx.Server, org.apache.logging.log4j.core.async.AsyncLoggerConfig, org.apache.logging.log4j.core.async.DisruptorUtil, org.apache.logging.log4j.core.async.AsyncLoggerContext, org.apache.logging.log4j.core.config.Configuration, org.apache.logging.log4j.core.async.AsyncLoggerDisruptor, org.apache.logging.log4j.core.config.builder.api.ConfigurationBuilderFactory, org.apache.logging.log4j.core.config.AbstractConfiguration, org.apache.logging.log4j.core.async.AsyncLoggerConfigDisruptor, org.apache.logging.log4j.core.async.AsyncLogger, org.apache.logging.log4j.core.async.EventRoute, org.apache.logging.log4j.core.Logger, org.apache.logging.log4j.core.config.ConfigurationFactory, org.apache.logging.log4j.core.async.AsyncLoggerConfigDelegate, org.apache.logging.log4j.core.jmx.RingBufferAdmin, org.apache.logging.log4j.core.selector.ClassLoaderContextSelector, org.apache.logging.log4j.core.async.AsyncLoggerContextSelector, org.apache.logging.log4j.core.async.RingBufferLogEvent, org.apache.logging.log4j.core.Filter, org.apache.logging.log4j.core.layout.AbstractStringLayout, org.apache.logging.log4j.core.appender.AsyncAppender, org.apache.logging.log4j.core.appender.AbstractAppender, org.apache.logging.log4j.core.config.builder.impl.DefaultConfigurationBuilder, org.apache.logging.log4j.core.layout.PatternLayout, org.apache.logging.log4j.core.config.ConfigurationSource, org.apache.logging.log4j.core.async.AsyncLoggerDefaultExceptionHandler]",38827;19686;45207;22251;38977;46046;45582;46279;18966;14281;14487;14440;20183;19591;19811;19534;19460;20130;45818;6543;5894;26295;25910;19265;19752;19008;45398;1547;2306;1796;16522,0.0,,0.0,0.0,0.0,6.032258064516129,2.096774193548387,119,3.516111592594812E-7,1,6.513611575476711,CIRCLE,31,161,6,0.5948093198253476,0.3611366800805734,0.0,0,cyclicDep,166326,smell
logging-log4j2,4f474b32751f4ccad67424ca585612584440cd63,1,2026-01-22T10:08:42.000,81.87482793555724,9.211637830069549,0.0,UNIT,ABSTRACTION,"[org.apache.logging.log4j.core.config.LoggerConfig, org.apache.logging.log4j.core.config.DefaultConfiguration, org.apache.logging.log4j.core.jmx.RingBufferAdminMBean, org.apache.logging.log4j.core.selector.ContextSelector, org.apache.logging.log4j.core.LoggerContext, org.apache.logging.log4j.core.jmx.Server, org.apache.logging.log4j.core.async.AsyncLoggerConfig, org.apache.logging.log4j.core.async.DisruptorUtil, org.apache.logging.log4j.core.async.AsyncLoggerContext, org.apache.logging.log4j.core.config.Configuration, org.apache.logging.log4j.core.async.AsyncLoggerDisruptor, org.apache.logging.log4j.core.config.builder.api.ConfigurationBuilderFactory, org.apache.logging.log4j.core.config.AbstractConfiguration, org.apache.logging.log4j.core.async.AsyncLoggerConfigDisruptor, org.apache.logging.log4j.core.async.AsyncLogger, org.apache.logging.log4j.core.async.EventRoute, org.apache.logging.log4j.core.Logger, org.apache.logging.log4j.core.config.ConfigurationFactory, org.apache.logging.log4j.core.async.AsyncLoggerConfigDelegate, org.apache.logging.log4j.core.jmx.RingBufferAdmin, org.apache.logging.log4j.core.selector.ClassLoaderContextSelector, org.apache.logging.log4j.core.async.AsyncLoggerContextSelector, org.apache.logging.log4j.core.async.RingBufferLogEvent, org.apache.logging.log4j.core.Filter, org.apache.logging.log4j.core.layout.AbstractStringLayout, org.apache.logging.log4j.core.appender.AsyncAppender, org.apache.logging.log4j.core.appender.AbstractAppender, org.apache.logging.log4j.core.config.builder.impl.DefaultConfigurationBuilder, org.apache.logging.log4j.core.layout.PatternLayout, org.apache.logging.log4j.core.config.ConfigurationSource, org.apache.logging.log4j.core.async.AsyncLoggerDefaultExceptionHandler]",38835;19686;45207;22251;38977;46046;45582;46279;18966;14281;14487;14440;20183;19591;19811;19534;19460;20130;45818;6543;5894;26295;25910;19265;19752;19008;45398;1547;2306;1796;38790,0.0,,0.0,0.0,0.0,6.032258064516129,2.096774193548387,120,3.550046442456274E-7,1,6.513611575476711,CIRCLE,31,158,2,0.5948093198253476,0.3611366800805735,0.0,0,cyclicDep,166361,smell
logging-log4j2,4f474b32751f4ccad67424ca585612584440cd63,1,2026-01-22T10:08:42.000,82.64846554380581,9.211637830069549,0.0,UNIT,ABSTRACTION,"[org.apache.logging.log4j.core.config.LoggerConfig, org.apache.logging.log4j.core.config.DefaultConfiguration, org.apache.logging.log4j.core.jmx.RingBufferAdminMBean, org.apache.logging.log4j.core.jmx.Server, org.apache.logging.log4j.core.async.AsyncLoggerConfig, org.apache.logging.log4j.core.async.DisruptorUtil, org.apache.logging.log4j.core.async.AsyncLoggerContext, org.apache.logging.log4j.core.config.Configuration, org.apache.logging.log4j.core.async.AsyncLoggerDisruptor, org.apache.logging.log4j.core.config.builder.api.ConfigurationBuilderFactory, org.apache.logging.log4j.core.config.AbstractConfiguration, org.apache.logging.log4j.core.async.AsyncLoggerConfigDisruptor, org.apache.logging.log4j.core.async.AsyncLogger, org.apache.logging.log4j.core.async.EventRoute, org.apache.logging.log4j.core.Logger, org.apache.logging.log4j.core.config.ConfigurationFactory, org.apache.logging.log4j.core.async.AsyncLoggerConfigDelegate, org.apache.logging.log4j.core.jmx.RingBufferAdmin, org.apache.logging.log4j.core.async.RingBufferLogEvent, org.apache.logging.log4j.core.Filter, org.apache.logging.log4j.core.layout.AbstractStringLayout, org.apache.logging.log4j.core.config.AppenderControl, org.apache.logging.log4j.core.appender.AsyncAppender, org.apache.logging.log4j.core.appender.AbstractAppender, org.apache.logging.log4j.core.config.builder.impl.DefaultConfigurationBuilder, org.apache.logging.log4j.core.layout.PatternLayout, org.apache.logging.log4j.core.config.ConfigurationSource, org.apache.logging.log4j.core.async.AsyncLoggerDefaultExceptionHandler]",45192;22251;38977;46046;45582;46279;18966;14281;14487;14440;20183;19591;19811;19534;19460;20130;45818;6543;5894;26295;25910;19265;19752;19008;45398;1547;2306;45670,0.0,,0.0,0.0,0.0,6.071428571428571,2.119047619047619,99,2.9792036949006597E-7,1,6.513611575476711,CIRCLE,28,161,2,0.5933302759227196,0.3550201467673816,0.0,0,cyclicDep,166396,smell
logging-log4j2,4f474b32751f4ccad67424ca585612584440cd63,1,2026-01-22T10:08:42.000,102.3694413962365,14.564878261795428,0.0,UNIT,ABSTRACTION,"[org.apache.logging.log4j.core.config.LoggerConfig, org.apache.logging.log4j.core.config.DefaultConfiguration, org.apache.logging.log4j.core.jmx.RingBufferAdminMBean, org.apache.logging.log4j.core.jmx.Server, org.apache.logging.log4j.core.async.AsyncLoggerConfig, org.apache.logging.log4j.core.async.DisruptorUtil, org.apache.logging.log4j.core.async.AsyncLoggerContext, org.apache.logging.log4j.core.config.Configuration, org.apache.logging.log4j.core.async.AsyncLoggerDisruptor, org.apache.logging.log4j.core.config.builder.api.ConfigurationBuilderFactory, org.apache.logging.log4j.core.config.AbstractConfiguration, org.apache.logging.log4j.core.async.AsyncLoggerConfigDisruptor, org.apache.logging.log4j.core.async.AsyncLogger, org.apache.logging.log4j.core.async.EventRoute, org.apache.logging.log4j.core.Logger, org.apache.logging.log4j.core.config.ConfigurationFactory, org.apache.logging.log4j.core.async.AsyncLoggerConfigDelegate, org.apache.logging.log4j.core.jmx.RingBufferAdmin, org.apache.logging.log4j.core.async.RingBufferLogEvent, org.apache.logging.log4j.core.Filter, org.apache.logging.log4j.core.layout.AbstractStringLayout, org.apache.logging.log4j.core.appender.AsyncAppender, org.apache.logging.log4j.core.config.AppenderRef, org.apache.logging.log4j.core.appender.AbstractAppender, org.apache.logging.log4j.core.config.builder.impl.DefaultConfigurationBuilder, org.apache.logging.log4j.core.layout.PatternLayout, org.apache.logging.log4j.core.config.ConfigurationSource, org.apache.logging.log4j.core.async.AsyncLoggerDefaultExceptionHandler]",45194;22251;38977;46046;45582;46279;18966;14281;14487;14440;20183;19591;19811;19534;19460;20130;45818;6543;5894;26295;25910;19265;19752;19008;45398;1547;2306;46291,0.0,,0.0,0.0,0.0,6.071428571428571,2.119047619047619,101,2.974625796240133E-7,1,6.513611575476711,CIRCLE,28,247,5,0.5933302759227196,0.3550201467673816,0.0,0,cyclicDep,166428,smell
logging-log4j2,4f474b32751f4ccad67424ca585612584440cd63,1,2026-01-22T10:08:42.000,77.31162808120348,8.410396381660199,0.0,UNIT,ABSTRACTION,"[org.apache.logging.log4j.core.config.LoggerConfig, org.apache.logging.log4j.core.config.DefaultConfiguration, org.apache.logging.log4j.core.jmx.RingBufferAdminMBean, org.apache.logging.log4j.core.jmx.Server, org.apache.logging.log4j.core.async.AsyncLoggerConfig, org.apache.logging.log4j.core.async.DisruptorUtil, org.apache.logging.log4j.core.async.AsyncLoggerContext, org.apache.logging.log4j.core.config.Configuration, org.apache.logging.log4j.core.async.AsyncLoggerDisruptor, org.apache.logging.log4j.core.config.builder.api.ConfigurationBuilderFactory, org.apache.logging.log4j.core.config.AbstractConfiguration, org.apache.logging.log4j.core.async.AsyncLoggerConfigDisruptor, org.apache.logging.log4j.core.async.AsyncLogger, org.apache.logging.log4j.core.async.EventRoute, org.apache.logging.log4j.core.config.ConfigurationFactory, org.apache.logging.log4j.core.async.AsyncLoggerConfigDelegate, org.apache.logging.log4j.core.jmx.RingBufferAdmin, org.apache.logging.log4j.core.async.RingBufferLogEvent, org.apache.logging.log4j.core.layout.AbstractStringLayout, org.apache.logging.log4j.core.appender.AsyncAppender, org.apache.logging.log4j.core.appender.AbstractAppender, org.apache.logging.log4j.core.config.builder.impl.DefaultConfigurationBuilder, org.apache.logging.log4j.core.layout.PatternLayout, org.apache.logging.log4j.core.config.ConfigurationSource, org.apache.logging.log4j.core.async.AsyncLoggerDefaultExceptionHandler]",22251;38977;46046;45582;46279;18966;14281;14487;14440;20183;19591;19811;19534;19460;20130;45818;6543;5894;26295;25910;19265;19752;19008;45398;45176,0.0,,0.0,0.0,0.0,6.16,2.15,81,2.7763340506460113E-7,1,5.947048313938729,CIRCLE,25,169,2,0.5425863986500215,0.3662876829305985,0.0,0,cyclicDep,166460,smell
logging-log4j2,4f474b32751f4ccad67424ca585612584440cd63,1,2026-01-22T10:08:42.000,69.97946803219023,6.185369548673616,0.0,UNIT,ABSTRACTION,"[org.apache.logging.log4j.core.config.LoggerConfig, org.apache.logging.log4j.core.config.DefaultConfiguration, org.apache.logging.log4j.core.jmx.RingBufferAdminMBean, org.apache.logging.log4j.core.jmx.Server, org.apache.logging.log4j.core.async.AsyncLoggerConfig, org.apache.logging.log4j.core.async.DisruptorUtil, org.apache.logging.log4j.core.async.AsyncLoggerContext, org.apache.logging.log4j.core.config.DefaultReliabilityStrategy, org.apache.logging.log4j.core.config.Configuration, org.apache.logging.log4j.core.async.AsyncLoggerDisruptor, org.apache.logging.log4j.core.config.builder.api.ConfigurationBuilderFactory, org.apache.logging.log4j.core.config.AbstractConfiguration, org.apache.logging.log4j.core.async.AsyncLoggerConfigDisruptor, org.apache.logging.log4j.core.async.AsyncLogger, org.apache.logging.log4j.core.async.EventRoute, org.apache.logging.log4j.core.config.ConfigurationFactory, org.apache.logging.log4j.core.async.AsyncLoggerConfigDelegate, org.apache.logging.log4j.core.jmx.RingBufferAdmin, org.apache.logging.log4j.core.async.RingBufferLogEvent, org.apache.logging.log4j.core.layout.AbstractStringLayout, org.apache.logging.log4j.core.appender.AsyncAppender, org.apache.logging.log4j.core.appender.AbstractAppender, org.apache.logging.log4j.core.config.builder.impl.DefaultConfigurationBuilder, org.apache.logging.log4j.core.layout.PatternLayout, org.apache.logging.log4j.core.config.ConfigurationSource, org.apache.logging.log4j.core.async.AsyncLoggerDefaultExceptionHandler]",45168;22251;38977;46046;45582;46279;18966;14281;14487;14440;20183;19591;19811;19534;19460;20130;45818;6543;5894;26295;25910;19265;19752;19008;45398;45863,0.0,,0.0,0.0,0.0,6.153846153846154,2.144615384615385,84,2.685541296400972E-7,1,6.185369548673616,CIRCLE,26,128,1,0.532938710021193,0.36035485469433476,0.0,0,cyclicDep,166489,smell
logging-log4j2,4f474b32751f4ccad67424ca585612584440cd63,1,2026-01-22T10:08:42.000,5.570771901080137,3.216286656682621,0.0,UNIT,ABSTRACTION,"[org.apache.logging.log4j.core.config.LoggerConfig, org.apache.logging.log4j.core.config.DefaultReliabilityStrategy, org.apache.logging.log4j.core.config.LocationAwareReliabilityStrategy]",45870;45168;45419,0.0,,0.0,0.0,0.0,6.0,2.0,4,1.9703339072033778E-7,1,3.216286656682621,CIRCLE,3,3,1,0.0,0.0,0.0,0,cyclicDep,166519,smell
logging-log4j2,4f474b32751f4ccad67424ca585612584440cd63,1,2026-01-22T10:08:42.000,12.902339733879588,4.300779911293196,0.0,UNIT,CONCRETE_CLASS,"[org.apache.logging.log4j.core.config.LoggerConfig, org.apache.logging.log4j.core.config.DefaultReliabilityStrategy]",45168;45862,0.0,,0.0,0.0,0.0,6.0,2.0,2,2.6034117966316793E-7,1,4.300779911293196,TINY,2,9,1,0.0,0.0,0.0,0,cyclicDep,166526,smell
logging-log4j2,4f474b32751f4ccad67424ca585612584440cd63,1,2026-01-22T10:08:42.000,71.96670559986686,6.361018193665217,0.0,UNIT,ABSTRACTION,"[org.apache.logging.log4j.core.config.LoggerConfig, org.apache.logging.log4j.core.config.DefaultConfiguration, org.apache.logging.log4j.core.jmx.RingBufferAdminMBean, org.apache.logging.log4j.core.jmx.Server, org.apache.logging.log4j.core.async.AsyncLoggerConfig, org.apache.logging.log4j.core.async.DisruptorUtil, org.apache.logging.log4j.core.async.AsyncLoggerContext, org.apache.logging.log4j.core.config.DefaultReliabilityStrategy, org.apache.logging.log4j.core.config.Configuration, org.apache.logging.log4j.core.async.AsyncLoggerDisruptor, org.apache.logging.log4j.core.config.builder.api.ConfigurationBuilderFactory, org.apache.logging.log4j.core.config.AbstractConfiguration, org.apache.logging.log4j.core.async.AsyncLoggerConfigDisruptor, org.apache.logging.log4j.core.async.AsyncLogger, org.apache.logging.log4j.core.config.ReliabilityStrategy, org.apache.logging.log4j.core.async.EventRoute, org.apache.logging.log4j.core.config.ConfigurationFactory, org.apache.logging.log4j.core.async.AsyncLoggerConfigDelegate, org.apache.logging.log4j.core.jmx.RingBufferAdmin, org.apache.logging.log4j.core.async.RingBufferLogEvent, org.apache.logging.log4j.core.layout.AbstractStringLayout, org.apache.logging.log4j.core.appender.AsyncAppender, org.apache.logging.log4j.core.appender.AbstractAppender, org.apache.logging.log4j.core.config.builder.impl.DefaultConfigurationBuilder, org.apache.logging.log4j.core.layout.PatternLayout, org.apache.logging.log4j.core.config.ConfigurationSource, org.apache.logging.log4j.core.async.AsyncLoggerDefaultExceptionHandler]",45872;45168;22251;38977;46046;45582;46279;18966;14281;14487;14440;20183;19591;19811;19534;19460;20130;45818;6543;5894;26295;25910;19265;19752;19008;45398;45464,0.0,,0.0,0.0,0.0,6.148148148148148,2.1396011396011394,91,2.649769052534433E-7,1,6.361018193665217,CIRCLE,27,128,1,0.523782800878924,0.3546979942446932,0.0,0,cyclicDep,166532,smell
logging-log4j2,4f474b32751f4ccad67424ca585612584440cd63,1,2026-01-22T10:08:42.000,7.833648522835188,3.1980736175422315,0.0,UNIT,ABSTRACTION,"[org.apache.logging.log4j.core.config.LoggerConfig, org.apache.logging.log4j.core.config.ReliabilityStrategy, org.apache.logging.log4j.core.config.DefaultReliabilityStrategy]",45872;45168;45463,0.0,,0.0,0.0,0.0,6.0,2.0,5,2.3088381017559267E-7,1,3.1980736175422315,CIRCLE,3,6,1,0.0,0.0,0.0,0,cyclicDep,166563,smell
logging-log4j2,4f474b32751f4ccad67424ca585612584440cd63,1,2026-01-22T10:08:42.000,79.72654485037675,9.299493039930518,0.0,UNIT,ABSTRACTION,"[org.apache.logging.log4j.core.config.LoggerConfig, org.apache.logging.log4j.core.config.DefaultConfiguration, org.apache.logging.log4j.core.jmx.RingBufferAdminMBean, org.apache.logging.log4j.core.LoggerContext, org.apache.logging.log4j.core.jmx.Server, org.apache.logging.log4j.core.async.AsyncLoggerConfig, org.apache.logging.log4j.core.async.DisruptorUtil, org.apache.logging.log4j.core.async.AsyncLoggerContext, org.apache.logging.log4j.core.config.properties.PropertiesConfiguration, org.apache.logging.log4j.core.config.Configuration, org.apache.logging.log4j.core.async.AsyncLoggerDisruptor, org.apache.logging.log4j.core.config.builder.api.ConfigurationBuilderFactory, org.apache.logging.log4j.core.config.AbstractConfiguration, org.apache.logging.log4j.core.async.AsyncLoggerConfigDisruptor, org.apache.logging.log4j.core.async.AsyncLogger, org.apache.logging.log4j.core.async.EventRoute, org.apache.logging.log4j.core.Logger, org.apache.logging.log4j.core.config.ConfigurationFactory, org.apache.logging.log4j.core.async.AsyncLoggerConfigDelegate, org.apache.logging.log4j.core.jmx.RingBufferAdmin, org.apache.logging.log4j.core.async.RingBufferLogEvent, org.apache.logging.log4j.core.Filter, org.apache.logging.log4j.core.layout.AbstractStringLayout, org.apache.logging.log4j.core.appender.AsyncAppender, org.apache.logging.log4j.core.appender.AbstractAppender, org.apache.logging.log4j.core.config.builder.impl.DefaultConfigurationBuilder, org.apache.logging.log4j.core.layout.PatternLayout, org.apache.logging.log4j.core.config.ConfigurationSource, org.apache.logging.log4j.core.async.AsyncLoggerDefaultExceptionHandler]",45190;22251;38977;46046;45582;46279;18966;14281;14487;14440;20183;19591;19811;19534;19460;20130;45818;6543;5894;26295;25910;19265;19752;19008;45398;1547;2306;1796;20465,0.0,,0.0,0.0,0.0,6.068965517241379,2.2241379310344827,117,3.662671167422667E-7,1,6.57573459013197,CIRCLE,29,147,2,0.639559896241083,0.592655060202726,0.0,0,cyclicDep,166570,smell
logging-log4j2,4f474b32751f4ccad67424ca585612584440cd63,1,2026-01-22T10:08:42.000,34.8549030089124,5.581251269872519,0.0,UNIT,ABSTRACTION,"[org.apache.logging.log4j.core.config.LoggerConfig, org.apache.logging.log4j.core.async.RingBufferLogEvent, org.apache.logging.log4j.core.config.DefaultConfiguration, org.apache.logging.log4j.core.jmx.RingBufferAdminMBean, org.apache.logging.log4j.core.jmx.Server, org.apache.logging.log4j.core.async.DisruptorUtil, org.apache.logging.log4j.core.async.AsyncLoggerContext, org.apache.logging.log4j.core.config.properties.PropertiesConfiguration, org.apache.logging.log4j.core.async.AsyncLoggerDisruptor, org.apache.logging.log4j.core.config.builder.impl.DefaultConfigurationBuilder, org.apache.logging.log4j.core.config.builder.api.ConfigurationBuilderFactory, org.apache.logging.log4j.core.config.AbstractConfiguration, org.apache.logging.log4j.core.async.AsyncLoggerConfigDisruptor, org.apache.logging.log4j.core.async.AsyncLogger, org.apache.logging.log4j.core.config.ConfigurationFactory, org.apache.logging.log4j.core.jmx.RingBufferAdmin, org.apache.logging.log4j.core.async.AsyncLoggerDefaultExceptionHandler, org.apache.logging.log4j.core.config.ConfigurationSource]",45190;22251;38977;46046;45582;46279;18966;14281;14487;14440;20183;19591;19811;19534;19460;20130;45818;20466,0.0,,0.0,0.0,0.0,6.277777777777778,2.3856209150326797,44,2.1060161595634128E-7,1,5.581251269872519,CIRCLE,18,39,1,0.6502611061510903,0.6678830374544814,0.0,0,cyclicDep,166603,smell
logging-log4j2,4f474b32751f4ccad67424ca585612584440cd63,1,2026-01-22T10:08:42.000,69.43060098516371,6.185369548673616,0.0,UNIT,ABSTRACTION,"[org.apache.logging.log4j.core.config.LoggerConfig, org.apache.logging.log4j.core.config.DefaultConfiguration, org.apache.logging.log4j.core.jmx.RingBufferAdminMBean, org.apache.logging.log4j.core.jmx.Server, org.apache.logging.log4j.core.async.AsyncLoggerConfig, org.apache.logging.log4j.core.async.DisruptorUtil, org.apache.logging.log4j.core.async.AsyncLoggerContext, org.apache.logging.log4j.core.config.properties.PropertiesConfiguration, org.apache.logging.log4j.core.config.Configuration, org.apache.logging.log4j.core.async.AsyncLoggerDisruptor, org.apache.logging.log4j.core.config.builder.api.ConfigurationBuilderFactory, org.apache.logging.log4j.core.config.AbstractConfiguration, org.apache.logging.log4j.core.async.AsyncLoggerConfigDisruptor, org.apache.logging.log4j.core.async.AsyncLogger, org.apache.logging.log4j.core.async.EventRoute, org.apache.logging.log4j.core.config.ConfigurationFactory, org.apache.logging.log4j.core.async.AsyncLoggerConfigDelegate, org.apache.logging.log4j.core.jmx.RingBufferAdmin, org.apache.logging.log4j.core.async.RingBufferLogEvent, org.apache.logging.log4j.core.layout.AbstractStringLayout, org.apache.logging.log4j.core.appender.AsyncAppender, org.apache.logging.log4j.core.appender.AbstractAppender, org.apache.logging.log4j.core.config.builder.impl.DefaultConfigurationBuilder, org.apache.logging.log4j.core.layout.PatternLayout, org.apache.logging.log4j.core.config.ConfigurationSource, org.apache.logging.log4j.core.async.AsyncLoggerDefaultExceptionHandler]",45190;22251;38977;46046;45582;46279;18966;14281;14487;14440;20183;19591;19811;19534;19460;20130;45818;6543;5894;26295;25910;19265;19752;19008;45398;20452,0.0,,0.0,0.0,0.0,6.1923076923076925,2.28,85,2.6890825072935963E-7,1,6.185369548673616,CIRCLE,26,126,1,0.5560320113384984,0.5910095664981301,0.0,0,cyclicDep,166625,smell
logging-log4j2,4f474b32751f4ccad67424ca585612584440cd63,1,2026-01-22T10:08:42.000,16.256651749945064,3.8317295639247697,0.0,UNIT,ABSTRACTION,"[org.apache.logging.log4j.core.config.LoggerConfig, org.apache.logging.log4j.core.config.builder.impl.DefaultConfigurationBuilder, org.apache.logging.log4j.core.config.builder.api.ConfigurationBuilderFactory, org.apache.logging.log4j.core.config.ConfigurationFactory, org.apache.logging.log4j.core.config.properties.PropertiesConfiguration, org.apache.logging.log4j.core.config.ConfigurationSource]",45190;22251;38977;46046;45582;20451,0.0,,0.0,0.0,0.0,6.833333333333333,2.7333333333333334,8,3.1795085303345037E-7,1,3.8317295639247697,CIRCLE,6,18,1,0.8975274678557507,0.8537498983243799,0.0,0,cyclicDep,166655,smell
logging-log4j2,4f474b32751f4ccad67424ca585612584440cd63,1,2026-01-22T10:08:42.000,81.6027202461912,9.299493039930518,0.0,UNIT,ABSTRACTION,"[org.apache.logging.log4j.core.config.LoggerConfig, org.apache.logging.log4j.core.config.DefaultConfiguration, org.apache.logging.log4j.core.jmx.RingBufferAdminMBean, org.apache.logging.log4j.core.LoggerContext, org.apache.logging.log4j.core.jmx.Server, org.apache.logging.log4j.core.async.AsyncLoggerConfig, org.apache.logging.log4j.core.async.DisruptorUtil, org.apache.logging.log4j.core.async.AsyncLoggerContext, org.apache.logging.log4j.core.config.properties.PropertiesConfiguration, org.apache.logging.log4j.core.config.Configuration, org.apache.logging.log4j.core.async.AsyncLoggerDisruptor, org.apache.logging.log4j.core.config.builder.api.ConfigurationBuilderFactory, org.apache.logging.log4j.core.config.AbstractConfiguration, org.apache.logging.log4j.core.async.AsyncLoggerConfigDisruptor, org.apache.logging.log4j.core.async.AsyncLogger, org.apache.logging.log4j.core.async.EventRoute, org.apache.logging.log4j.core.Logger, org.apache.logging.log4j.core.config.ConfigurationFactory, org.apache.logging.log4j.core.async.AsyncLoggerConfigDelegate, org.apache.logging.log4j.core.jmx.RingBufferAdmin, org.apache.logging.log4j.core.async.RingBufferLogEvent, org.apache.logging.log4j.core.Filter, org.apache.logging.log4j.core.layout.AbstractStringLayout, org.apache.logging.log4j.core.appender.AsyncAppender, org.apache.logging.log4j.core.appender.AbstractAppender, org.apache.logging.log4j.core.config.properties.PropertiesConfigurationFactory, org.apache.logging.log4j.core.config.builder.impl.DefaultConfigurationBuilder, org.apache.logging.log4j.core.layout.PatternLayout, org.apache.logging.log4j.core.config.ConfigurationSource, org.apache.logging.log4j.core.async.AsyncLoggerDefaultExceptionHandler]",20462;45190;22251;38977;46046;45582;46279;18966;14281;14487;14440;20183;19591;19811;19534;19460;20130;45818;6543;5894;26295;25910;19265;19752;19008;45398;1547;2306;1796;20444,0.0,,0.0,0.0,0.0,6.1,2.3333333333333335,122,3.553472846799723E-7,1,6.57573459013197,CIRCLE,30,154,2,0.6506407098647712,0.7154560745678349,0.0,0,cyclicDep,166665,smell
logging-log4j2,4f474b32751f4ccad67424ca585612584440cd63,1,2026-01-22T10:08:42.000,11.71837839218545,3.906126130728483,0.0,UNIT,ABSTRACTION,"[org.apache.logging.log4j.core.config.LoggerConfig, org.apache.logging.log4j.core.config.builder.impl.DefaultConfigurationBuilder, org.apache.logging.log4j.core.config.builder.api.ConfigurationBuilderFactory, org.apache.logging.log4j.core.config.properties.PropertiesConfigurationFactory, org.apache.logging.log4j.core.config.ConfigurationFactory, org.apache.logging.log4j.core.config.properties.PropertiesConfiguration]",20462;45190;22251;38977;46046;20445,0.0,,0.0,0.0,0.0,7.0,2.8666666666666667,7,2.1584761298145963E-7,1,3.906126130728483,CIRCLE,6,9,1,0.816496580927726,0.9568466729604882,0.0,0,cyclicDep,166699,smell
logging-log4j2,4f474b32751f4ccad67424ca585612584440cd63,1,2026-01-22T10:08:42.000,28.60468234533265,5.056641215017958,0.0,UNIT,ABSTRACTION,"[org.apache.logging.log4j.core.config.LoggerConfig, org.apache.logging.log4j.core.config.builder.impl.DefaultConfigurationBuilder, org.apache.logging.log4j.core.config.builder.api.ConfigurationBuilderFactory, org.apache.logging.log4j.core.config.properties.PropertiesConfigurationFactory, org.apache.logging.log4j.core.config.ConfigurationFactory, org.apache.logging.log4j.core.config.properties.PropertiesConfiguration, org.apache.logging.log4j.core.config.ConfigurationSource]",20462;45190;22251;38977;46046;45582;20432,0.0,,0.0,0.0,0.0,6.857142857142857,2.9047619047619047,12,2.780538961534483E-7,1,5.056641215017958,CIRCLE,7,32,1,0.8329931278350429,0.920908552657796,0.0,0,cyclicDep,166709,smell
logging-log4j2,4f474b32751f4ccad67424ca585612584440cd63,1,2026-01-22T10:08:42.000,10.769495238429526,5.384747619214763,0.0,UNIT,CONCRETE_CLASS,"[org.apache.logging.log4j.core.config.properties.PropertiesConfigurationFactory, org.apache.logging.log4j.core.config.properties.PropertiesConfiguration]",20462;20435,0.0,,0.0,0.0,0.0,7.0,4.0,2,4.4725773610878914E-8,1,5.384747619214763,TINY,2,4,1,0.0,0.0,0.0,0,cyclicDep,166720,smell
logging-log4j2,4f474b32751f4ccad67424ca585612584440cd63,1,2026-01-22T10:08:42.000,81.79892858644875,11.097226247609393,0.0,UNIT,ABSTRACTION,"[org.apache.logging.log4j.core.config.LoggerConfig, org.apache.logging.log4j.core.config.DefaultConfiguration, org.apache.logging.log4j.core.jmx.RingBufferAdminMBean, org.apache.logging.log4j.core.LoggerContext, org.apache.logging.log4j.core.jmx.Server, org.apache.logging.log4j.core.async.AsyncLoggerConfig, org.apache.logging.log4j.core.async.DisruptorUtil, org.apache.logging.log4j.core.async.AsyncLoggerContext, org.apache.logging.log4j.core.config.properties.PropertiesConfiguration, org.apache.logging.log4j.core.config.Configuration, org.apache.logging.log4j.core.async.AsyncLoggerDisruptor, org.apache.logging.log4j.core.config.builder.api.ConfigurationBuilderFactory, org.apache.logging.log4j.core.config.AbstractConfiguration, org.apache.logging.log4j.core.async.AsyncLoggerConfigDisruptor, org.apache.logging.log4j.core.async.AsyncLogger, org.apache.logging.log4j.core.async.EventRoute, org.apache.logging.log4j.core.Logger, org.apache.logging.log4j.core.config.ConfigurationFactory, org.apache.logging.log4j.core.async.AsyncLoggerConfigDelegate, org.apache.logging.log4j.core.jmx.RingBufferAdmin, org.apache.logging.log4j.core.config.properties.PropertiesConfigurationBuilder, org.apache.logging.log4j.core.async.RingBufferLogEvent, org.apache.logging.log4j.core.Filter, org.apache.logging.log4j.core.layout.AbstractStringLayout, org.apache.logging.log4j.core.appender.AsyncAppender, org.apache.logging.log4j.core.appender.AbstractAppender, org.apache.logging.log4j.core.config.properties.PropertiesConfigurationFactory, org.apache.logging.log4j.core.config.builder.impl.DefaultConfigurationBuilder, org.apache.logging.log4j.core.layout.PatternLayout, org.apache.logging.log4j.core.config.ConfigurationSource, org.apache.logging.log4j.core.async.AsyncLoggerDefaultExceptionHandler]",20442;20462;45190;22251;38977;46046;45582;46279;18966;14281;14487;14440;20183;19591;19811;19534;19460;20130;45818;6543;5894;26295;25910;19265;19752;19008;45398;1547;2306;1796;20506,0.0,,0.0,0.0,0.0,6.129032258064516,2.432258064516129,128,3.450296333549995E-7,1,6.406986561315464,CIRCLE,31,163,3,0.6595176871051894,0.7980030574122287,0.0,0,cyclicDep,166726,smell
logging-log4j2,4f474b32751f4ccad67424ca585612584440cd63,1,2026-01-22T10:08:42.000,30.62465798671016,5.500350947169763,0.0,UNIT,ABSTRACTION,"[org.apache.logging.log4j.core.config.LoggerConfig, org.apache.logging.log4j.core.config.properties.PropertiesConfigurationBuilder, org.apache.logging.log4j.core.config.builder.impl.DefaultConfigurationBuilder, org.apache.logging.log4j.core.config.builder.api.ConfigurationBuilderFactory, org.apache.logging.log4j.core.config.properties.PropertiesConfigurationFactory, org.apache.logging.log4j.core.config.ConfigurationFactory, org.apache.logging.log4j.core.config.properties.PropertiesConfiguration, org.apache.logging.log4j.core.config.ConfigurationSource]",20442;20462;45190;22251;38977;46046;45582;20528,0.0,,0.0,0.0,0.0,6.875,3.0357142857142856,17,2.477346708349941E-7,1,5.500350947169763,CIRCLE,8,31,1,0.7806247497997998,0.9442360047430204,0.0,0,cyclicDep,166761,smell
logging-log4j2,4f474b32751f4ccad67424ca585612584440cd63,1,2026-01-22T10:08:42.000,16.08285618632581,4.020714046581452,0.0,UNIT,CONCRETE_CLASS,"[org.apache.logging.log4j.core.config.LoggerConfig, org.apache.logging.log4j.core.config.properties.PropertiesConfigurationBuilder, org.apache.logging.log4j.core.config.properties.PropertiesConfigurationFactory, org.apache.logging.log4j.core.config.properties.PropertiesConfiguration]",20442;20462;45190;20501,0.0,,0.0,0.0,0.0,6.75,4.0,6,1.5101543903160244E-7,1,4.020714046581452,CIRCLE,4,16,1,0.4330127018922193,0.0,0.0,0,cyclicDep,166773,smell
logging-log4j2,4f474b32751f4ccad67424ca585612584440cd63,1,2026-01-22T10:08:42.000,21.939709587744247,5.171239142252491,0.0,UNIT,ABSTRACTION,"[org.apache.logging.log4j.core.config.LoggerConfig, org.apache.logging.log4j.core.config.properties.PropertiesConfigurationBuilder, org.apache.logging.log4j.core.config.builder.impl.DefaultConfigurationBuilder, org.apache.logging.log4j.core.config.builder.api.ConfigurationBuilderFactory, org.apache.logging.log4j.core.config.properties.PropertiesConfigurationFactory, org.apache.logging.log4j.core.config.properties.PropertiesConfiguration]",20442;20462;45190;22251;38977;20527,0.0,,0.0,0.0,0.0,7.166666666666667,2.8666666666666667,9,1.4290798797980597E-7,1,5.171239142252491,CIRCLE,6,18,1,0.6871842709362768,1.024152766382481,0.0,0,cyclicDep,166781,smell
logging-log4j2,4f474b32751f4ccad67424ca585612584440cd63,1,2026-01-22T10:08:42.000,50.140730787264346,13.1676010013107,0.0,UNIT,CONCRETE_CLASS,"[org.apache.logging.log4j.core.config.properties.PropertiesConfigurationBuilder, org.apache.logging.log4j.core.config.properties.PropertiesConfigurationFactory, org.apache.logging.log4j.core.config.properties.PropertiesConfiguration]",20442;20462;20537,0.0,,0.0,0.0,0.0,7.0,4.0,4,4.1650546942524015E-8,1,4.655449979992785,CIRCLE,3,116,8,0.0,0.0,0.0,0,cyclicDep,166791,smell
logging-log4j2,4f474b32751f4ccad67424ca585612584440cd63,1,2026-01-22T10:08:42.000,81.61448899913917,11.175524161021436,0.0,UNIT,ABSTRACTION,"[org.apache.logging.log4j.core.config.LoggerConfig, org.apache.logging.log4j.core.config.DefaultConfiguration, org.apache.logging.log4j.core.jmx.RingBufferAdminMBean, org.apache.logging.log4j.core.filter.AbstractFilter, org.apache.logging.log4j.core.jmx.Server, org.apache.logging.log4j.core.async.AsyncLoggerConfig, org.apache.logging.log4j.core.async.DisruptorUtil, org.apache.logging.log4j.core.async.AsyncLoggerContext, org.apache.logging.log4j.core.config.properties.PropertiesConfiguration, org.apache.logging.log4j.core.config.Configuration, org.apache.logging.log4j.core.async.AsyncLoggerDisruptor, org.apache.logging.log4j.core.config.builder.api.ConfigurationBuilderFactory, org.apache.logging.log4j.core.config.AbstractConfiguration, org.apache.logging.log4j.core.async.AsyncLoggerConfigDisruptor, org.apache.logging.log4j.core.async.AsyncLogger, org.apache.logging.log4j.core.async.EventRoute, org.apache.logging.log4j.core.Logger, org.apache.logging.log4j.core.config.ConfigurationFactory, org.apache.logging.log4j.core.async.AsyncLoggerConfigDelegate, org.apache.logging.log4j.core.jmx.RingBufferAdmin, org.apache.logging.log4j.core.config.properties.PropertiesConfigurationBuilder, org.apache.logging.log4j.core.async.RingBufferLogEvent, org.apache.logging.log4j.core.Filter, org.apache.logging.log4j.core.layout.AbstractStringLayout, org.apache.logging.log4j.core.appender.AsyncAppender, org.apache.logging.log4j.core.appender.AbstractAppender, org.apache.logging.log4j.core.config.properties.PropertiesConfigurationFactory, org.apache.logging.log4j.core.config.builder.impl.DefaultConfigurationBuilder, org.apache.logging.log4j.core.layout.PatternLayout, org.apache.logging.log4j.core.config.ConfigurationSource, org.apache.logging.log4j.core.async.AsyncLoggerDefaultExceptionHandler]",20499;20442;20462;45190;22251;38977;46046;45582;46279;18966;14281;14487;14440;20183;19591;19811;19534;19460;20130;45818;6543;5894;26295;25910;19265;19752;19008;45398;1547;2306;10221,0.0,,0.0,0.0,0.0,6.161290322580645,2.445161290322581,112,2.736141517680766E-7,1,6.452191882700893,CIRCLE,31,160,3,0.6271684546846317,0.7826775285967894,0.0,0,cyclicDep,166798,smell
logging-log4j2,4f474b32751f4ccad67424ca585612584440cd63,1,2026-01-22T10:08:42.000,81.35904396254553,11.175524161021436,0.0,UNIT,ABSTRACTION,"[org.apache.logging.log4j.core.config.LoggerConfig, org.apache.logging.log4j.core.config.DefaultConfiguration, org.apache.logging.log4j.core.jmx.RingBufferAdminMBean, org.apache.logging.log4j.core.filter.AbstractFilter, org.apache.logging.log4j.core.jmx.Server, org.apache.logging.log4j.core.async.AsyncLoggerConfig, org.apache.logging.log4j.core.async.DisruptorUtil, org.apache.logging.log4j.core.async.AsyncLoggerContext, org.apache.logging.log4j.core.config.properties.PropertiesConfiguration, org.apache.logging.log4j.core.config.Configuration, org.apache.logging.log4j.core.async.AsyncLoggerDisruptor, org.apache.logging.log4j.core.config.builder.api.ConfigurationBuilderFactory, org.apache.logging.log4j.core.config.AbstractConfiguration, org.apache.logging.log4j.core.async.AsyncLoggerConfigDisruptor, org.apache.logging.log4j.core.async.AsyncLogger, org.apache.logging.log4j.core.async.EventRoute, org.apache.logging.log4j.core.Logger, org.apache.logging.log4j.core.config.ConfigurationFactory, org.apache.logging.log4j.core.async.AsyncLoggerConfigDelegate, org.apache.logging.log4j.core.jmx.RingBufferAdmin, org.apache.logging.log4j.core.config.properties.PropertiesConfigurationBuilder, org.apache.logging.log4j.core.async.RingBufferLogEvent, org.apache.logging.log4j.core.layout.AbstractStringLayout, org.apache.logging.log4j.core.appender.AsyncAppender, org.apache.logging.log4j.core.appender.AbstractAppender, org.apache.logging.log4j.core.config.properties.PropertiesConfigurationFactory, org.apache.logging.log4j.core.config.builder.impl.DefaultConfigurationBuilder, org.apache.logging.log4j.core.layout.PatternLayout, org.apache.logging.log4j.core.config.ConfigurationSource, org.apache.logging.log4j.core.async.AsyncLoggerDefaultExceptionHandler]",20499;20442;20462;45190;22251;38977;46046;45582;46279;18966;14281;14487;14440;20183;19591;19811;19534;19460;20130;45818;6543;5894;26295;25910;19265;19752;19008;45398;1547;10213,0.0,,0.0,0.0,0.0,6.2,2.466666666666667,102,2.595906523447635E-7,1,6.452191882700893,CIRCLE,30,159,3,0.6000000000000001,0.7823728520938635,0.0,0,cyclicDep,166833,smell
logging-log4j2,4f474b32751f4ccad67424ca585612584440cd63,1,2026-01-22T10:08:42.000,6.560625760389975,4.639062963998901,0.0,UNIT,CONCRETE_CLASS,"[org.apache.logging.log4j.core.config.LoggerConfig, org.apache.logging.log4j.core.impl.Log4jLogEvent, org.apache.logging.log4j.core.impl.DefaultLogEventFactory]",16923;45191;16971,0.0,,0.0,0.0,0.0,6.0,2.0,3,3.905807274128275E-7,1,3.2803128801949875,CIRCLE,3,4,2,0.0,0.0,0.0,0,cyclicDep,166867,smell
logging-log4j2,4f474b32751f4ccad67424ca585612584440cd63,1,2026-01-22T10:08:42.000,7.449169318531384,7.449169318531384,0.0,UNIT,ABSTRACTION,"[org.apache.logging.log4j.core.time.PreciseClock, org.apache.logging.log4j.core.time.MutableInstant]",37064;37073,0.0,,0.0,0.0,0.0,6.0,2.0,2,2.776318766586462E-7,1,4.300779911293196,TINY,2,3,3,0.0,0.0,0.0,0,cyclicDep,166874,smell
logging-log4j2,4f474b32751f4ccad67424ca585612584440cd63,1,2026-01-22T10:08:42.000,67.18457789589442,6.009171328593988,0.0,UNIT,ABSTRACTION,"[org.apache.logging.log4j.core.config.DefaultConfiguration, org.apache.logging.log4j.core.jmx.RingBufferAdminMBean, org.apache.logging.log4j.core.jmx.Server, org.apache.logging.log4j.core.async.AsyncLoggerConfig, org.apache.logging.log4j.core.async.DisruptorUtil, org.apache.logging.log4j.core.async.AsyncLoggerContext, org.apache.logging.log4j.core.config.Configuration, org.apache.logging.log4j.core.config.builder.impl.DefaultAppenderComponentBuilder, org.apache.logging.log4j.core.async.AsyncLoggerDisruptor, org.apache.logging.log4j.core.config.builder.api.ConfigurationBuilderFactory, org.apache.logging.log4j.core.config.AbstractConfiguration, org.apache.logging.log4j.core.async.AsyncLoggerConfigDisruptor, org.apache.logging.log4j.core.async.AsyncLogger, org.apache.logging.log4j.core.async.EventRoute, org.apache.logging.log4j.core.config.ConfigurationFactory, org.apache.logging.log4j.core.async.AsyncLoggerConfigDelegate, org.apache.logging.log4j.core.jmx.RingBufferAdmin, org.apache.logging.log4j.core.async.RingBufferLogEvent, org.apache.logging.log4j.core.layout.AbstractStringLayout, org.apache.logging.log4j.core.appender.AsyncAppender, org.apache.logging.log4j.core.appender.AbstractAppender, org.apache.logging.log4j.core.config.builder.impl.DefaultConfigurationBuilder, org.apache.logging.log4j.core.layout.PatternLayout, org.apache.logging.log4j.core.config.ConfigurationSource, org.apache.logging.log4j.core.async.AsyncLoggerDefaultExceptionHandler]",22269;38977;46046;45582;46279;18966;14281;14487;14440;20183;19591;19811;19534;19460;20130;45818;6543;5894;26295;25910;19265;19752;19008;45398;22330,0.0,,0.0,0.0,0.0,6.24,2.2133333333333334,74,2.598748178991414E-7,1,6.009171328593988,CIRCLE,25,125,1,0.6499230723708769,0.4256237253203298,0.0,0,cyclicDep,166880,smell
logging-log4j2,4f474b32751f4ccad67424ca585612584440cd63,1,2026-01-22T10:08:42.000,67.45278087007162,8.498251591521168,0.0,UNIT,ABSTRACTION,"[org.apache.logging.log4j.core.config.DefaultConfiguration, org.apache.logging.log4j.core.jmx.RingBufferAdminMBean, org.apache.logging.log4j.core.jmx.Server, org.apache.logging.log4j.core.async.AsyncLoggerConfig, org.apache.logging.log4j.core.async.DisruptorUtil, org.apache.logging.log4j.core.async.AsyncLoggerContext, org.apache.logging.log4j.core.config.Configuration, org.apache.logging.log4j.core.config.builder.impl.DefaultAppenderComponentBuilder, org.apache.logging.log4j.core.async.AsyncLoggerDisruptor, org.apache.logging.log4j.core.config.builder.api.ConfigurationBuilderFactory, org.apache.logging.log4j.core.config.AbstractConfiguration, org.apache.logging.log4j.core.async.AsyncLoggerConfigDisruptor, org.apache.logging.log4j.core.async.AsyncLogger, org.apache.logging.log4j.core.config.builder.impl.DefaultComponentAndConfigurationBuilder, org.apache.logging.log4j.core.async.EventRoute, org.apache.logging.log4j.core.config.ConfigurationFactory, org.apache.logging.log4j.core.async.AsyncLoggerConfigDelegate, org.apache.logging.log4j.core.jmx.RingBufferAdmin, org.apache.logging.log4j.core.async.RingBufferLogEvent, org.apache.logging.log4j.core.layout.AbstractStringLayout, org.apache.logging.log4j.core.appender.AsyncAppender, org.apache.logging.log4j.core.appender.AbstractAppender, org.apache.logging.log4j.core.config.builder.impl.DefaultConfigurationBuilder, org.apache.logging.log4j.core.layout.PatternLayout, org.apache.logging.log4j.core.config.ConfigurationSource, org.apache.logging.log4j.core.async.AsyncLoggerDefaultExceptionHandler]",22332;22269;38977;46046;45582;46279;18966;14281;14487;14440;20183;19591;19811;19534;19460;20130;45818;6543;5894;26295;25910;19265;19752;19008;45398;22342,0.0,,0.0,0.0,0.0,6.3076923076923075,2.2615384615384615,77,2.5401560122108664E-7,1,6.009171328593988,CIRCLE,26,126,2,0.72160242458822,0.4599974273146478,0.0,0,cyclicDep,166909,smell
logging-log4j2,4f474b32751f4ccad67424ca585612584440cd63,1,2026-01-22T10:08:42.000,10.428879063972929,4.25757204932132,0.0,UNIT,CONCRETE_CLASS,"[org.apache.logging.log4j.core.config.builder.impl.DefaultAppenderComponentBuilder, org.apache.logging.log4j.core.config.builder.impl.DefaultConfigurationBuilder, org.apache.logging.log4j.core.config.builder.impl.DefaultComponentAndConfigurationBuilder]",22332;22269;22341,0.0,,0.0,0.0,0.0,8.0,2.0,4,1.0350633474878133E-7,1,4.25757204932132,CIRCLE,3,6,1,0.0,0.0,0.0,0,cyclicDep,166939,smell
logging-log4j2,4f474b32751f4ccad67424ca585612584440cd63,1,2026-01-22T10:08:42.000,67.18457789589442,6.009171328593988,0.0,UNIT,ABSTRACTION,"[org.apache.logging.log4j.core.config.DefaultConfiguration, org.apache.logging.log4j.core.jmx.RingBufferAdminMBean, org.apache.logging.log4j.core.jmx.Server, org.apache.logging.log4j.core.async.AsyncLoggerConfig, org.apache.logging.log4j.core.async.DisruptorUtil, org.apache.logging.log4j.core.async.AsyncLoggerContext, org.apache.logging.log4j.core.config.Configuration, org.apache.logging.log4j.core.async.AsyncLoggerDisruptor, org.apache.logging.log4j.core.config.builder.api.ConfigurationBuilderFactory, org.apache.logging.log4j.core.config.AbstractConfiguration, org.apache.logging.log4j.core.async.AsyncLoggerConfigDisruptor, org.apache.logging.log4j.core.async.AsyncLogger, org.apache.logging.log4j.core.async.EventRoute, org.apache.logging.log4j.core.config.ConfigurationFactory, org.apache.logging.log4j.core.async.AsyncLoggerConfigDelegate, org.apache.logging.log4j.core.jmx.RingBufferAdmin, org.apache.logging.log4j.core.config.builder.impl.DefaultAppenderRefComponentBuilder, org.apache.logging.log4j.core.async.RingBufferLogEvent, org.apache.logging.log4j.core.layout.AbstractStringLayout, org.apache.logging.log4j.core.appender.AsyncAppender, org.apache.logging.log4j.core.appender.AbstractAppender, org.apache.logging.log4j.core.config.builder.impl.DefaultConfigurationBuilder, org.apache.logging.log4j.core.layout.PatternLayout, org.apache.logging.log4j.core.config.ConfigurationSource, org.apache.logging.log4j.core.async.AsyncLoggerDefaultExceptionHandler]",22293;38977;46046;45582;46279;18966;14281;14487;14440;20183;19591;19811;19534;19460;20130;45818;6543;5894;26295;25910;19265;19752;19008;45398;22096,0.0,,0.0,0.0,0.0,6.24,2.2133333333333334,74,2.598748178991414E-7,1,6.009171328593988,CIRCLE,25,125,1,0.6499230723708769,0.4256237253203298,0.0,0,cyclicDep,166952,smell
logging-log4j2,4f474b32751f4ccad67424ca585612584440cd63,1,2026-01-22T10:08:42.000,67.18457789589442,6.009171328593988,0.0,UNIT,ABSTRACTION,"[org.apache.logging.log4j.core.config.DefaultConfiguration, org.apache.logging.log4j.core.jmx.RingBufferAdminMBean, org.apache.logging.log4j.core.jmx.Server, org.apache.logging.log4j.core.async.AsyncLoggerConfig, org.apache.logging.log4j.core.async.DisruptorUtil, org.apache.logging.log4j.core.async.AsyncLoggerContext, org.apache.logging.log4j.core.config.Configuration, org.apache.logging.log4j.core.async.AsyncLoggerDisruptor, org.apache.logging.log4j.core.config.builder.api.ConfigurationBuilderFactory, org.apache.logging.log4j.core.config.AbstractConfiguration, org.apache.logging.log4j.core.async.AsyncLoggerConfigDisruptor, org.apache.logging.log4j.core.async.AsyncLogger, org.apache.logging.log4j.core.async.EventRoute, org.apache.logging.log4j.core.config.ConfigurationFactory, org.apache.logging.log4j.core.async.AsyncLoggerConfigDelegate, org.apache.logging.log4j.core.jmx.RingBufferAdmin, org.apache.logging.log4j.core.async.RingBufferLogEvent, org.apache.logging.log4j.core.layout.AbstractStringLayout, org.apache.logging.log4j.core.appender.AsyncAppender, org.apache.logging.log4j.core.appender.AbstractAppender, org.apache.logging.log4j.core.config.builder.impl.DefaultConfigurationBuilder, org.apache.logging.log4j.core.config.builder.impl.DefaultCustomLevelComponentBuilder, org.apache.logging.log4j.core.layout.PatternLayout, org.apache.logging.log4j.core.config.ConfigurationSource, org.apache.logging.log4j.core.async.AsyncLoggerDefaultExceptionHandler]",22295;38977;46046;45582;46279;18966;14281;14487;14440;20183;19591;19811;19534;19460;20130;45818;6543;5894;26295;25910;19265;19752;19008;45398;22140,0.0,,0.0,0.0,0.0,6.24,2.2133333333333334,74,2.598748178991414E-7,1,6.009171328593988,CIRCLE,25,125,1,0.6499230723708769,0.4256237253203298,0.0,0,cyclicDep,166987,smell
logging-log4j2,4f474b32751f4ccad67424ca585612584440cd63,1,2026-01-22T10:08:42.000,67.45278087007162,6.009171328593988,0.0,UNIT,ABSTRACTION,"[org.apache.logging.log4j.core.config.DefaultConfiguration, org.apache.logging.log4j.core.jmx.RingBufferAdminMBean, org.apache.logging.log4j.core.jmx.Server, org.apache.logging.log4j.core.async.AsyncLoggerConfig, org.apache.logging.log4j.core.async.DisruptorUtil, org.apache.logging.log4j.core.async.AsyncLoggerContext, org.apache.logging.log4j.core.config.Configuration, org.apache.logging.log4j.core.async.AsyncLoggerDisruptor, org.apache.logging.log4j.core.config.builder.api.ConfigurationBuilderFactory, org.apache.logging.log4j.core.config.AbstractConfiguration, org.apache.logging.log4j.core.async.AsyncLoggerConfigDisruptor, org.apache.logging.log4j.core.async.AsyncLogger, org.apache.logging.log4j.core.async.EventRoute, org.apache.logging.log4j.core.config.builder.impl.DefaultFilterComponentBuilder, org.apache.logging.log4j.core.config.ConfigurationFactory, org.apache.logging.log4j.core.async.AsyncLoggerConfigDelegate, org.apache.logging.log4j.core.jmx.RingBufferAdmin, org.apache.logging.log4j.core.async.RingBufferLogEvent, org.apache.logging.log4j.core.layout.AbstractStringLayout, org.apache.logging.log4j.core.appender.AsyncAppender, org.apache.logging.log4j.core.appender.AbstractAppender, org.apache.logging.log4j.core.config.builder.impl.DefaultConfigurationBuilder, org.apache.logging.log4j.core.layout.PatternLayout, org.apache.logging.log4j.core.config.ConfigurationSource, org.apache.logging.log4j.core.async.AsyncLoggerDefaultExceptionHandler]",22279;38977;46046;45582;46279;18966;14281;14487;14440;20183;19591;19811;19534;19460;20130;45818;6543;5894;26295;25910;19265;19752;19008;45398;22352,0.0,,0.0,0.0,0.0,6.24,2.2133333333333334,74,2.598748178991414E-7,1,6.009171328593988,CIRCLE,25,126,1,0.6499230723708769,0.4256237253203298,0.0,0,cyclicDep,167022,smell
logging-log4j2,4f474b32751f4ccad67424ca585612584440cd63,1,2026-01-22T10:08:42.000,67.18457789589442,6.009171328593988,0.0,UNIT,ABSTRACTION,"[org.apache.logging.log4j.core.config.DefaultConfiguration, org.apache.logging.log4j.core.jmx.RingBufferAdminMBean, org.apache.logging.log4j.core.jmx.Server, org.apache.logging.log4j.core.async.AsyncLoggerConfig, org.apache.logging.log4j.core.async.DisruptorUtil, org.apache.logging.log4j.core.async.AsyncLoggerContext, org.apache.logging.log4j.core.config.Configuration, org.apache.logging.log4j.core.async.AsyncLoggerDisruptor, org.apache.logging.log4j.core.config.builder.api.ConfigurationBuilderFactory, org.apache.logging.log4j.core.config.AbstractConfiguration, org.apache.logging.log4j.core.async.AsyncLoggerConfigDisruptor, org.apache.logging.log4j.core.async.AsyncLogger, org.apache.logging.log4j.core.async.EventRoute, org.apache.logging.log4j.core.config.ConfigurationFactory, org.apache.logging.log4j.core.async.AsyncLoggerConfigDelegate, org.apache.logging.log4j.core.jmx.RingBufferAdmin, org.apache.logging.log4j.core.async.RingBufferLogEvent, org.apache.logging.log4j.core.layout.AbstractStringLayout, org.apache.logging.log4j.core.appender.AsyncAppender, org.apache.logging.log4j.core.appender.AbstractAppender, org.apache.logging.log4j.core.config.builder.impl.DefaultConfigurationBuilder, org.apache.logging.log4j.core.config.builder.impl.DefaultKeyValuePairComponentBuilder, org.apache.logging.log4j.core.layout.PatternLayout, org.apache.logging.log4j.core.config.ConfigurationSource, org.apache.logging.log4j.core.async.AsyncLoggerDefaultExceptionHandler]",22291;38977;46046;45582;46279;18966;14281;14487;14440;20183;19591;19811;19534;19460;20130;45818;6543;5894;26295;25910;19265;19752;19008;45398;22065,0.0,,0.0,0.0,0.0,6.24,2.2133333333333334,74,2.598748178991414E-7,1,6.009171328593988,CIRCLE,25,125,1,0.6499230723708769,0.4256237253203298,0.0,0,cyclicDep,167057,smell
logging-log4j2,4f474b32751f4ccad67424ca585612584440cd63,1,2026-01-22T10:08:42.000,67.18457789589442,6.009171328593988,0.0,UNIT,ABSTRACTION,"[org.apache.logging.log4j.core.config.DefaultConfiguration, org.apache.logging.log4j.core.jmx.RingBufferAdminMBean, org.apache.logging.log4j.core.jmx.Server, org.apache.logging.log4j.core.async.AsyncLoggerConfig, org.apache.logging.log4j.core.async.DisruptorUtil, org.apache.logging.log4j.core.async.AsyncLoggerContext, org.apache.logging.log4j.core.config.Configuration, org.apache.logging.log4j.core.async.AsyncLoggerDisruptor, org.apache.logging.log4j.core.config.builder.api.ConfigurationBuilderFactory, org.apache.logging.log4j.core.config.AbstractConfiguration, org.apache.logging.log4j.core.async.AsyncLoggerConfigDisruptor, org.apache.logging.log4j.core.async.AsyncLogger, org.apache.logging.log4j.core.async.EventRoute, org.apache.logging.log4j.core.config.ConfigurationFactory, org.apache.logging.log4j.core.async.AsyncLoggerConfigDelegate, org.apache.logging.log4j.core.jmx.RingBufferAdmin, org.apache.logging.log4j.core.async.RingBufferLogEvent, org.apache.logging.log4j.core.layout.AbstractStringLayout, org.apache.logging.log4j.core.appender.AsyncAppender, org.apache.logging.log4j.core.appender.AbstractAppender, org.apache.logging.log4j.core.config.builder.impl.DefaultConfigurationBuilder, org.apache.logging.log4j.core.layout.PatternLayout, org.apache.logging.log4j.core.config.builder.impl.DefaultLayoutComponentBuilder, org.apache.logging.log4j.core.config.ConfigurationSource, org.apache.logging.log4j.core.async.AsyncLoggerDefaultExceptionHandler]",22300;38977;46046;45582;46279;18966;14281;14487;14440;20183;19591;19811;19534;19460;20130;45818;6543;5894;26295;25910;19265;19752;19008;45398;22221,0.0,,0.0,0.0,0.0,6.24,2.2133333333333334,74,2.598748178991414E-7,1,6.009171328593988,CIRCLE,25,125,1,0.6499230723708769,0.4256237253203298,0.0,0,cyclicDep,167092,smell
logging-log4j2,4f474b32751f4ccad67424ca585612584440cd63,1,2026-01-22T10:08:42.000,70.07837788983034,8.498251591521168,0.0,UNIT,ABSTRACTION,"[org.apache.logging.log4j.core.config.DefaultConfiguration, org.apache.logging.log4j.core.jmx.RingBufferAdminMBean, org.apache.logging.log4j.core.jmx.Server, org.apache.logging.log4j.core.async.AsyncLoggerConfig, org.apache.logging.log4j.core.async.DisruptorUtil, org.apache.logging.log4j.core.async.AsyncLoggerContext, org.apache.logging.log4j.core.config.Configuration, org.apache.logging.log4j.core.async.AsyncLoggerDisruptor, org.apache.logging.log4j.core.config.builder.api.ConfigurationBuilderFactory, org.apache.logging.log4j.core.config.AbstractConfiguration, org.apache.logging.log4j.core.async.AsyncLoggerConfigDisruptor, org.apache.logging.log4j.core.async.AsyncLogger, org.apache.logging.log4j.core.async.EventRoute, org.apache.logging.log4j.core.config.builder.impl.DefaultLoggerComponentBuilder, org.apache.logging.log4j.core.config.ConfigurationFactory, org.apache.logging.log4j.core.async.AsyncLoggerConfigDelegate, org.apache.logging.log4j.core.jmx.RingBufferAdmin, org.apache.logging.log4j.core.async.RingBufferLogEvent, org.apache.logging.log4j.core.layout.AbstractStringLayout, org.apache.logging.log4j.core.appender.AsyncAppender, org.apache.logging.log4j.core.appender.AbstractAppender, org.apache.logging.log4j.core.config.builder.impl.DefaultConfigurationBuilder, org.apache.logging.log4j.core.layout.PatternLayout, org.apache.logging.log4j.core.config.ConfigurationSource, org.apache.logging.log4j.core.async.AsyncLoggerDefaultExceptionHandler]",22309;38977;46046;45582;46279;18966;14281;14487;14440;20183;19591;19811;19534;19460;20130;45818;6543;5894;26295;25910;19265;19752;19008;45398;22363,0.0,,0.0,0.0,0.0,6.24,2.2133333333333334,74,2.598748178991414E-7,1,6.009171328593988,CIRCLE,25,136,2,0.6499230723708769,0.4256237253203298,0.0,0,cyclicDep,167127,smell
logging-log4j2,4f474b32751f4ccad67424ca585612584440cd63,1,2026-01-22T10:08:42.000,67.18457789589442,6.009171328593988,0.0,UNIT,ABSTRACTION,"[org.apache.logging.log4j.core.config.DefaultConfiguration, org.apache.logging.log4j.core.jmx.RingBufferAdminMBean, org.apache.logging.log4j.core.jmx.Server, org.apache.logging.log4j.core.async.AsyncLoggerConfig, org.apache.logging.log4j.core.async.DisruptorUtil, org.apache.logging.log4j.core.async.AsyncLoggerContext, org.apache.logging.log4j.core.config.Configuration, org.apache.logging.log4j.core.async.AsyncLoggerDisruptor, org.apache.logging.log4j.core.config.builder.api.ConfigurationBuilderFactory, org.apache.logging.log4j.core.config.AbstractConfiguration, org.apache.logging.log4j.core.async.AsyncLoggerConfigDisruptor, org.apache.logging.log4j.core.async.AsyncLogger, org.apache.logging.log4j.core.async.EventRoute, org.apache.logging.log4j.core.config.ConfigurationFactory, org.apache.logging.log4j.core.async.AsyncLoggerConfigDelegate, org.apache.logging.log4j.core.jmx.RingBufferAdmin, org.apache.logging.log4j.core.async.RingBufferLogEvent, org.apache.logging.log4j.core.layout.AbstractStringLayout, org.apache.logging.log4j.core.config.builder.impl.DefaultPropertyComponentBuilder, org.apache.logging.log4j.core.appender.AsyncAppender, org.apache.logging.log4j.core.appender.AbstractAppender, org.apache.logging.log4j.core.config.builder.impl.DefaultConfigurationBuilder, org.apache.logging.log4j.core.layout.PatternLayout, org.apache.logging.log4j.core.config.ConfigurationSource, org.apache.logging.log4j.core.async.AsyncLoggerDefaultExceptionHandler]",22260;38977;46046;45582;46279;18966;14281;14487;14440;20183;19591;19811;19534;19460;20130;45818;6543;5894;26295;25910;19265;19752;19008;45398;22180,0.0,,0.0,0.0,0.0,6.24,2.2133333333333334,74,2.598748178991414E-7,1,6.009171328593988,CIRCLE,25,125,1,0.6499230723708769,0.4256237253203298,0.0,0,cyclicDep,167162,smell
logging-log4j2,4f474b32751f4ccad67424ca585612584440cd63,1,2026-01-22T10:08:42.000,70.07837788983034,8.498251591521168,0.0,UNIT,ABSTRACTION,"[org.apache.logging.log4j.core.config.DefaultConfiguration, org.apache.logging.log4j.core.jmx.RingBufferAdminMBean, org.apache.logging.log4j.core.jmx.Server, org.apache.logging.log4j.core.async.AsyncLoggerConfig, org.apache.logging.log4j.core.async.DisruptorUtil, org.apache.logging.log4j.core.async.AsyncLoggerContext, org.apache.logging.log4j.core.config.Configuration, org.apache.logging.log4j.core.async.AsyncLoggerDisruptor, org.apache.logging.log4j.core.config.builder.api.ConfigurationBuilderFactory, org.apache.logging.log4j.core.config.AbstractConfiguration, org.apache.logging.log4j.core.async.AsyncLoggerConfigDisruptor, org.apache.logging.log4j.core.async.AsyncLogger, org.apache.logging.log4j.core.async.EventRoute, org.apache.logging.log4j.core.config.ConfigurationFactory, org.apache.logging.log4j.core.async.AsyncLoggerConfigDelegate, org.apache.logging.log4j.core.jmx.RingBufferAdmin, org.apache.logging.log4j.core.async.RingBufferLogEvent, org.apache.logging.log4j.core.layout.AbstractStringLayout, org.apache.logging.log4j.core.config.builder.impl.DefaultRootLoggerComponentBuilder, org.apache.logging.log4j.core.appender.AsyncAppender, org.apache.logging.log4j.core.appender.AbstractAppender, org.apache.logging.log4j.core.config.builder.impl.DefaultConfigurationBuilder, org.apache.logging.log4j.core.layout.PatternLayout, org.apache.logging.log4j.core.config.ConfigurationSource, org.apache.logging.log4j.core.async.AsyncLoggerDefaultExceptionHandler]",22262;38977;46046;45582;46279;18966;14281;14487;14440;20183;19591;19811;19534;19460;20130;45818;6543;5894;26295;25910;19265;19752;19008;45398;22238,0.0,,0.0,0.0,0.0,6.24,2.2133333333333334,74,2.598748178991414E-7,1,6.009171328593988,CIRCLE,25,136,2,0.6499230723708769,0.4256237253203298,0.0,0,cyclicDep,167197,smell
logging-log4j2,4f474b32751f4ccad67424ca585612584440cd63,1,2026-01-22T10:08:42.000,67.18457789589442,6.009171328593988,0.0,UNIT,ABSTRACTION,"[org.apache.logging.log4j.core.config.DefaultConfiguration, org.apache.logging.log4j.core.jmx.RingBufferAdminMBean, org.apache.logging.log4j.core.jmx.Server, org.apache.logging.log4j.core.async.AsyncLoggerConfig, org.apache.logging.log4j.core.async.DisruptorUtil, org.apache.logging.log4j.core.async.AsyncLoggerContext, org.apache.logging.log4j.core.config.Configuration, org.apache.logging.log4j.core.async.AsyncLoggerDisruptor, org.apache.logging.log4j.core.config.builder.api.ConfigurationBuilderFactory, org.apache.logging.log4j.core.config.AbstractConfiguration, org.apache.logging.log4j.core.async.AsyncLoggerConfigDisruptor, org.apache.logging.log4j.core.async.AsyncLogger, org.apache.logging.log4j.core.async.EventRoute, org.apache.logging.log4j.core.config.ConfigurationFactory, org.apache.logging.log4j.core.async.AsyncLoggerConfigDelegate, org.apache.logging.log4j.core.jmx.RingBufferAdmin, org.apache.logging.log4j.core.async.RingBufferLogEvent, org.apache.logging.log4j.core.layout.AbstractStringLayout, org.apache.logging.log4j.core.appender.AsyncAppender, org.apache.logging.log4j.core.appender.AbstractAppender, org.apache.logging.log4j.core.config.builder.impl.DefaultScriptComponentBuilder, org.apache.logging.log4j.core.config.builder.impl.DefaultConfigurationBuilder, org.apache.logging.log4j.core.layout.PatternLayout, org.apache.logging.log4j.core.config.ConfigurationSource, org.apache.logging.log4j.core.async.AsyncLoggerDefaultExceptionHandler]",22317;38977;46046;45582;46279;18966;14281;14487;14440;20183;19591;19811;19534;19460;20130;45818;6543;5894;26295;25910;19265;19752;19008;45398;22376,0.0,,0.0,0.0,0.0,6.24,2.2133333333333334,74,2.598748178991414E-7,1,6.009171328593988,CIRCLE,25,125,1,0.6499230723708769,0.4256237253203298,0.0,0,cyclicDep,167232,smell
logging-log4j2,4f474b32751f4ccad67424ca585612584440cd63,1,2026-01-22T10:08:42.000,67.45278087007162,6.009171328593988,0.0,UNIT,ABSTRACTION,"[org.apache.logging.log4j.core.config.DefaultConfiguration, org.apache.logging.log4j.core.jmx.RingBufferAdminMBean, org.apache.logging.log4j.core.jmx.Server, org.apache.logging.log4j.core.async.AsyncLoggerConfig, org.apache.logging.log4j.core.async.DisruptorUtil, org.apache.logging.log4j.core.async.AsyncLoggerContext, org.apache.logging.log4j.core.config.Configuration, org.apache.logging.log4j.core.async.AsyncLoggerDisruptor, org.apache.logging.log4j.core.config.builder.api.ConfigurationBuilderFactory, org.apache.logging.log4j.core.config.AbstractConfiguration, org.apache.logging.log4j.core.async.AsyncLoggerConfigDisruptor, org.apache.logging.log4j.core.async.AsyncLogger, org.apache.logging.log4j.core.async.EventRoute, org.apache.logging.log4j.core.config.ConfigurationFactory, org.apache.logging.log4j.core.async.AsyncLoggerConfigDelegate, org.apache.logging.log4j.core.jmx.RingBufferAdmin, org.apache.logging.log4j.core.async.RingBufferLogEvent, org.apache.logging.log4j.core.config.builder.impl.DefaultScriptFileComponentBuilder, org.apache.logging.log4j.core.layout.AbstractStringLayout, org.apache.logging.log4j.core.appender.AsyncAppender, org.apache.logging.log4j.core.appender.AbstractAppender, org.apache.logging.log4j.core.config.builder.impl.DefaultConfigurationBuilder, org.apache.logging.log4j.core.layout.PatternLayout, org.apache.logging.log4j.core.config.ConfigurationSource, org.apache.logging.log4j.core.async.AsyncLoggerDefaultExceptionHandler]",22258;38977;46046;45582;46279;18966;14281;14487;14440;20183;19591;19811;19534;19460;20130;45818;6543;5894;26295;25910;19265;19752;19008;45398;22204,0.0,,0.0,0.0,0.0,6.24,2.2133333333333334,74,2.598748178991414E-7,1,6.009171328593988,CIRCLE,25,126,1,0.6499230723708769,0.4256237253203298,0.0,0,cyclicDep,167267,smell
logging-log4j2,4f474b32751f4ccad67424ca585612584440cd63,1,2026-01-22T10:08:42.000,51.176800245337226,5.306786974528288,0.0,UNIT,ABSTRACTION,"[org.apache.logging.log4j.core.async.RingBufferLogEvent, org.apache.logging.log4j.core.config.DefaultConfiguration, org.apache.logging.log4j.core.jmx.RingBufferAdminMBean, org.apache.logging.log4j.core.jmx.Server, org.apache.logging.log4j.core.async.DisruptorUtil, org.apache.logging.log4j.core.async.AsyncLoggerContext, org.apache.logging.log4j.core.config.composite.CompositeConfiguration, org.apache.logging.log4j.core.async.AsyncLoggerDisruptor, org.apache.logging.log4j.core.config.AbstractConfiguration, org.apache.logging.log4j.core.async.AsyncLoggerConfigDisruptor, org.apache.logging.log4j.core.async.AsyncLogger, org.apache.logging.log4j.core.config.ConfigurationFactory, org.apache.logging.log4j.core.jmx.RingBufferAdmin, org.apache.logging.log4j.core.async.AsyncLoggerDefaultExceptionHandler, org.apache.logging.log4j.core.config.ConfigurationSource]",46035;45582;46279;18966;14281;14487;14440;20183;19591;19811;19534;19460;20130;45818;5264,0.0,,0.0,0.0,0.0,6.066666666666666,2.2666666666666666,36,2.046684489491435E-7,1,5.306786974528288,CIRCLE,15,93,1,0.2494438257849294,0.679869268479038,0.0,0,cyclicDep,167302,smell
logging-log4j2,4f474b32751f4ccad67424ca585612584440cd63,1,2026-01-22T10:08:42.000,59.568536049838514,5.306786974528288,0.0,UNIT,ABSTRACTION,"[org.apache.logging.log4j.core.async.RingBufferLogEvent, org.apache.logging.log4j.core.config.DefaultConfiguration, org.apache.logging.log4j.core.layout.AbstractStringLayout, org.apache.logging.log4j.core.jmx.RingBufferAdminMBean, org.apache.logging.log4j.core.appender.AsyncAppender, org.apache.logging.log4j.core.appender.AbstractAppender, org.apache.logging.log4j.core.jmx.Server, org.apache.logging.log4j.core.async.AsyncLoggerConfig, org.apache.logging.log4j.core.async.DisruptorUtil, org.apache.logging.log4j.core.async.AsyncLoggerContext, org.apache.logging.log4j.core.config.composite.CompositeConfiguration, org.apache.logging.log4j.core.config.Configuration, org.apache.logging.log4j.core.async.AsyncLoggerDisruptor, org.apache.logging.log4j.core.config.AbstractConfiguration, org.apache.logging.log4j.core.async.AsyncLoggerConfigDisruptor, org.apache.logging.log4j.core.async.AsyncLogger, org.apache.logging.log4j.core.async.EventRoute, org.apache.logging.log4j.core.layout.PatternLayout, org.apache.logging.log4j.core.config.ConfigurationFactory, org.apache.logging.log4j.core.async.AsyncLoggerConfigDelegate, org.apache.logging.log4j.core.jmx.RingBufferAdmin, org.apache.logging.log4j.core.async.AsyncLoggerDefaultExceptionHandler, org.apache.logging.log4j.core.config.ConfigurationSource]",46035;45582;46279;18966;14281;14487;14440;20183;19591;19811;19534;19460;20130;45818;6543;5894;26295;25910;19265;19752;19008;45398;5244,0.0,,0.0,0.0,0.0,6.043478260869565,2.1739130434782608,72,2.726440072167983E-7,1,5.306786974528288,CIRCLE,23,126,1,0.20393111999232302,0.5635426694267704,0.0,0,cyclicDep,167321,smell
logging-log4j2,4f474b32751f4ccad67424ca585612584440cd63,1,2026-01-22T10:08:42.000,17.554830279358878,4.137713177704533,0.0,UNIT,ABSTRACTION,"[org.apache.logging.log4j.core.config.composite.CompositeConfiguration, org.apache.logging.log4j.core.config.ConfigurationFactory, org.apache.logging.log4j.core.config.ConfigurationSource]",46035;45582;5212,0.0,,0.0,0.0,0.0,6.333333333333333,3.3333333333333335,5,3.9563425507457075E-7,1,4.137713177704533,CIRCLE,3,18,1,0.4714045207910317,0.9428090415820634,0.0,0,cyclicDep,167354,smell
logging-log4j2,4f474b32751f4ccad67424ca585612584440cd63,1,2026-01-22T10:08:42.000,63.82939359474637,7.42001628783913,0.0,UNIT,ABSTRACTION,"[org.apache.logging.log4j.core.config.DefaultConfiguration, org.apache.logging.log4j.core.jmx.RingBufferAdminMBean, org.apache.logging.log4j.core.jmx.Server, org.apache.logging.log4j.core.async.AsyncLoggerConfig, org.apache.logging.log4j.core.async.DisruptorUtil, org.apache.logging.log4j.core.async.AsyncLoggerContext, org.apache.logging.log4j.core.config.Configuration, org.apache.logging.log4j.core.async.AsyncLoggerDisruptor, org.apache.logging.log4j.core.config.AbstractConfiguration, org.apache.logging.log4j.core.async.AsyncLoggerConfigDisruptor, org.apache.logging.log4j.core.async.AsyncLogger, org.apache.logging.log4j.core.async.EventRoute, org.apache.logging.log4j.core.Logger, org.apache.logging.log4j.core.config.ConfigurationFactory, org.apache.logging.log4j.core.async.AsyncLoggerConfigDelegate, org.apache.logging.log4j.core.jmx.RingBufferAdmin, org.apache.logging.log4j.core.async.RingBufferLogEvent, org.apache.logging.log4j.core.Filter, org.apache.logging.log4j.core.layout.AbstractStringLayout, org.apache.logging.log4j.core.appender.AsyncAppender, org.apache.logging.log4j.core.appender.AbstractAppender, org.apache.logging.log4j.core.config.composite.CompositeConfiguration, org.apache.logging.log4j.core.config.composite.DefaultMergeStrategy, org.apache.logging.log4j.core.layout.PatternLayout, org.apache.logging.log4j.core.config.ConfigurationSource, org.apache.logging.log4j.core.async.AsyncLoggerDefaultExceptionHandler]",5219;46035;45582;46279;18966;14281;14487;14440;20183;19591;19811;19534;19460;20130;45818;6543;5894;26295;25910;19265;19752;19008;45398;1547;2306;5274,0.0,,0.0,0.0,0.0,6.0,2.2953846153846156,87,2.92504108871895E-7,1,5.246743833645682,CIRCLE,26,148,2,0.3922322702763681,0.7267272833592381,0.0,0,cyclicDep,167361,smell
logging-log4j2,4f474b32751f4ccad67424ca585612584440cd63,1,2026-01-22T10:08:42.000,34.79383032235872,5.24536728175247,0.0,UNIT,ABSTRACTION,"[org.apache.logging.log4j.core.async.RingBufferLogEvent, org.apache.logging.log4j.core.config.DefaultConfiguration, org.apache.logging.log4j.core.jmx.RingBufferAdminMBean, org.apache.logging.log4j.core.jmx.Server, org.apache.logging.log4j.core.async.DisruptorUtil, org.apache.logging.log4j.core.async.AsyncLoggerContext, org.apache.logging.log4j.core.config.composite.CompositeConfiguration, org.apache.logging.log4j.core.async.AsyncLoggerDisruptor, org.apache.logging.log4j.core.config.AbstractConfiguration, org.apache.logging.log4j.core.async.AsyncLoggerConfigDisruptor, org.apache.logging.log4j.core.async.AsyncLogger, org.apache.logging.log4j.core.config.composite.DefaultMergeStrategy, org.apache.logging.log4j.core.config.ConfigurationFactory, org.apache.logging.log4j.core.jmx.RingBufferAdmin, org.apache.logging.log4j.core.async.AsyncLoggerDefaultExceptionHandler, org.apache.logging.log4j.core.config.ConfigurationSource]",5219;46035;45582;46279;18966;14281;14487;14440;20183;19591;19811;19534;19460;20130;45818;5280,0.0,,0.0,0.0,0.0,6.125,2.4833333333333334,38,1.940230022829614E-7,1,5.24536728175247,CIRCLE,16,44,1,0.33071891388307384,0.8561866359360881,0.0,0,cyclicDep,167391,smell
logging-log4j2,4f474b32751f4ccad67424ca585612584440cd63,1,2026-01-22T10:08:42.000,33.586738376026496,5.24536728175247,0.0,UNIT,ABSTRACTION,"[org.apache.logging.log4j.core.async.RingBufferLogEvent, org.apache.logging.log4j.core.config.DefaultConfiguration, org.apache.logging.log4j.core.jmx.RingBufferAdminMBean, org.apache.logging.log4j.core.jmx.Server, org.apache.logging.log4j.core.async.DisruptorUtil, org.apache.logging.log4j.core.async.AsyncLoggerContext, org.apache.logging.log4j.core.config.composite.CompositeConfiguration, org.apache.logging.log4j.core.async.AsyncLoggerDisruptor, org.apache.logging.log4j.core.config.AbstractConfiguration, org.apache.logging.log4j.core.async.AsyncLoggerConfigDisruptor, org.apache.logging.log4j.core.async.AsyncLogger, org.apache.logging.log4j.core.config.composite.MergeStrategy, org.apache.logging.log4j.core.config.composite.DefaultMergeStrategy, org.apache.logging.log4j.core.config.ConfigurationFactory, org.apache.logging.log4j.core.jmx.RingBufferAdmin, org.apache.logging.log4j.core.async.AsyncLoggerDefaultExceptionHandler, org.apache.logging.log4j.core.config.ConfigurationSource]",5289;5219;46035;45582;46279;18966;14281;14487;14440;20183;19591;19811;19534;19460;20130;45818;5296,0.0,,0.0,0.0,0.0,6.176470588235294,2.661764705882353,41,1.8480166819333363E-7,1,5.24536728175247,CIRCLE,17,41,1,0.3812200410828153,0.9410615738691857,0.0,0,cyclicDep,167411,smell
logging-log4j2,4f474b32751f4ccad67424ca585612584440cd63,1,2026-01-22T10:08:42.000,28.967638224056326,7.9133557247764,0.0,UNIT,ABSTRACTION,"[org.apache.logging.log4j.core.util.Source, org.apache.logging.log4j.core.config.composite.CompositeConfiguration, org.apache.logging.log4j.core.config.ConfigurationFactory, org.apache.logging.log4j.core.config.ConfigurationSource]",5225;46035;45582;41755,0.0,,0.0,0.0,0.0,6.25,3.0,8,3.5401135901982585E-7,1,3.5389602661474293,CIRCLE,4,67,5,0.4330127018922193,1.0,0.0,0,cyclicDep,167432,smell
logging-log4j2,4f474b32751f4ccad67424ca585612584440cd63,1,2026-01-22T10:08:42.000,62.11434902696933,7.50493011200279,0.0,UNIT,ABSTRACTION,"[org.apache.logging.log4j.core.config.DefaultConfiguration, org.apache.logging.log4j.core.jmx.RingBufferAdminMBean, org.apache.logging.log4j.core.jmx.Server, org.apache.logging.log4j.core.async.AsyncLoggerConfig, org.apache.logging.log4j.core.async.DisruptorUtil, org.apache.logging.log4j.core.async.AsyncLoggerContext, org.apache.logging.log4j.core.config.Configuration, org.apache.logging.log4j.core.async.AsyncLoggerDisruptor, org.apache.logging.log4j.core.config.AbstractConfiguration, org.apache.logging.log4j.core.async.AsyncLoggerConfigDisruptor, org.apache.logging.log4j.core.async.AsyncLogger, org.apache.logging.log4j.core.async.EventRoute, org.apache.logging.log4j.core.config.ConfigurationFactory, org.apache.logging.log4j.core.async.AsyncLoggerConfigDelegate, org.apache.logging.log4j.core.jmx.RingBufferAdmin, org.apache.logging.log4j.core.async.RingBufferLogEvent, org.apache.logging.log4j.core.config.ConfigurationFileWatcher, org.apache.logging.log4j.core.layout.AbstractStringLayout, org.apache.logging.log4j.core.appender.AsyncAppender, org.apache.logging.log4j.core.appender.AbstractAppender, org.apache.logging.log4j.core.util.WatchManager, org.apache.logging.log4j.core.config.composite.CompositeConfiguration, org.apache.logging.log4j.core.layout.PatternLayout, org.apache.logging.log4j.core.config.ConfigurationSource, org.apache.logging.log4j.core.async.AsyncLoggerDefaultExceptionHandler]",41920;5224;46035;45582;46279;18966;14281;14487;14440;20183;19591;19811;19534;19460;20130;45818;6543;5894;26295;25910;19265;19752;19008;45398;45299,0.0,,0.0,0.0,0.0,6.04,2.1533333333333333,78,2.612995772114264E-7,1,5.306786974528288,CIRCLE,25,137,2,0.19595917942265426,0.5505956370654925,0.0,0,cyclicDep,167440,smell
logging-log4j2,4f474b32751f4ccad67424ca585612584440cd63,1,2026-01-22T10:08:42.000,63.459942349503464,10.613573949056576,0.0,UNIT,ABSTRACTION,"[org.apache.logging.log4j.core.config.DefaultConfiguration, org.apache.logging.log4j.core.jmx.RingBufferAdminMBean, org.apache.logging.log4j.core.jmx.Server, org.apache.logging.log4j.core.async.AsyncLoggerConfig, org.apache.logging.log4j.core.async.DisruptorUtil, org.apache.logging.log4j.core.async.AsyncLoggerContext, org.apache.logging.log4j.core.config.Configuration, org.apache.logging.log4j.core.util.AbstractWatcher, org.apache.logging.log4j.core.async.AsyncLoggerDisruptor, org.apache.logging.log4j.core.config.AbstractConfiguration, org.apache.logging.log4j.core.async.AsyncLoggerConfigDisruptor, org.apache.logging.log4j.core.async.AsyncLogger, org.apache.logging.log4j.core.async.EventRoute, org.apache.logging.log4j.core.config.ConfigurationFactory, org.apache.logging.log4j.core.async.AsyncLoggerConfigDelegate, org.apache.logging.log4j.core.jmx.RingBufferAdmin, org.apache.logging.log4j.core.async.RingBufferLogEvent, org.apache.logging.log4j.core.config.ConfigurationFileWatcher, org.apache.logging.log4j.core.layout.AbstractStringLayout, org.apache.logging.log4j.core.appender.AsyncAppender, org.apache.logging.log4j.core.appender.AbstractAppender, org.apache.logging.log4j.core.util.WatchManager, org.apache.logging.log4j.core.config.composite.CompositeConfiguration, org.apache.logging.log4j.core.layout.PatternLayout, org.apache.logging.log4j.core.config.ConfigurationSource, org.apache.logging.log4j.core.async.AsyncLoggerDefaultExceptionHandler]",45304;41920;5224;46035;45582;46279;18966;14281;14487;14440;20183;19591;19811;19534;19460;20130;45818;6543;5894;26295;25910;19265;19752;19008;45398;41769,0.0,,0.0,0.0,0.0,6.038461538461538,2.1415384615384614,80,2.529786939077682E-7,1,5.306786974528288,CIRCLE,26,143,4,0.1923076923076923,0.5476923076923077,0.0,0,cyclicDep,167469,smell
logging-log4j2,4f474b32751f4ccad67424ca585612584440cd63,1,2026-01-22T10:08:42.000,21.535259262769713,10.767629631384857,0.0,UNIT,ABSTRACTION,"[org.apache.logging.log4j.core.util.WatchManager, org.apache.logging.log4j.core.util.WatchEventService]",41913;41873,0.0,,0.0,0.0,0.0,6.0,2.0,2,1.359373331501499E-7,1,4.395866389360903,TINY,2,24,6,0.0,0.0,0.0,0,cyclicDep,167499,smell
logging-log4j2,4f474b32751f4ccad67424ca585612584440cd63,1,2026-01-22T10:08:42.000,62.790750266446366,9.19162466482772,0.0,UNIT,ABSTRACTION,"[org.apache.logging.log4j.core.config.DefaultConfiguration, org.apache.logging.log4j.core.jmx.RingBufferAdminMBean, org.apache.logging.log4j.core.jmx.Server, org.apache.logging.log4j.core.async.AsyncLoggerConfig, org.apache.logging.log4j.core.async.DisruptorUtil, org.apache.logging.log4j.core.async.AsyncLoggerContext, org.apache.logging.log4j.core.config.Configuration, org.apache.logging.log4j.core.util.WrappedFileWatcher, org.apache.logging.log4j.core.async.AsyncLoggerDisruptor, org.apache.logging.log4j.core.config.AbstractConfiguration, org.apache.logging.log4j.core.async.AsyncLoggerConfigDisruptor, org.apache.logging.log4j.core.async.AsyncLogger, org.apache.logging.log4j.core.async.EventRoute, org.apache.logging.log4j.core.config.ConfigurationFactory, org.apache.logging.log4j.core.async.AsyncLoggerConfigDelegate, org.apache.logging.log4j.core.jmx.RingBufferAdmin, org.apache.logging.log4j.core.async.RingBufferLogEvent, org.apache.logging.log4j.core.layout.AbstractStringLayout, org.apache.logging.log4j.core.appender.AsyncAppender, org.apache.logging.log4j.core.appender.AbstractAppender, org.apache.logging.log4j.core.util.WatchManager, org.apache.logging.log4j.core.config.composite.CompositeConfiguration, org.apache.logging.log4j.core.layout.PatternLayout, org.apache.logging.log4j.core.config.ConfigurationSource, org.apache.logging.log4j.core.async.AsyncLoggerDefaultExceptionHandler]",41908;5224;46035;45582;46279;18966;14281;14487;14440;20183;19591;19811;19534;19460;20130;45818;6543;5894;26295;25910;19265;19752;19008;45398;42211,0.0,,0.0,0.0,0.0,6.04,2.1466666666666665,77,2.6102262046624195E-7,1,5.306786974528288,CIRCLE,25,140,3,0.19595917942265426,0.5584104424365847,0.0,0,cyclicDep,167505,smell
logging-log4j2,4f474b32751f4ccad67424ca585612584440cd63,1,2026-01-22T10:08:42.000,20.27062572061392,18.961434115516234,0.0,UNIT,CONCRETE_CLASS,"[org.apache.logging.log4j.core.net.ssl.KeyStoreConfiguration, org.apache.logging.log4j.core.net.ssl.AbstractKeyStoreConfiguration, org.apache.logging.log4j.core.net.ssl.SslConfiguration, org.apache.logging.log4j.core.net.UrlConnectionFactory, org.apache.logging.log4j.core.config.ConfigurationSource]",8684;8800;27290;45575;8748,0.0,,0.0,0.0,0.0,6.6,3.5,5,1.947868854779366E-7,1,4.137724148536723,CIRCLE,5,24,21,0.4898979485566356,0.6708203932499369,0.0,0,cyclicDep,167534,smell
logging-log4j2,4f474b32751f4ccad67424ca585612584440cd63,1,2026-01-22T10:08:42.000,5.649878564538705,2.526702506985495,0.0,UNIT,ABSTRACTION,"[org.apache.logging.log4j.core.jmx.RingBufferAdminMBean, org.apache.logging.log4j.core.jmx.Server, org.apache.logging.log4j.core.async.AsyncLoggerContext, org.apache.logging.log4j.core.jmx.RingBufferAdmin]",14281;14487;14440;18953,0.0,,0.0,0.0,0.0,6.0,2.0,7,2.1409895321398075E-7,1,2.526702506985495,CIRCLE,4,5,1,0.0,0.0,0.0,0,cyclicDep,167543,smell
logging-log4j2,4f474b32751f4ccad67424ca585612584440cd63,1,2026-01-22T10:08:42.000,74.1719275412428,10.8479770510533,0.0,UNIT,ABSTRACTION,"[org.apache.logging.log4j.core.async.RingBufferLogEvent, org.apache.logging.log4j.core.Filter, org.apache.logging.log4j.core.layout.AbstractStringLayout, org.apache.logging.log4j.core.jmx.RingBufferAdminMBean, org.apache.logging.log4j.core.appender.AsyncAppender, org.apache.logging.log4j.core.LoggerContext, org.apache.logging.log4j.core.appender.AbstractAppender, org.apache.logging.log4j.core.jmx.Server, org.apache.logging.log4j.core.async.AsyncLoggerConfig, org.apache.logging.log4j.core.async.DisruptorUtil, org.apache.logging.log4j.core.config.Configuration, org.apache.logging.log4j.core.async.AsyncLoggerDisruptor, org.apache.logging.log4j.core.config.AbstractConfiguration, org.apache.logging.log4j.core.async.AsyncLoggerConfigDisruptor, org.apache.logging.log4j.core.impl.Log4jContextFactory, org.apache.logging.log4j.core.async.AsyncLogger, org.apache.logging.log4j.core.async.EventRoute, org.apache.logging.log4j.core.Logger, org.apache.logging.log4j.core.layout.PatternLayout, org.apache.logging.log4j.core.async.AsyncLoggerConfigDelegate, org.apache.logging.log4j.core.jmx.RingBufferAdmin, org.apache.logging.log4j.core.async.AsyncLoggerDefaultExceptionHandler]",14271;14487;14440;20183;19591;19811;19534;19460;20130;45818;6543;5894;26295;25910;19265;19752;19008;45398;1547;2306;1796;16584,0.0,,0.0,0.0,0.0,5.863636363636363,1.974025974025974,75,3.7979673666283533E-7,1,5.42398852552665,CIRCLE,22,187,4,0.3431742925123068,0.22643630875535967,0.0,0,cyclicDep,167551,smell
logging-log4j2,4f474b32751f4ccad67424ca585612584440cd63,1,2026-01-22T10:08:42.000,38.33417537653392,5.533061618201046,0.0,UNIT,ABSTRACTION,"[org.apache.logging.log4j.core.async.RingBufferLogEvent, org.apache.logging.log4j.core.async.AsyncLoggerDisruptor, org.apache.logging.log4j.core.config.AbstractConfiguration, org.apache.logging.log4j.core.async.AsyncLoggerConfigDisruptor, org.apache.logging.log4j.core.impl.Log4jContextFactory, org.apache.logging.log4j.core.async.AsyncLogger, org.apache.logging.log4j.core.jmx.RingBufferAdminMBean, org.apache.logging.log4j.core.jmx.Server, org.apache.logging.log4j.core.async.DisruptorUtil, org.apache.logging.log4j.core.jmx.RingBufferAdmin, org.apache.logging.log4j.core.async.AsyncLoggerDefaultExceptionHandler]",14271;14487;14440;20183;19591;19811;19534;19460;20130;45818;16600,0.0,,0.0,0.0,0.0,6.0,2.0,21,1.3860099166098066E-7,1,5.533061618201046,CIRCLE,11,48,1,0.0,0.0,0.0,0,cyclicDep,167577,smell
logging-log4j2,4f474b32751f4ccad67424ca585612584440cd63,1,2026-01-22T10:08:42.000,57.65778891294791,5.42398852552665,0.0,UNIT,ABSTRACTION,"[org.apache.logging.log4j.core.async.RingBufferLogEvent, org.apache.logging.log4j.core.layout.AbstractStringLayout, org.apache.logging.log4j.core.jmx.RingBufferAdminMBean, org.apache.logging.log4j.core.appender.AsyncAppender, org.apache.logging.log4j.core.appender.AbstractAppender, org.apache.logging.log4j.core.jmx.Server, org.apache.logging.log4j.core.async.AsyncLoggerConfig, org.apache.logging.log4j.core.async.DisruptorUtil, org.apache.logging.log4j.core.config.Configuration, org.apache.logging.log4j.core.async.AsyncLoggerDisruptor, org.apache.logging.log4j.core.config.AbstractConfiguration, org.apache.logging.log4j.core.async.AsyncLoggerConfigDisruptor, org.apache.logging.log4j.core.impl.Log4jContextFactory, org.apache.logging.log4j.core.async.AsyncLogger, org.apache.logging.log4j.core.async.EventRoute, org.apache.logging.log4j.core.layout.PatternLayout, org.apache.logging.log4j.core.async.AsyncLoggerConfigDelegate, org.apache.logging.log4j.core.jmx.RingBufferAdmin, org.apache.logging.log4j.core.async.AsyncLoggerDefaultExceptionHandler]",14271;14487;14440;20183;19591;19811;19534;19460;20130;45818;6543;5894;26295;25910;19265;19752;19008;45398;16590,0.0,,0.0,0.0,0.0,6.0,2.0,54,2.487050705273682E-7,1,5.42398852552665,CIRCLE,19,113,1,0.0,0.0,0.0,0,cyclicDep,167592,smell
logging-log4j2,4f474b32751f4ccad67424ca585612584440cd63,1,2026-01-22T10:08:42.000,66.87142163739907,9.394623705882758,0.0,UNIT,ABSTRACTION,"[org.apache.logging.log4j.core.async.RingBufferLogEvent, org.apache.logging.log4j.core.Filter, org.apache.logging.log4j.core.layout.AbstractStringLayout, org.apache.logging.log4j.core.jmx.RingBufferAdminMBean, org.apache.logging.log4j.core.appender.AsyncAppender, org.apache.logging.log4j.core.LoggerContext, org.apache.logging.log4j.core.appender.AbstractAppender, org.apache.logging.log4j.core.jmx.Server, org.apache.logging.log4j.core.async.AsyncLoggerConfig, org.apache.logging.log4j.core.async.DisruptorUtil, org.apache.logging.log4j.core.config.Configuration, org.apache.logging.log4j.core.async.AsyncLoggerDisruptor, org.apache.logging.log4j.core.config.AbstractConfiguration, org.apache.logging.log4j.core.async.AsyncLoggerConfigDisruptor, org.apache.logging.log4j.core.impl.Log4jContextFactory, org.apache.logging.log4j.core.async.AsyncLogger, org.apache.logging.log4j.core.selector.BasicContextSelector, org.apache.logging.log4j.core.async.EventRoute, org.apache.logging.log4j.core.Logger, org.apache.logging.log4j.core.layout.PatternLayout, org.apache.logging.log4j.core.async.AsyncLoggerConfigDelegate, org.apache.logging.log4j.core.jmx.RingBufferAdmin, org.apache.logging.log4j.core.async.AsyncLoggerDefaultExceptionHandler]",16578;14271;14487;14440;20183;19591;19811;19534;19460;20130;45818;6543;5894;26295;25910;19265;19752;19008;45398;1547;2306;1796;38770,0.0,,0.0,0.0,0.0,5.869565217391305,1.976284584980237,77,3.6538367857627453E-7,1,5.42398852552665,CIRCLE,23,152,3,0.33678116053977536,0.21649112944868226,0.0,0,cyclicDep,167615,smell
logging-log4j2,4f474b32751f4ccad67424ca585612584440cd63,1,2026-01-22T10:08:42.000,6.396147235084463,3.1980736175422315,0.0,UNIT,ABSTRACTION,"[org.apache.logging.log4j.core.jmx.AppenderAdmin, org.apache.logging.log4j.core.jmx.Server, org.apache.logging.log4j.core.jmx.AppenderAdminMBean]",14449;14366;14423,0.0,,0.0,0.0,0.0,6.0,2.0,5,2.1274778618895824E-7,1,3.1980736175422315,CIRCLE,3,4,1,0.0,0.0,0.0,0,cyclicDep,167642,smell
logging-log4j2,4f474b32751f4ccad67424ca585612584440cd63,1,2026-01-22T10:08:42.000,36.70217865897911,5.533061618201046,0.0,UNIT,ABSTRACTION,"[org.apache.logging.log4j.core.async.RingBufferLogEvent, org.apache.logging.log4j.core.layout.AbstractStringLayout, org.apache.logging.log4j.core.jmx.RingBufferAdminMBean, org.apache.logging.log4j.core.appender.AsyncAppender, org.apache.logging.log4j.core.appender.AbstractAppender, org.apache.logging.log4j.core.jmx.Server, org.apache.logging.log4j.core.async.DisruptorUtil, org.apache.logging.log4j.core.async.AsyncLoggerDisruptor, org.apache.logging.log4j.core.config.AbstractConfiguration, org.apache.logging.log4j.core.async.AsyncLoggerConfigDisruptor, org.apache.logging.log4j.core.async.AsyncLogger, org.apache.logging.log4j.core.jmx.AsyncAppenderAdmin, org.apache.logging.log4j.core.layout.PatternLayout, org.apache.logging.log4j.core.jmx.RingBufferAdmin, org.apache.logging.log4j.core.async.AsyncLoggerDefaultExceptionHandler]",14296;14487;14440;20183;19591;19811;19534;19460;20130;45818;6543;5894;26295;25910;14474,0.0,,0.0,0.0,0.0,6.0,2.0,28,1.589843325968341E-7,1,5.533061618201046,CIRCLE,15,44,1,0.0,0.0,0.0,0,cyclicDep,167655,smell
logging-log4j2,4f474b32751f4ccad67424ca585612584440cd63,1,2026-01-22T10:08:42.000,6.396147235084463,3.1980736175422315,0.0,UNIT,ABSTRACTION,"[org.apache.logging.log4j.core.jmx.AsyncAppenderAdminMBean, org.apache.logging.log4j.core.jmx.AsyncAppenderAdmin, org.apache.logging.log4j.core.jmx.Server]",14477;14296;14470,0.0,,0.0,0.0,0.0,6.0,2.0,5,2.1385862595174022E-7,1,3.1980736175422315,CIRCLE,3,4,1,0.0,0.0,0.0,0,cyclicDep,167674,smell
logging-log4j2,4f474b32751f4ccad67424ca585612584440cd63,1,2026-01-22T10:08:42.000,6.396147235084463,3.1980736175422315,0.0,UNIT,ABSTRACTION,"[org.apache.logging.log4j.core.jmx.ContextSelectorAdmin, org.apache.logging.log4j.core.jmx.ContextSelectorAdminMBean, org.apache.logging.log4j.core.jmx.Server]",14494;14382;14400,0.0,,0.0,0.0,0.0,6.0,2.0,5,2.1385862595174022E-7,1,3.1980736175422315,CIRCLE,3,4,1,0.0,0.0,0.0,0,cyclicDep,167687,smell
logging-log4j2,4f474b32751f4ccad67424ca585612584440cd63,1,2026-01-22T10:08:42.000,62.552487183412254,7.6706781349558355,0.0,UNIT,ABSTRACTION,"[org.apache.logging.log4j.core.async.RingBufferLogEvent, org.apache.logging.log4j.core.Filter, org.apache.logging.log4j.core.layout.AbstractStringLayout, org.apache.logging.log4j.core.jmx.RingBufferAdminMBean, org.apache.logging.log4j.core.appender.AsyncAppender, org.apache.logging.log4j.core.LoggerContext, org.apache.logging.log4j.core.appender.AbstractAppender, org.apache.logging.log4j.core.jmx.Server, org.apache.logging.log4j.core.async.AsyncLoggerConfig, org.apache.logging.log4j.core.async.DisruptorUtil, org.apache.logging.log4j.core.config.Configuration, org.apache.logging.log4j.core.jmx.LoggerConfigAdmin, org.apache.logging.log4j.core.async.AsyncLoggerDisruptor, org.apache.logging.log4j.core.config.AbstractConfiguration, org.apache.logging.log4j.core.async.AsyncLoggerConfigDisruptor, org.apache.logging.log4j.core.async.AsyncLogger, org.apache.logging.log4j.core.async.EventRoute, org.apache.logging.log4j.core.Logger, org.apache.logging.log4j.core.layout.PatternLayout, org.apache.logging.log4j.core.async.AsyncLoggerConfigDelegate, org.apache.logging.log4j.core.jmx.RingBufferAdmin, org.apache.logging.log4j.core.async.AsyncLoggerDefaultExceptionHandler]",14342;14487;14440;20183;19591;19811;19534;19460;20130;45818;6543;5894;26295;25910;19265;19752;19008;45398;1547;2306;1796;14431,0.0,,0.0,0.0,0.0,5.863636363636363,1.974025974025974,74,3.777788720004943E-7,1,5.42398852552665,CIRCLE,22,133,2,0.3431742925123068,0.22643630875535967,0.0,0,cyclicDep,167700,smell
logging-log4j2,4f474b32751f4ccad67424ca585612584440cd63,1,2026-01-22T10:08:42.000,6.396147235084463,3.1980736175422315,0.0,UNIT,ABSTRACTION,"[org.apache.logging.log4j.core.jmx.Server, org.apache.logging.log4j.core.jmx.LoggerConfigAdminMBean, org.apache.logging.log4j.core.jmx.LoggerConfigAdmin]",14433;14342;14404,0.0,,0.0,0.0,0.0,6.0,2.0,5,2.1163694642617618E-7,1,3.1980736175422315,CIRCLE,3,4,1,0.0,0.0,0.0,0,cyclicDep,167726,smell
logging-log4j2,4f474b32751f4ccad67424ca585612584440cd63,1,2026-01-22T10:08:42.000,63.48615801047606,7.6706781349558355,0.0,UNIT,ABSTRACTION,"[org.apache.logging.log4j.core.async.RingBufferLogEvent, org.apache.logging.log4j.core.Filter, org.apache.logging.log4j.core.layout.AbstractStringLayout, org.apache.logging.log4j.core.jmx.RingBufferAdminMBean, org.apache.logging.log4j.core.appender.AsyncAppender, org.apache.logging.log4j.core.LoggerContext, org.apache.logging.log4j.core.appender.AbstractAppender, org.apache.logging.log4j.core.jmx.Server, org.apache.logging.log4j.core.async.AsyncLoggerConfig, org.apache.logging.log4j.core.async.DisruptorUtil, org.apache.logging.log4j.core.config.Configuration, org.apache.logging.log4j.core.async.AsyncLoggerDisruptor, org.apache.logging.log4j.core.config.AbstractConfiguration, org.apache.logging.log4j.core.async.AsyncLoggerConfigDisruptor, org.apache.logging.log4j.core.jmx.LoggerContextAdmin, org.apache.logging.log4j.core.async.AsyncLogger, org.apache.logging.log4j.core.async.EventRoute, org.apache.logging.log4j.core.Logger, org.apache.logging.log4j.core.layout.PatternLayout, org.apache.logging.log4j.core.async.AsyncLoggerConfigDelegate, org.apache.logging.log4j.core.jmx.RingBufferAdmin, org.apache.logging.log4j.core.async.AsyncLoggerDefaultExceptionHandler]",14374;14487;14440;20183;19591;19811;19534;19460;20130;45818;6543;5894;26295;25910;19265;19752;19008;45398;1547;2306;1796;14462,0.0,,0.0,0.0,0.0,5.863636363636363,1.974025974025974,75,3.777788720004943E-7,1,5.42398852552665,CIRCLE,22,137,2,0.3431742925123068,0.22643630875535967,0.0,0,cyclicDep,167739,smell
logging-log4j2,4f474b32751f4ccad67424ca585612584440cd63,1,2026-01-22T10:08:42.000,57.402099010445724,5.42398852552665,0.0,UNIT,ABSTRACTION,"[org.apache.logging.log4j.core.async.RingBufferLogEvent, org.apache.logging.log4j.core.layout.AbstractStringLayout, org.apache.logging.log4j.core.jmx.RingBufferAdminMBean, org.apache.logging.log4j.core.appender.AsyncAppender, org.apache.logging.log4j.core.appender.AbstractAppender, org.apache.logging.log4j.core.jmx.Server, org.apache.logging.log4j.core.async.AsyncLoggerConfig, org.apache.logging.log4j.core.async.DisruptorUtil, org.apache.logging.log4j.core.config.Configuration, org.apache.logging.log4j.core.async.AsyncLoggerDisruptor, org.apache.logging.log4j.core.config.AbstractConfiguration, org.apache.logging.log4j.core.async.AsyncLoggerConfigDisruptor, org.apache.logging.log4j.core.jmx.LoggerContextAdmin, org.apache.logging.log4j.core.async.AsyncLogger, org.apache.logging.log4j.core.async.EventRoute, org.apache.logging.log4j.core.layout.PatternLayout, org.apache.logging.log4j.core.async.AsyncLoggerConfigDelegate, org.apache.logging.log4j.core.jmx.RingBufferAdmin, org.apache.logging.log4j.core.async.AsyncLoggerDefaultExceptionHandler]",14374;14487;14440;20183;19591;19811;19534;19460;20130;45818;6543;5894;26295;25910;19265;19752;19008;45398;14456,0.0,,0.0,0.0,0.0,6.0,2.0,54,2.463685956551838E-7,1,5.42398852552665,CIRCLE,19,112,1,0.0,0.0,0.0,0,cyclicDep,167765,smell
logging-log4j2,4f474b32751f4ccad67424ca585612584440cd63,1,2026-01-22T10:08:42.000,6.396147235084463,3.1980736175422315,0.0,UNIT,ABSTRACTION,"[org.apache.logging.log4j.core.jmx.LoggerContextAdmin, org.apache.logging.log4j.core.jmx.LoggerContextAdminMBean, org.apache.logging.log4j.core.jmx.Server]",14465;14374;14408,0.0,,0.0,0.0,0.0,6.0,2.0,5,2.150741906522209E-7,1,3.1980736175422315,CIRCLE,3,4,1,0.0,0.0,0.0,0,cyclicDep,167788,smell
logging-log4j2,4f474b32751f4ccad67424ca585612584440cd63,1,2026-01-22T10:08:42.000,8.461307466493437,3.1980736175422315,0.0,UNIT,ABSTRACTION,"[org.apache.logging.log4j.core.jmx.RingBufferAdminMBean, org.apache.logging.log4j.core.jmx.Server, org.apache.logging.log4j.core.jmx.RingBufferAdmin]",14487;14440;14358,0.0,,0.0,0.0,0.0,6.0,2.0,5,2.3581053757984681E-7,1,3.1980736175422315,CIRCLE,3,7,1,0.0,0.0,0.0,0,cyclicDep,167801,smell
logging-log4j2,4f474b32751f4ccad67424ca585612584440cd63,1,2026-01-22T10:08:42.000,6.396147235084463,3.1980736175422315,0.0,UNIT,ABSTRACTION,"[org.apache.logging.log4j.core.jmx.StatusLoggerAdminMBean, org.apache.logging.log4j.core.jmx.StatusLoggerAdmin, org.apache.logging.log4j.core.jmx.Server]",14395;14250;14482,0.0,,0.0,0.0,0.0,6.0,2.0,5,2.1163694642617618E-7,1,3.1980736175422315,CIRCLE,3,4,1,0.0,0.0,0.0,0,cyclicDep,167820,smell
logging-log4j2,4f474b32751f4ccad67424ca585612584440cd63,1,2026-01-22T10:08:42.000,52.899872403732026,5.1872592625615015,0.0,UNIT,ABSTRACTION,"[org.apache.logging.log4j.core.async.RingBufferLogEvent, org.apache.logging.log4j.core.config.AbstractConfiguration, org.apache.logging.log4j.core.async.AsyncLoggerConfigDisruptor, org.apache.logging.log4j.core.layout.AbstractStringLayout, org.apache.logging.log4j.core.async.AsyncLogger, org.apache.logging.log4j.core.appender.AsyncAppender, org.apache.logging.log4j.core.appender.AbstractAppender, org.apache.logging.log4j.core.async.EventRoute, org.apache.logging.log4j.core.async.DisruptorUtil, org.apache.logging.log4j.core.layout.PatternLayout, org.apache.logging.log4j.core.async.AsyncLoggerDefaultExceptionHandler]",19811;19534;19460;20130;45818;6543;5894;26295;25910;19265;19587,0.0,,0.0,0.0,0.0,6.0,2.0,18,1.5787386429814706E-7,1,5.1872592625615015,CIRCLE,11,104,1,0.0,0.0,0.0,0,cyclicDep,167827,smell
logging-log4j2,4f474b32751f4ccad67424ca585612584440cd63,1,2026-01-22T10:08:42.000,56.1544423860961,5.533061618201046,0.0,UNIT,ABSTRACTION,"[org.apache.logging.log4j.core.async.RingBufferLogEvent, org.apache.logging.log4j.core.layout.AbstractStringLayout, org.apache.logging.log4j.core.appender.AsyncAppender, org.apache.logging.log4j.core.appender.AbstractAppender, org.apache.logging.log4j.core.async.AsyncLoggerConfig, org.apache.logging.log4j.core.async.DisruptorUtil, org.apache.logging.log4j.core.config.Configuration, org.apache.logging.log4j.core.config.AbstractConfiguration, org.apache.logging.log4j.core.async.AsyncLoggerConfigDisruptor, org.apache.logging.log4j.core.async.AsyncLogger, org.apache.logging.log4j.core.async.EventRoute, org.apache.logging.log4j.core.layout.PatternLayout, org.apache.logging.log4j.core.async.AsyncLoggerConfigDelegate, org.apache.logging.log4j.core.async.AsyncLoggerDefaultExceptionHandler]",19811;19534;19460;20130;45818;6543;5894;26295;25910;19265;19752;19008;45398;19570,0.0,,0.0,0.0,0.0,6.0,2.0,35,2.766269576399725E-7,1,5.533061618201046,CIRCLE,14,103,1,0.0,0.0,0.0,0,cyclicDep,167848,smell
logging-log4j2,4f474b32751f4ccad67424ca585612584440cd63,1,2026-01-22T10:08:42.000,8.89885741666589,5.1377577249921496,0.0,UNIT,CONCRETE_CLASS,"[org.apache.logging.log4j.core.async.DefaultAsyncWaitStrategyFactory, org.apache.logging.log4j.core.async.DisruptorUtil]",19451;20083,0.0,,0.0,0.0,0.0,6.0,2.0,2,3.946309481947096E-8,1,5.1377577249921496,TINY,2,3,1,0.0,0.0,0.0,0,cyclicDep,167866,smell
logging-log4j2,4f474b32751f4ccad67424ca585612584440cd63,1,2026-01-22T10:08:42.000,40.336394103378176,4.3495852371940895,0.0,UNIT,ABSTRACTION,"[org.apache.logging.log4j.core.config.AbstractConfiguration, org.apache.logging.log4j.core.async.AsyncLoggerConfigDisruptor, org.apache.logging.log4j.core.layout.AbstractStringLayout, org.apache.logging.log4j.core.appender.AsyncAppender, org.apache.logging.log4j.core.appender.AbstractAppender, org.apache.logging.log4j.core.async.EventRoute, org.apache.logging.log4j.core.layout.PatternLayout]",45818;6543;5894;26295;25910;19265;20115,0.0,,0.0,0.0,0.0,6.0,2.0,9,2.0434166714501577E-7,1,4.3495852371940895,CIRCLE,7,86,1,0.0,0.0,0.0,0,cyclicDep,167872,smell
logging-log4j2,4f474b32751f4ccad67424ca585612584440cd63,1,2026-01-22T10:08:42.000,51.60896303705814,5.533061618201046,0.0,UNIT,ABSTRACTION,"[org.apache.logging.log4j.core.config.AbstractConfiguration, org.apache.logging.log4j.core.layout.AbstractStringLayout, org.apache.logging.log4j.core.appender.AsyncAppender, org.apache.logging.log4j.core.appender.AbstractAppender, org.apache.logging.log4j.core.async.AsyncLoggerConfig, org.apache.logging.log4j.core.async.EventRoute, org.apache.logging.log4j.core.layout.PatternLayout, org.apache.logging.log4j.core.async.AsyncLoggerConfigDelegate, org.apache.logging.log4j.core.config.Configuration]",6543;5894;26295;25910;19265;19752;19008;45398;45828,0.0,,0.0,0.0,0.0,6.0,2.0,21,3.9166718017578655E-7,1,5.533061618201046,CIRCLE,9,87,1,0.0,0.0,0.0,0,cyclicDep,167883,smell
logging-log4j2,4f474b32751f4ccad67424ca585612584440cd63,1,2026-01-22T10:08:42.000,52.782043814574585,5.533061618201046,0.0,UNIT,ABSTRACTION,"[org.apache.logging.log4j.core.config.AbstractConfiguration, org.apache.logging.log4j.core.layout.AbstractStringLayout, org.apache.logging.log4j.core.appender.AsyncAppender, org.apache.logging.log4j.core.appender.AbstractAppender, org.apache.logging.log4j.core.async.AsyncLoggerConfig, org.apache.logging.log4j.core.async.EventRoute, org.apache.logging.log4j.core.config.ReliabilityStrategyFactory, org.apache.logging.log4j.core.layout.PatternLayout, org.apache.logging.log4j.core.config.AwaitCompletionReliabilityStrategy, org.apache.logging.log4j.core.async.AsyncLoggerConfigDelegate, org.apache.logging.log4j.core.config.Configuration]",46271;45816;6543;5894;26295;25910;19265;19752;19008;45398;45434,0.0,,0.0,0.0,0.0,6.0,2.0,24,3.268855909347912E-7,1,5.533061618201046,CIRCLE,11,91,1,0.0,0.0,0.0,0,cyclicDep,167896,smell
logging-log4j2,4f474b32751f4ccad67424ca585612584440cd63,1,2026-01-22T10:08:42.000,52.782043814574585,5.533061618201046,0.0,UNIT,ABSTRACTION,"[org.apache.logging.log4j.core.config.AbstractConfiguration, org.apache.logging.log4j.core.config.AwaitUnconditionallyReliabilityStrategy, org.apache.logging.log4j.core.layout.AbstractStringLayout, org.apache.logging.log4j.core.appender.AsyncAppender, org.apache.logging.log4j.core.appender.AbstractAppender, org.apache.logging.log4j.core.async.AsyncLoggerConfig, org.apache.logging.log4j.core.async.EventRoute, org.apache.logging.log4j.core.config.ReliabilityStrategyFactory, org.apache.logging.log4j.core.layout.PatternLayout, org.apache.logging.log4j.core.async.AsyncLoggerConfigDelegate, org.apache.logging.log4j.core.config.Configuration]",46274;45816;6543;5894;26295;25910;19265;19752;19008;45398;45651,0.0,,0.0,0.0,0.0,6.0,2.0,24,3.268855909347912E-7,1,5.533061618201046,CIRCLE,11,91,1,0.0,0.0,0.0,0,cyclicDep,167911,smell
logging-log4j2,4f474b32751f4ccad67424ca585612584440cd63,1,2026-01-22T10:08:42.000,52.49123144271681,5.533061618201046,0.0,UNIT,ABSTRACTION,"[org.apache.logging.log4j.core.config.LockingReliabilityStrategy, org.apache.logging.log4j.core.config.AbstractConfiguration, org.apache.logging.log4j.core.layout.AbstractStringLayout, org.apache.logging.log4j.core.appender.AsyncAppender, org.apache.logging.log4j.core.appender.AbstractAppender, org.apache.logging.log4j.core.async.AsyncLoggerConfig, org.apache.logging.log4j.core.async.EventRoute, org.apache.logging.log4j.core.config.ReliabilityStrategyFactory, org.apache.logging.log4j.core.layout.PatternLayout, org.apache.logging.log4j.core.async.AsyncLoggerConfigDelegate, org.apache.logging.log4j.core.config.Configuration]",46270;45816;6543;5894;26295;25910;19265;19752;19008;45398;45907,0.0,,0.0,0.0,0.0,6.0,2.0,24,3.268855909347912E-7,1,5.533061618201046,CIRCLE,11,90,1,0.0,0.0,0.0,0,cyclicDep,167926,smell
logging-log4j2,4f474b32751f4ccad67424ca585612584440cd63,1,2026-01-22T10:08:42.000,53.35891388498543,5.533061618201046,0.0,UNIT,ABSTRACTION,"[org.apache.logging.log4j.core.config.AbstractConfiguration, org.apache.logging.log4j.core.layout.AbstractStringLayout, org.apache.logging.log4j.core.script.ScriptManager, org.apache.logging.log4j.core.appender.AsyncAppender, org.apache.logging.log4j.core.appender.AbstractAppender, org.apache.logging.log4j.core.async.AsyncLoggerConfig, org.apache.logging.log4j.core.async.EventRoute, org.apache.logging.log4j.core.layout.PatternLayout, org.apache.logging.log4j.core.async.AsyncLoggerConfigDelegate, org.apache.logging.log4j.core.config.Configuration]",45807;6543;5894;26295;25910;19265;19752;19008;45398;28528,0.0,,0.0,0.0,0.0,6.0,2.0,24,3.657489198263861E-7,1,5.533061618201046,CIRCLE,10,93,1,0.0,0.0,0.0,0,cyclicDep,167941,smell
logging-log4j2,4f474b32751f4ccad67424ca585612584440cd63,1,2026-01-22T10:08:42.000,52.49123144271681,5.533061618201046,0.0,UNIT,ABSTRACTION,"[org.apache.logging.log4j.core.config.AbstractConfiguration, org.apache.logging.log4j.core.layout.AbstractStringLayout, org.apache.logging.log4j.core.appender.AsyncAppender, org.apache.logging.log4j.core.appender.AbstractAppender, org.apache.logging.log4j.core.script.ScriptRef, org.apache.logging.log4j.core.async.AsyncLoggerConfig, org.apache.logging.log4j.core.async.EventRoute, org.apache.logging.log4j.core.layout.PatternLayout, org.apache.logging.log4j.core.async.AsyncLoggerConfigDelegate, org.apache.logging.log4j.core.config.Configuration]",45780;6543;5894;26295;25910;19265;19752;19008;45398;28567,0.0,,0.0,0.0,0.0,6.0,2.0,23,3.5720761356421836E-7,1,5.533061618201046,CIRCLE,10,90,1,0.0,0.0,0.0,0,cyclicDep,167955,smell
logging-log4j2,4f474b32751f4ccad67424ca585612584440cd63,1,2026-01-22T10:08:42.000,53.64502271279322,5.533061618201046,0.0,UNIT,ABSTRACTION,"[org.apache.logging.log4j.core.util.WatcherFactory, org.apache.logging.log4j.core.config.AbstractConfiguration, org.apache.logging.log4j.core.layout.AbstractStringLayout, org.apache.logging.log4j.core.appender.AsyncAppender, org.apache.logging.log4j.core.appender.AbstractAppender, org.apache.logging.log4j.core.async.AsyncLoggerConfig, org.apache.logging.log4j.core.async.EventRoute, org.apache.logging.log4j.core.layout.PatternLayout, org.apache.logging.log4j.core.async.AsyncLoggerConfigDelegate, org.apache.logging.log4j.core.config.Configuration]",45786;6543;5894;26295;25910;19265;19752;19008;45398;42046,0.0,,0.0,0.0,0.0,6.0,1.9555555555555555,23,3.560571348409076E-7,1,5.533061618201046,CIRCLE,10,94,1,0.0,0.20608041101101562,0.0,0,cyclicDep,167969,smell
logging-log4j2,4f474b32751f4ccad67424ca585612584440cd63,1,2026-01-22T10:08:42.000,45.88687355478764,4.919589232260475,0.0,UNIT,ABSTRACTION,"[org.apache.logging.log4j.core.layout.AbstractStringLayout, org.apache.logging.log4j.core.appender.AsyncAppender, org.apache.logging.log4j.core.appender.AbstractAppender, org.apache.logging.log4j.core.async.AsyncLoggerConfig, org.apache.logging.log4j.core.async.EventRoute, org.apache.logging.log4j.core.layout.PatternLayout, org.apache.logging.log4j.core.async.AsyncLoggerConfigDelegate, org.apache.logging.log4j.core.config.Configuration]",5894;26295;25910;19265;19752;19008;45398;6537,0.0,,0.0,0.0,0.0,6.0,2.0,16,4.0009817896865105E-7,1,4.919589232260475,CIRCLE,8,87,1,0.0,0.0,0.0,0,cyclicDep,167983,smell
logging-log4j2,4f474b32751f4ccad67424ca585612584440cd63,1,2026-01-22T10:08:42.000,51.87259262561501,5.1872592625615015,0.0,UNIT,ABSTRACTION,"[org.apache.logging.log4j.core.layout.AbstractStringLayout, org.apache.logging.log4j.core.appender.AsyncAppender, org.apache.logging.log4j.core.appender.AbstractAppender, org.apache.logging.log4j.core.async.AsyncLoggerConfig, org.apache.logging.log4j.core.async.EventRoute, org.apache.logging.log4j.core.layout.PatternLayout, org.apache.logging.log4j.core.async.AsyncLoggerConfigDelegate, org.apache.logging.log4j.core.config.Configuration, org.apache.logging.log4j.core.layout.AbstractLayout]",6541;5894;26295;25910;19265;19752;19008;45398;6198,0.0,,0.0,0.0,0.0,6.0,2.0,18,3.671514403517109E-7,1,5.1872592625615015,CIRCLE,9,100,1,0.0,0.0,0.0,0,cyclicDep,167995,smell
logging-log4j2,4f474b32751f4ccad67424ca585612584440cd63,1,2026-01-22T10:08:42.000,48.20193345251441,4.919589232260475,0.0,UNIT,ABSTRACTION,"[org.apache.logging.log4j.core.pattern.PatternParser, org.apache.logging.log4j.core.appender.AsyncAppender, org.apache.logging.log4j.core.appender.AbstractAppender, org.apache.logging.log4j.core.async.AsyncLoggerConfig, org.apache.logging.log4j.core.async.EventRoute, org.apache.logging.log4j.core.layout.PatternLayout, org.apache.logging.log4j.core.async.AsyncLoggerConfigDelegate, org.apache.logging.log4j.core.config.Configuration]",5932;26295;25910;19265;19752;19008;45398;44510,0.0,,0.0,0.0,0.0,6.0,2.0,16,3.954666598467831E-7,1,4.919589232260475,CIRCLE,8,96,1,0.0,0.0,0.0,0,cyclicDep,168008,smell
logging-log4j2,4f474b32751f4ccad67424ca585612584440cd63,1,2026-01-22T10:08:42.000,51.08857885801795,5.1872592625615015,0.0,UNIT,ABSTRACTION,"[org.apache.logging.log4j.core.pattern.PatternParser, org.apache.logging.log4j.core.appender.AsyncAppender, org.apache.logging.log4j.core.appender.AbstractAppender, org.apache.logging.log4j.core.pattern.LiteralPatternConverter, org.apache.logging.log4j.core.async.AsyncLoggerConfig, org.apache.logging.log4j.core.async.EventRoute, org.apache.logging.log4j.core.layout.PatternLayout, org.apache.logging.log4j.core.async.AsyncLoggerConfigDelegate, org.apache.logging.log4j.core.config.Configuration]",44515;5932;26295;25910;19265;19752;19008;45398;43436,0.0,,0.0,0.0,0.0,6.0,2.0,18,3.5862447849375044E-7,1,5.1872592625615015,CIRCLE,9,97,1,0.0,0.0,0.0,0,cyclicDep,168020,smell
logging-log4j2,4f474b32751f4ccad67424ca585612584440cd63,1,2026-01-22T10:08:42.000,54.21271071988301,5.533061618201046,0.0,UNIT,ABSTRACTION,"[org.apache.logging.log4j.core.pattern.PatternParser, org.apache.logging.log4j.core.appender.AsyncAppender, org.apache.logging.log4j.core.appender.AbstractAppender, org.apache.logging.log4j.core.pattern.ThrowablePatternConverter, org.apache.logging.log4j.core.async.AsyncLoggerConfig, org.apache.logging.log4j.core.async.EventRoute, org.apache.logging.log4j.core.layout.PatternLayout, org.apache.logging.log4j.core.async.AsyncLoggerConfigDelegate, org.apache.logging.log4j.core.config.Configuration]",44518;5932;26295;25910;19265;19752;19008;45398;44482,0.0,,0.0,0.0,0.0,6.0,2.0,20,3.56610947269115E-7,1,5.533061618201046,CIRCLE,9,96,1,0.0,0.0,0.0,0,cyclicDep,168033,smell
logging-log4j2,4f474b32751f4ccad67424ca585612584440cd63,1,2026-01-22T10:08:42.000,34.2220204437483,32.92314736430638,0.0,UNIT,ENUM,"[org.apache.logging.log4j.core.pattern.AnsiEscape, org.apache.logging.log4j.core.pattern.PatternParser, org.apache.logging.log4j.core.pattern.ThrowablePatternConverter, org.apache.logging.log4j.core.impl.ThrowableFormatOptions, org.apache.logging.log4j.core.pattern.JAnsiTextRenderer]",43909;16679;44480;44518;43414,0.0,,0.0,0.0,0.0,6.0,2.0,6,8.531775830216923E-8,1,3.5297318975584777,CIRCLE,5,94,87,0.0,0.0,0.0,0,cyclicDep,168046,smell
logging-log4j2,4f474b32751f4ccad67424ca585612584440cd63,1,2026-01-22T10:08:42.000,9.097032420720362,3.216286656682621,0.0,UNIT,CONCRETE_CLASS,"[org.apache.logging.log4j.core.pattern.PatternParser, org.apache.logging.log4j.core.pattern.ThrowablePatternConverter, org.apache.logging.log4j.core.layout.PatternLayout]",44518;5932;44479,0.0,,0.0,0.0,0.0,6.0,2.0,4,1.6807194849322892E-7,1,3.216286656682621,CIRCLE,3,8,1,0.0,0.0,0.0,0,cyclicDep,168055,smell
logging-log4j2,4f474b32751f4ccad67424ca585612584440cd63,1,2026-01-22T10:08:42.000,53.07126265800052,5.533061618201046,0.0,UNIT,ABSTRACTION,"[org.apache.logging.log4j.core.pattern.VariablesNotEmptyReplacementConverter, org.apache.logging.log4j.core.pattern.PatternParser, org.apache.logging.log4j.core.appender.AsyncAppender, org.apache.logging.log4j.core.appender.AbstractAppender, org.apache.logging.log4j.core.async.AsyncLoggerConfig, org.apache.logging.log4j.core.async.EventRoute, org.apache.logging.log4j.core.layout.PatternLayout, org.apache.logging.log4j.core.async.AsyncLoggerConfigDelegate, org.apache.logging.log4j.core.config.Configuration]",44506;5932;26295;25910;19265;19752;19008;45398;44894,0.0,,0.0,0.0,0.0,6.0,2.0,20,3.5617891584706374E-7,1,5.533061618201046,CIRCLE,9,92,1,0.0,0.0,0.0,0,cyclicDep,168068,smell
logging-log4j2,4f474b32751f4ccad67424ca585612584440cd63,1,2026-01-22T10:08:42.000,9.097032420720362,3.216286656682621,0.0,UNIT,CONCRETE_CLASS,"[org.apache.logging.log4j.core.pattern.VariablesNotEmptyReplacementConverter, org.apache.logging.log4j.core.pattern.PatternParser, org.apache.logging.log4j.core.layout.PatternLayout]",44506;5932;44896,0.0,,0.0,0.0,0.0,6.0,2.0,4,1.667758542270752E-7,1,3.216286656682621,CIRCLE,3,8,1,0.0,0.0,0.0,0,cyclicDep,168081,smell
logging-log4j2,4f474b32751f4ccad67424ca585612584440cd63,1,2026-01-22T10:08:42.000,44.152959848014525,4.761136105551473,0.0,UNIT,ENUM,"[org.apache.logging.log4j.core.appender.AsyncAppender, org.apache.logging.log4j.core.async.AsyncLoggerConfig, org.apache.logging.log4j.core.async.EventRoute, org.apache.logging.log4j.core.async.AsyncLoggerConfigDelegate, org.apache.logging.log4j.core.config.Configuration]",19265;19752;19008;45398;25902,0.0,,0.0,0.0,0.0,6.0,2.0,10,4.800443277275396E-7,1,4.761136105551473,CIRCLE,5,86,1,0.0,0.0,0.0,0,cyclicDep,168100,smell
logging-log4j2,4f474b32751f4ccad67424ca585612584440cd63,1,2026-01-22T10:08:42.000,20.744874271044495,3.092463270316126,0.0,UNIT,ABSTRACTION,"[org.apache.logging.log4j.core.async.AsyncLoggerConfig, org.apache.logging.log4j.core.async.AsyncLoggerConfigDelegate, org.apache.logging.log4j.core.config.Configuration]",19008;45398;19758,0.0,,0.0,0.0,0.0,6.0,2.0,4,7.120549665599993E-7,1,3.092463270316126,CIRCLE,3,45,1,0.0,0.0,0.0,0,cyclicDep,168115,smell
logging-log4j2,4f474b32751f4ccad67424ca585612584440cd63,1,2026-01-22T10:08:42.000,10.275515449984299,10.275515449984299,0.0,UNIT,CONCRETE_CLASS,"[org.apache.logging.log4j.web.WebLoggerContextUtils, org.apache.logging.log4j.web.Log4jWebInitializerImpl]",23821;23691,0.0,,0.0,0.0,0.0,5.0,2.0,2,6.482607591264581E-8,1,5.1377577249921496,TINY,2,4,4,0.0,0.0,0.0,0,cyclicDep,168122,smell
logging-log4j2,4f474b32751f4ccad67424ca585612584440cd63,1,2026-01-22T10:08:42.000,18.497440329158866,18.497440329158866,0.0,UNIT,IMPLEMENTATION,"[org.apache.logging.log4j.core.config.plugins.PluginNode, org.apache.logging.log4j.core.config.plugins.visitors.PluginNodeVisitor]",39460;15186,0.0,,0.0,0.0,0.0,7.5,6.0,2,5.0681795708616846E-8,1,6.9913752860301575,TINY,2,7,7,0.5,0.0,0.0,0,cyclicDep,168128,smell
logging-log4j2,4f474b32751f4ccad67424ca585612584440cd63,1,2026-01-22T10:08:42.000,27.96550114412063,27.96550114412063,0.0,UNIT,IMPLEMENTATION,"[org.apache.logging.log4j.core.config.plugins.PluginValue, org.apache.logging.log4j.core.config.plugins.visitors.PluginValueVisitor]",39445;15313,0.0,,0.0,0.0,0.0,7.5,6.0,2,4.513499548824529E-8,1,6.9913752860301575,TINY,2,16,16,0.5,0.0,0.0,0,cyclicDep,168134,smell
logging-log4j2,4f474b32751f4ccad67424ca585612584440cd63,1,2026-01-22T10:08:42.000,15.135304663871455,2.455270631820286,0.0,UNIT,ABSTRACTION,"[org.apache.log4j.Appender, org.apache.log4j.spi.LoggingEvent, org.apache.log4j.Layout, org.apache.log4j.Category]",16197;15964;15467;23200,0.0,,0.0,0.0,0.0,3.25,1.0,6,6.25094040153339E-7,1,2.455270631820286,CIRCLE,4,38,1,0.4330127018922193,1.0,0.0,0,cyclicDep,168140,smell
logging-log4j2,4f474b32751f4ccad67424ca585612584440cd63,1,2026-01-22T10:08:42.000,32.739382144207966,4.827158546644733,0.0,UNIT,ABSTRACTION,"[org.apache.log4j.Appender, org.apache.log4j.Priority, org.apache.log4j.Level, org.apache.log4j.spi.LoggingEvent, org.apache.log4j.PropertyConfigurator, org.apache.log4j.Layout, org.apache.log4j.helpers.OptionConverter]",28662;16203;15381;23199;16197;15964;15609,0.0,,0.0,0.0,0.0,3.2857142857142856,1.0476190476190477,15,5.150858813491802E-7,1,4.827158546644733,CIRCLE,7,46,1,0.45175395145262565,0.9988655696858586,0.0,0,cyclicDep,168167,smell
logging-log4j2,4f474b32751f4ccad67424ca585612584440cd63,1,2026-01-22T10:08:42.000,45.811184408637686,5.726398051079711,0.0,UNIT,ABSTRACTION,"[org.apache.log4j.Priority, org.apache.log4j.Appender, org.apache.log4j.Level, org.apache.log4j.spi.LoggingEvent, org.apache.log4j.PropertyConfigurator, org.apache.log4j.Layout, org.apache.log4j.helpers.OptionConverter, org.apache.log4j.Category]",28662;16203;15381;23199;16197;15964;15467;15566,0.0,,0.0,0.0,0.0,3.25,0.9285714285714286,22,5.299058132726268E-7,1,5.726398051079711,CIRCLE,8,64,1,0.4330127018922193,0.9974457174120672,0.0,0,cyclicDep,168178,smell
logging-log4j2,4f474b32751f4ccad67424ca585612584440cd63,1,2026-01-22T10:08:42.000,46.42746054109338,7.904335798429969,0.0,UNIT,ABSTRACTION,"[org.apache.log4j.Logger, org.apache.log4j.Priority, org.apache.log4j.Appender, org.apache.log4j.Level, org.apache.log4j.spi.LoggingEvent, org.apache.log4j.DefaultCategoryFactory, org.apache.log4j.PropertyConfigurator, org.apache.log4j.Layout, org.apache.log4j.helpers.OptionConverter, org.apache.log4j.Category]",15640;28662;16203;15381;23199;16197;15964;15467;16104;16235,0.0,,0.0,0.0,0.0,3.2,0.7555555555555555,27,5.456664790571142E-7,1,5.589209443845414,CIRCLE,10,69,2,0.39999999999999997,0.9696632990787302,0.0,0,cyclicDep,168190,smell
logging-log4j2,4f474b32751f4ccad67424ca585612584440cd63,1,2026-01-22T10:08:42.000,48.110452902107596,8.250874603276761,0.0,UNIT,ABSTRACTION,"[org.apache.log4j.Logger, org.apache.log4j.Priority, org.apache.log4j.Appender, org.apache.log4j.spi.LoggerFactory, org.apache.log4j.Level, org.apache.log4j.spi.LoggingEvent, org.apache.log4j.DefaultCategoryFactory, org.apache.log4j.PropertyConfigurator, org.apache.log4j.Layout, org.apache.log4j.helpers.OptionConverter, org.apache.log4j.Category]",16237;15640;28662;16203;15381;23199;16197;15964;15467;16104;23195,0.0,,0.0,0.0,0.0,3.272727272727273,0.9818181818181818,31,5.229470789066858E-7,1,5.834249382696862,CIRCLE,11,68,2,0.4453617714151233,0.999834697081274,0.0,0,cyclicDep,168204,smell
logging-log4j2,4f474b32751f4ccad67424ca585612584440cd63,1,2026-01-22T10:08:42.000,27.81658650188992,4.842246174937902,0.0,UNIT,ABSTRACTION,"[org.apache.log4j.Priority, org.apache.log4j.Level, org.apache.log4j.spi.LoggingEvent, org.apache.log4j.PropertyConfigurator, org.apache.log4j.Layout, org.apache.log4j.helpers.OptionConverter]",28662;16203;15381;23199;16197;15633,0.0,,0.0,0.0,0.0,3.3333333333333335,1.2,12,5.319820743080641E-7,1,4.842246174937902,CIRCLE,6,33,1,0.4714045207910317,0.9797958971132713,0.0,0,cyclicDep,168219,smell
logging-log4j2,4f474b32751f4ccad67424ca585612584440cd63,1,2026-01-22T10:08:42.000,46.30791886004401,5.834249382696862,0.0,UNIT,ABSTRACTION,"[org.apache.log4j.Appender, org.apache.log4j.Priority, org.apache.log4j.Level, org.apache.log4j.spi.LoggingEvent, org.apache.log4j.PropertyConfigurator, org.apache.log4j.Layout, org.apache.log4j.LogManager, org.apache.log4j.helpers.OptionConverter, org.apache.log4j.Hierarchy]",15708;15577;28662;16203;15381;23199;16197;15964;15841,0.0,,0.0,0.0,0.0,3.2222222222222223,0.8333333333333334,23,4.6199232874349603E-7,1,5.834249382696862,CIRCLE,9,63,1,0.41573970964154905,0.9860132971832692,0.0,0,cyclicDep,168229,smell
logging-log4j2,4f474b32751f4ccad67424ca585612584440cd63,1,2026-01-22T10:08:42.000,57.16373607902021,8.250874603276761,0.0,UNIT,ABSTRACTION,"[org.apache.log4j.Priority, org.apache.log4j.Appender, org.apache.log4j.Level, org.apache.log4j.spi.LoggingEvent, org.apache.log4j.PropertyConfigurator, org.apache.log4j.Layout, org.apache.log4j.LogManager, org.apache.log4j.helpers.OptionConverter, org.apache.log4j.Category, org.apache.log4j.Hierarchy]",15708;15577;28662;16203;15381;23199;16197;15964;15467;15816,0.0,,0.0,0.0,0.0,3.2,0.7555555555555555,33,4.791576295428216E-7,1,5.834249382696862,CIRCLE,10,96,2,0.39999999999999997,0.9696632990787302,0.0,0,cyclicDep,168242,smell
logging-log4j2,4f474b32751f4ccad67424ca585612584440cd63,1,2026-01-22T10:08:42.000,39.67123714919084,4.958904643648855,0.0,UNIT,CONCRETE_CLASS,"[org.apache.log4j.Priority, org.apache.log4j.Level, org.apache.log4j.PropertyConfigurator, org.apache.log4j.LogManager, org.apache.log4j.helpers.OptionConverter, org.apache.log4j.Hierarchy]",15708;15577;28662;16203;15381;15812,0.0,,0.0,0.0,0.0,3.1666666666666665,0.6666666666666666,15,3.8186668913581E-7,1,4.958904643648855,CIRCLE,6,64,1,0.3726779962499649,0.9428090415820635,0.0,0,cyclicDep,168256,smell
logging-log4j2,4f474b32751f4ccad67424ca585612584440cd63,1,2026-01-22T10:08:42.000,12.950317915805199,2.643472575045505,0.0,UNIT,CONCRETE_CLASS,"[org.apache.log4j.LogManager, org.apache.log4j.Hierarchy]",15708;15820,0.0,,0.0,0.0,0.0,3.0,0.0,2,2.76164894623601E-7,1,2.643472575045505,TINY,2,24,1,0.0,0.0,0.0,0,cyclicDep,168266,smell
logging-log4j2,4f474b32751f4ccad67424ca585612584440cd63,1,2026-01-22T10:08:42.000,62.96197316174448,10.960272702342037,0.0,UNIT,ABSTRACTION,"[org.apache.log4j.Logger, org.apache.log4j.Priority, org.apache.log4j.Appender, org.apache.log4j.Level, org.apache.log4j.spi.LoggingEvent, org.apache.log4j.PropertyConfigurator, org.apache.log4j.Layout, org.apache.log4j.LogManager, org.apache.log4j.helpers.OptionConverter, org.apache.log4j.Category, org.apache.log4j.Hierarchy]",15708;15577;28662;16203;15381;23199;16197;15964;15467;16104;15823,0.0,,0.0,0.0,0.0,3.1818181818181817,0.6909090909090909,39,5.429537169617523E-7,1,5.480136351171018,CIRCLE,11,132,4,0.385694607919935,0.9510324967725106,0.0,0,cyclicDep,168272,smell
logging-log4j2,4f474b32751f4ccad67424ca585612584440cd63,1,2026-01-22T10:08:42.000,23.18114482433372,4.097886175238453,0.0,UNIT,CONCRETE_CLASS,"[org.apache.log4j.Priority, org.apache.log4j.PropertyConfigurator, org.apache.log4j.LogManager, org.apache.log4j.helpers.OptionConverter, org.apache.log4j.Hierarchy]",15708;15577;28662;16203;15840,0.0,,0.0,0.0,0.0,3.2,0.8,9,3.310359231478181E-7,1,4.097886175238453,CIRCLE,5,32,1,0.39999999999999997,0.9797958971132713,0.0,0,cyclicDep,168287,smell
logging-log4j2,4f474b32751f4ccad67424ca585612584440cd63,1,2026-01-22T10:08:42.000,30.625123193718924,4.842257145770092,0.0,UNIT,CONCRETE_CLASS,"[org.apache.log4j.PropertyConfigurator, org.apache.log4j.LogManager, org.apache.log4j.helpers.OptionConverter, org.apache.log4j.helpers.LogLog, org.apache.log4j.Hierarchy]",15827;15708;15577;28662;28742,0.0,,0.0,0.0,0.0,3.4,1.4,10,2.791036197430993E-7,1,4.842257145770092,CIRCLE,5,40,1,0.4898979485566356,0.9165151389911681,0.0,0,cyclicDep,168296,smell
logging-log4j2,4f474b32751f4ccad67424ca585612584440cd63,1,2026-01-22T10:08:42.000,13.670368324952138,2.455270631820286,0.0,UNIT,CONCRETE_CLASS,"[org.apache.log4j.PropertyConfigurator, org.apache.log4j.LogManager, org.apache.log4j.helpers.OptionConverter, org.apache.log4j.Hierarchy]",15708;15577;28662;15817,0.0,,0.0,0.0,0.0,3.25,1.0,6,2.955957201593691E-7,1,2.455270631820286,CIRCLE,4,31,1,0.4330127018922193,1.0,0.0,0,cyclicDep,168305,smell
logging-log4j2,4f474b32751f4ccad67424ca585612584440cd63,1,2026-01-22T10:08:42.000,25.709780123221936,4.409190915457558,0.0,UNIT,CONCRETE_CLASS,"[org.apache.log4j.PropertyConfigurator, org.apache.log4j.LogManager, org.apache.log4j.helpers.OptionConverter, org.apache.log4j.or.RendererMap, org.apache.log4j.Hierarchy]",15829;15708;15577;28662;37050,0.0,,0.0,0.0,0.0,3.4,1.4,9,2.475466578687442E-7,1,4.409190915457558,CIRCLE,5,34,1,0.4898979485566356,0.9165151389911681,0.0,0,cyclicDep,168313,smell
logging-log4j2,4f474b32751f4ccad67424ca585612584440cd63,1,2026-01-22T10:08:42.000,8.42506426039983,6.879036162712843,0.0,UNIT,ABSTRACTION,"[org.apache.log4j.or.RendererMap, org.apache.log4j.spi.RendererSupport]",37053;23117,0.0,,0.0,0.0,0.0,4.0,2.0,2,4.984771455779878E-8,1,4.864213118681738,TINY,2,3,2,0.0,0.0,0.0,0,cyclicDep,168322,smell
logging-log4j2,4f474b32751f4ccad67424ca585612584440cd63,1,2026-01-22T10:08:42.000,47.02474578590643,8.064677368969107,0.0,UNIT,ABSTRACTION,"[org.apache.log4j.spi.HierarchyEventListener, org.apache.log4j.Priority, org.apache.log4j.Appender, org.apache.log4j.Level, org.apache.log4j.spi.LoggingEvent, org.apache.log4j.PropertyConfigurator, org.apache.log4j.Layout, org.apache.log4j.LogManager, org.apache.log4j.helpers.OptionConverter, org.apache.log4j.Hierarchy]",15815;15708;15577;28662;16203;15381;23199;16197;15964;23098,0.0,,0.0,0.0,0.0,3.3,1.0666666666666667,25,4.2636991103547545E-7,1,5.70258805567974,CIRCLE,10,68,2,0.45825756949558405,0.9977753031397177,0.0,0,cyclicDep,168328,smell
logging-log4j2,4f474b32751f4ccad67424ca585612584440cd63,1,2026-01-22T10:08:42.000,56.96478483793041,9.916296216607602,0.0,UNIT,ABSTRACTION,"[org.apache.log4j.spi.HierarchyEventListener, org.apache.log4j.Appender, org.apache.log4j.Priority, org.apache.log4j.Level, org.apache.log4j.spi.LoggingEvent, org.apache.log4j.PropertyConfigurator, org.apache.log4j.Layout, org.apache.log4j.LogManager, org.apache.log4j.helpers.OptionConverter, org.apache.log4j.Category, org.apache.log4j.Hierarchy]",15815;15708;15577;28662;16203;15381;23199;16197;15964;15467;23097,0.0,,0.0,0.0,0.0,3.272727272727273,0.9818181818181818,37,4.452131315537733E-7,1,5.725176290022467,CIRCLE,11,99,3,0.4453617714151233,0.999834697081274,0.0,0,cyclicDep,168342,smell
logging-log4j2,4f474b32751f4ccad67424ca585612584440cd63,1,2026-01-22T10:08:42.000,44.90222325266798,5.70258805567974,0.0,UNIT,ABSTRACTION,"[org.apache.log4j.Appender, org.apache.log4j.Priority, org.apache.log4j.Level, org.apache.log4j.spi.LoggingEvent, org.apache.log4j.PropertyConfigurator, org.apache.log4j.spi.LoggerRepository, org.apache.log4j.Layout, org.apache.log4j.LogManager, org.apache.log4j.helpers.OptionConverter, org.apache.log4j.Hierarchy]",15843;15708;15577;28662;16203;15381;23199;16197;15964;23175,0.0,,0.0,0.0,0.0,3.3,1.0666666666666667,29,4.460880351545817E-7,1,5.70258805567974,CIRCLE,10,62,1,0.45825756949558405,0.9977753031397177,0.0,0,cyclicDep,168357,smell
logging-log4j2,4f474b32751f4ccad67424ca585612584440cd63,1,2026-01-22T10:08:42.000,55.50764356259892,8.096621956326652,0.0,UNIT,ABSTRACTION,"[org.apache.log4j.Priority, org.apache.log4j.Appender, org.apache.log4j.Level, org.apache.log4j.spi.LoggingEvent, org.apache.log4j.PropertyConfigurator, org.apache.log4j.spi.LoggerRepository, org.apache.log4j.Layout, org.apache.log4j.LogManager, org.apache.log4j.helpers.OptionConverter, org.apache.log4j.Category, org.apache.log4j.Hierarchy]",15843;15708;15577;28662;16203;15381;23199;16197;15964;15467;23173,0.0,,0.0,0.0,0.0,3.272727272727273,0.9818181818181818,41,4.63138698934779E-7,1,5.725176290022467,CIRCLE,11,94,2,0.4453617714151233,0.9998346970812741,0.0,0,cyclicDep,168371,smell
logging-log4j2,4f474b32751f4ccad67424ca585612584440cd63,1,2026-01-22T10:08:42.000,38.78068061479807,5.092152835401327,0.0,UNIT,ABSTRACTION,"[org.apache.log4j.Priority, org.apache.log4j.Level, org.apache.log4j.PropertyConfigurator, org.apache.log4j.spi.LoggerRepository, org.apache.log4j.LogManager, org.apache.log4j.helpers.OptionConverter, org.apache.log4j.Hierarchy]",15843;15708;15577;28662;16203;15381;23170,0.0,,0.0,0.0,0.0,3.2857142857142856,1.0476190476190477,20,3.7059278966703044E-7,1,5.092152835401327,CIRCLE,7,58,1,0.45175395145262565,0.9988655696858586,0.0,0,cyclicDep,168386,smell
logging-log4j2,4f474b32751f4ccad67424ca585612584440cd63,1,2026-01-22T10:08:42.000,56.67635369428657,9.916296216607602,0.0,UNIT,ABSTRACTION,"[org.apache.log4j.Logger, org.apache.log4j.Appender, org.apache.log4j.Priority, org.apache.log4j.Level, org.apache.log4j.spi.LoggingEvent, org.apache.log4j.spi.LoggerRepository, org.apache.log4j.PropertyConfigurator, org.apache.log4j.Layout, org.apache.log4j.LogManager, org.apache.log4j.helpers.OptionConverter, org.apache.log4j.Category, org.apache.log4j.Hierarchy]",15843;15708;15577;28662;16203;15381;23199;16197;15964;15467;16104;23171,0.0,,0.0,0.0,0.0,3.25,0.9090909090909091,48,5.22953356619469E-7,1,5.725176290022467,CIRCLE,12,98,3,0.4330127018922193,0.9958591954639383,0.0,0,cyclicDep,168397,smell
logging-log4j2,4f474b32751f4ccad67424ca585612584440cd63,1,2026-01-22T10:08:42.000,30.56874122469688,4.958904643648855,0.0,UNIT,CONCRETE_CLASS,"[org.apache.log4j.Priority, org.apache.log4j.Level, org.apache.log4j.PropertyConfigurator, org.apache.log4j.LogManager, org.apache.log4j.helpers.OptionConverter]",15577;28662;16203;15381;15669,0.0,,0.0,0.0,0.0,3.2,0.8,10,4.4252243157874606E-7,1,4.958904643648855,CIRCLE,5,38,1,0.39999999999999997,0.9797958971132713,0.0,0,cyclicDep,168413,smell
logging-log4j2,4f474b32751f4ccad67424ca585612584440cd63,1,2026-01-22T10:08:42.000,54.189396079621076,7.904335798429969,0.0,UNIT,ABSTRACTION,"[org.apache.log4j.Logger, org.apache.log4j.Appender, org.apache.log4j.Priority, org.apache.log4j.Level, org.apache.log4j.spi.LoggingEvent, org.apache.log4j.PropertyConfigurator, org.apache.log4j.Layout, org.apache.log4j.LogManager, org.apache.log4j.helpers.OptionConverter, org.apache.log4j.Category]",15577;28662;16203;15381;23199;16197;15964;15467;16104;15705,0.0,,0.0,0.0,0.0,3.2,0.7555555555555555,30,5.893902909658144E-7,1,5.589209443845414,CIRCLE,10,94,2,0.39999999999999997,0.9696632990787302,0.0,0,cyclicDep,168422,smell
logging-log4j2,4f474b32751f4ccad67424ca585612584440cd63,1,2026-01-22T10:08:42.000,37.39437060453877,5.70258805567974,0.0,UNIT,ABSTRACTION,"[org.apache.log4j.Priority, org.apache.log4j.Appender, org.apache.log4j.Level, org.apache.log4j.spi.LoggingEvent, org.apache.log4j.PropertyConfigurator, org.apache.log4j.Layout, org.apache.log4j.LogManager, org.apache.log4j.helpers.OptionConverter, org.apache.log4j.spi.NOPLoggerRepository]",15703;15577;28662;16203;15381;23199;16197;15964;23154,0.0,,0.0,0.0,0.0,3.3333333333333335,1.1666666666666667,20,4.602447222535091E-7,1,5.70258805567974,CIRCLE,9,43,1,0.4714045207910317,0.9860132971832694,0.0,0,cyclicDep,168436,smell
logging-log4j2,4f474b32751f4ccad67424ca585612584440cd63,1,2026-01-22T10:08:42.000,49.38586123536364,8.064677368969107,0.0,UNIT,ABSTRACTION,"[org.apache.log4j.Priority, org.apache.log4j.Appender, org.apache.log4j.Level, org.apache.log4j.spi.LoggingEvent, org.apache.log4j.PropertyConfigurator, org.apache.log4j.Layout, org.apache.log4j.LogManager, org.apache.log4j.helpers.OptionConverter, org.apache.log4j.spi.NOPLoggerRepository, org.apache.log4j.Category]",15703;15577;28662;16203;15381;23199;16197;15964;15467;23144,0.0,,0.0,0.0,0.0,3.3,1.0666666666666667,29,4.775847837018333E-7,1,5.70258805567974,CIRCLE,10,75,2,0.45825756949558405,0.9977753031397177,0.0,0,cyclicDep,168449,smell
logging-log4j2,4f474b32751f4ccad67424ca585612584440cd63,1,2026-01-22T10:08:42.000,30.625053808083827,4.842246174937902,0.0,UNIT,CONCRETE_CLASS,"[org.apache.log4j.Priority, org.apache.log4j.Level, org.apache.log4j.PropertyConfigurator, org.apache.log4j.LogManager, org.apache.log4j.helpers.OptionConverter, org.apache.log4j.spi.NOPLoggerRepository]",15703;15577;28662;16203;15381;23140,0.0,,0.0,0.0,0.0,3.3333333333333335,1.2,12,3.7924527940082963E-7,1,4.842246174937902,CIRCLE,6,40,1,0.4714045207910317,0.9797958971132713,0.0,0,cyclicDep,168463,smell
logging-log4j2,4f474b32751f4ccad67424ca585612584440cd63,1,2026-01-22T10:08:42.000,49.67798017599438,7.904335798429969,0.0,UNIT,ABSTRACTION,"[org.apache.log4j.Logger, org.apache.log4j.Priority, org.apache.log4j.Appender, org.apache.log4j.Level, org.apache.log4j.spi.LoggingEvent, org.apache.log4j.PropertyConfigurator, org.apache.log4j.Layout, org.apache.log4j.LogManager, org.apache.log4j.helpers.OptionConverter, org.apache.log4j.spi.NOPLoggerRepository, org.apache.log4j.Category]",15703;15577;28662;16203;15381;23199;16197;15964;15467;16104;23141,0.0,,0.0,0.0,0.0,3.272727272727273,0.9818181818181818,35,5.415238571063083E-7,1,5.589209443845414,CIRCLE,11,79,2,0.4453617714151233,0.999834697081274,0.0,0,cyclicDep,168473,smell
logging-log4j2,4f474b32751f4ccad67424ca585612584440cd63,1,2026-01-22T10:08:42.000,39.91819318558351,5.702599026511931,0.0,UNIT,ABSTRACTION,"[org.apache.log4j.Priority, org.apache.log4j.Appender, org.apache.log4j.spi.NOPLogger, org.apache.log4j.Level, org.apache.log4j.spi.LoggingEvent, org.apache.log4j.PropertyConfigurator, org.apache.log4j.Layout, org.apache.log4j.LogManager, org.apache.log4j.helpers.OptionConverter, org.apache.log4j.spi.NOPLoggerRepository]",23151;15703;15577;28662;16203;15381;23199;16197;15964;23189,0.0,,0.0,0.0,0.0,3.4,1.3333333333333333,26,4.180272478401166E-7,1,5.702599026511931,CIRCLE,10,49,1,0.4898979485566356,0.9428090415820634,0.0,0,cyclicDep,168488,smell
logging-log4j2,4f474b32751f4ccad67424ca585612584440cd63,1,2026-01-22T10:08:42.000,49.716248467355314,7.910424722019,0.0,UNIT,ABSTRACTION,"[org.apache.log4j.Appender, org.apache.log4j.Priority, org.apache.log4j.spi.NOPLogger, org.apache.log4j.Level, org.apache.log4j.spi.LoggingEvent, org.apache.log4j.PropertyConfigurator, org.apache.log4j.Layout, org.apache.log4j.LogManager, org.apache.log4j.helpers.OptionConverter, org.apache.log4j.spi.NOPLoggerRepository, org.apache.log4j.Category]",23151;15703;15577;28662;16203;15381;23199;16197;15964;15467;23186,0.0,,0.0,0.0,0.0,3.3636363636363638,1.2363636363636363,36,4.376288922852653E-7,1,5.593514963005345,CIRCLE,11,79,2,0.48104569292083466,0.9716646702463554,0.0,0,cyclicDep,168502,smell
logging-log4j2,4f474b32751f4ccad67424ca585612584440cd63,1,2026-01-22T10:08:42.000,32.119900181873334,4.842257145770092,0.0,UNIT,CONCRETE_CLASS,"[org.apache.log4j.Priority, org.apache.log4j.spi.NOPLogger, org.apache.log4j.Level, org.apache.log4j.PropertyConfigurator, org.apache.log4j.LogManager, org.apache.log4j.helpers.OptionConverter, org.apache.log4j.spi.NOPLoggerRepository]",23151;15703;15577;28662;16203;15381;23184,0.0,,0.0,0.0,0.0,3.4285714285714284,1.4285714285714286,16,3.30505950646366E-7,1,4.842257145770092,CIRCLE,7,44,1,0.4948716593053935,0.9035079029052513,0.0,0,cyclicDep,168517,smell
logging-log4j2,4f474b32751f4ccad67424ca585612584440cd63,1,2026-01-22T10:08:42.000,49.716248467355314,7.910424722019,0.0,UNIT,ABSTRACTION,"[org.apache.log4j.Logger, org.apache.log4j.Appender, org.apache.log4j.Priority, org.apache.log4j.spi.NOPLogger, org.apache.log4j.Level, org.apache.log4j.spi.LoggingEvent, org.apache.log4j.PropertyConfigurator, org.apache.log4j.Layout, org.apache.log4j.LogManager, org.apache.log4j.helpers.OptionConverter, org.apache.log4j.spi.NOPLoggerRepository, org.apache.log4j.Category]",23151;15703;15577;28662;16203;15381;23199;16197;15964;15467;16104;23185,0.0,,0.0,0.0,0.0,3.3333333333333335,1.1515151515151516,43,4.995693671907481E-7,1,5.593514963005345,CIRCLE,12,79,2,0.4714045207910317,0.9884549351697024,0.0,0,cyclicDep,168528,smell
logging-log4j2,4f474b32751f4ccad67424ca585612584440cd63,1,2026-01-22T10:08:42.000,23.610608429682,4.923152182246173,0.0,UNIT,CONCRETE_CLASS,"[org.apache.log4j.Priority, org.apache.log4j.spi.NOPLogger, org.apache.log4j.PropertyConfigurator, org.apache.log4j.LogManager, org.apache.log4j.helpers.OptionConverter, org.apache.log4j.spi.NOPLoggerRepository]",23151;15703;15577;28662;16203;23188,0.0,,0.0,0.0,0.0,3.5,1.6,9,2.7958685590813214E-7,1,4.923152182246173,CIRCLE,6,23,1,0.5,0.8,0.0,0,cyclicDep,168544,smell
logging-log4j2,4f474b32751f4ccad67424ca585612584440cd63,1,2026-01-22T10:08:42.000,36.97146896374066,5.638096160066716,0.0,UNIT,CONCRETE_CLASS,"[org.apache.log4j.Priority, org.apache.log4j.spi.NOPLogger, org.apache.log4j.Level, org.apache.log4j.spi.LoggingEvent, org.apache.log4j.PropertyConfigurator, org.apache.log4j.LogManager, org.apache.log4j.helpers.OptionConverter, org.apache.log4j.spi.NOPLoggerRepository]",23151;15703;15577;28662;16203;15381;23199;23187,0.0,,0.0,0.0,0.0,3.5,1.5714285714285714,19,4.2908574523691507E-7,1,5.638096160066716,CIRCLE,8,43,1,0.5,0.8206518066482897,0.0,0,cyclicDep,168554,smell
logging-log4j2,4f474b32751f4ccad67424ca585612584440cd63,1,2026-01-22T10:08:42.000,9.728426237363475,4.864213118681738,0.0,UNIT,CONCRETE_CLASS,"[org.apache.log4j.spi.NOPLogger, org.apache.log4j.spi.NOPLoggerRepository]",23151;23183,0.0,,0.0,0.0,0.0,4.0,2.0,2,5.046474831541575E-8,1,4.864213118681738,TINY,2,4,1,0.0,0.0,0.0,0,cyclicDep,168566,smell
logging-log4j2,4f474b32751f4ccad67424ca585612584440cd63,1,2026-01-22T10:08:42.000,30.625053808083827,4.842246174937902,0.0,UNIT,CONCRETE_CLASS,"[org.apache.log4j.Priority, org.apache.log4j.spi.RootLogger, org.apache.log4j.Level, org.apache.log4j.PropertyConfigurator, org.apache.log4j.LogManager, org.apache.log4j.helpers.OptionConverter]",15667;15577;28662;16203;15381;23072,0.0,,0.0,0.0,0.0,3.3333333333333335,1.2,12,3.7877128031837923E-7,1,4.842246174937902,CIRCLE,6,40,1,0.4714045207910317,0.9797958971132713,0.0,0,cyclicDep,168572,smell
logging-log4j2,4f474b32751f4ccad67424ca585612584440cd63,1,2026-01-22T10:08:42.000,49.362561239863965,7.904335798429969,0.0,UNIT,ABSTRACTION,"[org.apache.log4j.Logger, org.apache.log4j.Appender, org.apache.log4j.Priority, org.apache.log4j.spi.RootLogger, org.apache.log4j.Level, org.apache.log4j.spi.LoggingEvent, org.apache.log4j.PropertyConfigurator, org.apache.log4j.Layout, org.apache.log4j.LogManager, org.apache.log4j.helpers.OptionConverter, org.apache.log4j.Category]",15667;15577;28662;16203;15381;23199;16197;15964;15467;16104;23073,0.0,,0.0,0.0,0.0,3.272727272727273,0.9818181818181818,33,5.412653121522445E-7,1,5.589209443845414,CIRCLE,11,78,2,0.4453617714151233,0.999834697081274,0.0,0,cyclicDep,168582,smell
logging-log4j2,4f474b32751f4ccad67424ca585612584440cd63,1,2026-01-22T10:08:42.000,48.725598280010665,7.904335798429969,0.0,UNIT,ABSTRACTION,"[org.apache.log4j.Logger, org.apache.log4j.Priority, org.apache.log4j.Appender, org.apache.log4j.Level, org.apache.log4j.spi.LoggingEvent, org.apache.log4j.PropertyConfigurator, org.apache.log4j.Layout, org.apache.log4j.helpers.OptionConverter, org.apache.log4j.Category]",28662;16203;15381;23199;16197;15964;15467;16104;15621,0.0,,0.0,0.0,0.0,3.2222222222222223,0.8333333333333334,25,6.022401219257858E-7,1,5.589209443845414,CIRCLE,9,76,2,0.41573970964154905,0.9860132971832692,0.0,0,cyclicDep,168597,smell
logging-log4j2,4f474b32751f4ccad67424ca585612584440cd63,1,2026-01-22T10:08:42.000,14.592639356045213,4.864213118681738,0.0,UNIT,CONCRETE_CLASS,"[org.apache.log4j.bridge.FilterWrapper, org.apache.log4j.bridge.FilterAdapter]",13839;13997,0.0,,0.0,0.0,0.0,4.0,2.0,2,6.918526228254783E-8,1,4.864213118681738,TINY,2,9,1,0.0,0.0,0.0,0,cyclicDep,168610,smell
logging-log4j2,4f474b32751f4ccad67424ca585612584440cd63,1,2026-01-22T10:08:42.000,32.69722729331631,7.135119956514193,0.0,UNIT,ABSTRACTION,"[org.apache.log4j.bridge.FilterWrapper, org.apache.log4j.Priority, org.apache.log4j.Level, org.apache.log4j.bridge.FilterAdapter, org.apache.log4j.spi.LoggingEvent, org.apache.log4j.PropertyConfigurator, org.apache.log4j.helpers.OptionConverter, org.apache.log4j.spi.Filter]",13998;13839;15589;28662;16203;15381;23199;23112,0.0,,0.0,0.0,0.0,3.625,1.2857142857142858,19,4.1287074722078753E-7,1,5.04529170583065,CIRCLE,8,42,2,0.4841229182759271,0.9202927661946518,0.0,0,cyclicDep,168616,smell
logging-log4j2,4f474b32751f4ccad67424ca585612584440cd63,1,2026-01-22T10:08:42.000,30.239886183064566,4.842257145770092,0.0,UNIT,CONCRETE_CLASS,"[org.apache.log4j.bridge.FilterWrapper, org.apache.log4j.Priority, org.apache.log4j.Level, org.apache.log4j.bridge.FilterAdapter, org.apache.log4j.spi.LoggingEvent, org.apache.log4j.PropertyConfigurator, org.apache.log4j.helpers.OptionConverter]",13839;15589;28662;16203;15381;23199;13999,0.0,,0.0,0.0,0.0,3.5714285714285716,1.0476190476190477,15,4.280550253576447E-7,1,4.842257145770092,CIRCLE,7,39,1,0.4948716593053935,0.9499970163457144,0.0,0,cyclicDep,168628,smell
logging-log4j2,4f474b32751f4ccad67424ca585612584440cd63,1,2026-01-22T10:08:42.000,49.42819626084422,8.47686572488103,0.0,UNIT,ABSTRACTION,"[org.apache.log4j.bridge.LogEventAdapter, org.apache.log4j.Priority, org.apache.log4j.Appender, org.apache.log4j.Level, org.apache.log4j.bridge.FilterAdapter, org.apache.log4j.spi.LoggingEvent, org.apache.log4j.PropertyConfigurator, org.apache.log4j.Layout, org.apache.log4j.helpers.OptionConverter, org.apache.log4j.Category]",13849;15589;28662;16203;15381;23199;16197;15964;15467;14008,0.0,,0.0,0.0,0.0,3.4,0.7555555555555555,30,4.5659123278580915E-7,1,5.994049237271194,CIRCLE,10,68,2,0.4898979485566356,0.9464684195131935,0.0,0,cyclicDep,168639,smell
logging-log4j2,4f474b32751f4ccad67424ca585612584440cd63,1,2026-01-22T10:08:42.000,29.629199741569924,5.321561368396307,0.0,UNIT,CONCRETE_CLASS,"[org.apache.log4j.bridge.LogEventAdapter, org.apache.log4j.Priority, org.apache.log4j.Level, org.apache.log4j.bridge.FilterAdapter, org.apache.log4j.PropertyConfigurator, org.apache.log4j.helpers.OptionConverter]",13849;15589;28662;16203;15381;14006,0.0,,0.0,0.0,0.0,3.5,0.6666666666666666,12,3.4425602787412273E-7,1,5.321561368396307,CIRCLE,6,31,1,0.5,0.8692269873603532,0.0,0,cyclicDep,168653,smell
logging-log4j2,4f474b32751f4ccad67424ca585612584440cd63,1,2026-01-22T10:08:42.000,5.898308218994498,2.6378036259834827,0.0,UNIT,CONCRETE_CLASS,"[org.apache.log4j.bridge.LogEventAdapter, org.apache.log4j.bridge.FilterAdapter, org.apache.log4j.PropertyConfigurator, org.apache.log4j.helpers.OptionConverter]",13849;15589;28662;14009,0.0,,0.0,0.0,0.0,3.75,1.0,5,2.391797282668381E-7,1,2.6378036259834827,CIRCLE,4,5,1,0.4330127018922193,0.816496580927726,0.0,0,cyclicDep,168663,smell
logging-log4j2,4f474b32751f4ccad67424ca585612584440cd63,1,2026-01-22T10:08:42.000,27.81664952452272,4.842257145770092,0.0,UNIT,CONCRETE_CLASS,"[org.apache.log4j.bridge.LogEventAdapter, org.apache.log4j.Priority, org.apache.log4j.Level, org.apache.log4j.bridge.FilterAdapter, org.apache.log4j.spi.LoggingEvent, org.apache.log4j.PropertyConfigurator, org.apache.log4j.helpers.OptionConverter]",13849;15589;28662;16203;15381;23199;14011,0.0,,0.0,0.0,0.0,3.5714285714285716,1.0476190476190477,17,4.549543535164993E-7,1,4.842257145770092,CIRCLE,7,33,1,0.4948716593053935,0.9499970163457144,0.0,0,cyclicDep,168671,smell
logging-log4j2,4f474b32751f4ccad67424ca585612584440cd63,1,2026-01-22T10:08:42.000,49.95597496329946,8.444100957868757,0.0,UNIT,ABSTRACTION,"[org.apache.log4j.spi.ThrowableInformation, org.apache.log4j.bridge.LogEventAdapter, org.apache.log4j.Priority, org.apache.log4j.Appender, org.apache.log4j.Level, org.apache.log4j.bridge.FilterAdapter, org.apache.log4j.spi.LoggingEvent, org.apache.log4j.PropertyConfigurator, org.apache.log4j.Layout, org.apache.log4j.helpers.OptionConverter, org.apache.log4j.Category]",14016;13849;15589;28662;16203;15381;23199;16197;15964;15467;23128,0.0,,0.0,0.0,0.0,3.4545454545454546,0.9818181818181818,33,4.3714974392130025E-7,1,5.97088104833282,CIRCLE,11,70,2,0.49792959773196915,0.9814814237284202,0.0,0,cyclicDep,168682,smell
logging-log4j2,4f474b32751f4ccad67424ca585612584440cd63,1,2026-01-22T10:08:42.000,29.954746841838592,5.295301155147596,0.0,UNIT,CONCRETE_CLASS,"[org.apache.log4j.Priority, org.apache.log4j.Level, org.apache.log4j.bridge.FilterAdapter, org.apache.log4j.spi.LoggingEvent, org.apache.log4j.PropertyConfigurator, org.apache.log4j.helpers.OptionConverter]",15589;28662;16203;15381;23199;13841,0.0,,0.0,0.0,0.0,3.5,1.1333333333333333,12,4.889054124240152E-7,1,5.295301155147596,CIRCLE,6,32,1,0.5,0.9568466729604882,0.0,0,cyclicDep,168697,smell
logging-log4j2,4f474b32751f4ccad67424ca585612584440cd63,1,2026-01-22T10:08:42.000,26.960546771877734,4.842257145770092,0.0,UNIT,CONCRETE_CLASS,"[org.apache.log4j.Priority, org.apache.log4j.config.Log4j1Configuration, org.apache.log4j.Level, org.apache.log4j.PropertyConfigurator, org.apache.log4j.helpers.OptionConverter]",15587;28662;16203;15381;47398,0.0,,0.0,0.0,0.0,3.4,1.4,10,3.626156049549994E-7,1,4.842257145770092,CIRCLE,5,31,1,0.4898979485566356,0.9165151389911681,0.0,0,cyclicDep,168707,smell
logging-log4j2,4f474b32751f4ccad67424ca585612584440cd63,1,2026-01-22T10:08:42.000,44.53872219864041,5.702599026511931,0.0,UNIT,ABSTRACTION,"[org.apache.log4j.Priority, org.apache.log4j.Appender, org.apache.log4j.config.Log4j1Configuration, org.apache.log4j.builders.BuilderManager, org.apache.log4j.Level, org.apache.log4j.spi.LoggingEvent, org.apache.log4j.PropertyConfigurator, org.apache.log4j.Layout, org.apache.log4j.helpers.OptionConverter]",47406;15587;28662;16203;15381;23199;16197;15964;36807,0.0,,0.0,0.0,0.0,3.4444444444444446,1.4444444444444444,20,4.1976972888026594E-7,1,5.702599026511931,CIRCLE,9,61,1,0.4969039949999533,0.8958064164776166,0.0,0,cyclicDep,168716,smell
logging-log4j2,4f474b32751f4ccad67424ca585612584440cd63,1,2026-01-22T10:08:42.000,35.20989923439434,5.638096160066716,0.0,UNIT,ABSTRACTION,"[org.apache.log4j.Priority, org.apache.log4j.config.Log4j1Configuration, org.apache.log4j.builders.BuilderManager, org.apache.log4j.Level, org.apache.log4j.spi.LoggingEvent, org.apache.log4j.PropertyConfigurator, org.apache.log4j.Layout, org.apache.log4j.helpers.OptionConverter]",47406;15587;28662;16203;15381;23199;16197;36827,0.0,,0.0,0.0,0.0,3.5,1.5714285714285714,16,4.2052735454081445E-7,1,5.638096160066716,CIRCLE,8,39,1,0.5,0.8206518066482897,0.0,0,cyclicDep,168729,smell
logging-log4j2,4f474b32751f4ccad67424ca585612584440cd63,1,2026-01-22T10:08:42.000,35.8004569300787,5.807601000328024,0.0,UNIT,ABSTRACTION,"[org.apache.log4j.bridge.AppenderWrapper, org.apache.log4j.Appender, org.apache.log4j.Priority, org.apache.log4j.config.Log4j1Configuration, org.apache.log4j.builders.BuilderManager, org.apache.log4j.Level, org.apache.log4j.spi.LoggingEvent, org.apache.log4j.PropertyConfigurator, org.apache.log4j.Layout, org.apache.log4j.helpers.OptionConverter]",36808;47406;15587;28662;16203;15381;23199;16197;15964;14076,0.0,,0.0,0.0,0.0,3.5,1.3111111111111111,24,3.858770353374735E-7,1,5.807601000328024,CIRCLE,10,38,1,0.5,0.9386094258641279,0.0,0,cyclicDep,168741,smell
logging-log4j2,4f474b32751f4ccad67424ca585612584440cd63,1,2026-01-22T10:08:42.000,31.76610709934531,5.153143037447801,0.0,UNIT,ABSTRACTION,"[org.apache.log4j.bridge.AppenderWrapper, org.apache.log4j.Priority, org.apache.log4j.config.Log4j1Configuration, org.apache.log4j.builders.BuilderManager, org.apache.log4j.Level, org.apache.log4j.spi.LoggingEvent, org.apache.log4j.PropertyConfigurator, org.apache.log4j.Layout, org.apache.log4j.helpers.OptionConverter]",36808;47406;15587;28662;16203;15381;23199;16197;14073,0.0,,0.0,0.0,0.0,3.5555555555555554,1.4166666666666667,19,3.8278462553098414E-7,1,5.153143037447801,CIRCLE,9,38,1,0.4969039949999533,0.8936504412303007,0.0,0,cyclicDep,168755,smell
logging-log4j2,4f474b32751f4ccad67424ca585612584440cd63,1,2026-01-22T10:08:42.000,39.60204450112123,5.600574843118849,0.0,UNIT,ABSTRACTION,"[org.apache.log4j.bridge.AppenderWrapper, org.apache.log4j.Priority, org.apache.log4j.Appender, org.apache.log4j.config.Log4j1Configuration, org.apache.log4j.builders.BuilderManager, org.apache.log4j.Level, org.apache.log4j.spi.LoggingEvent, org.apache.log4j.PropertyConfigurator, org.apache.log4j.Layout, org.apache.log4j.bridge.AppenderAdapter, org.apache.log4j.helpers.OptionConverter]",14063;36808;47406;15587;28662;16203;15381;23199;16197;15964;13985,0.0,,0.0,0.0,0.0,3.5454545454545454,1.2363636363636363,27,3.586532487888193E-7,1,5.600574843118849,CIRCLE,11,50,1,0.49792959773196915,0.952768909569011,0.0,0,cyclicDep,168768,smell
logging-log4j2,4f474b32751f4ccad67424ca585612584440cd63,1,2026-01-22T10:08:42.000,9.728426237363475,4.864213118681738,0.0,UNIT,CONCRETE_CLASS,"[org.apache.log4j.bridge.AppenderWrapper, org.apache.log4j.bridge.AppenderAdapter]",14063;13992,0.0,,0.0,0.0,0.0,4.0,2.0,2,8.36290883773095E-8,1,4.864213118681738,TINY,2,4,1,0.0,0.0,0.0,0,cyclicDep,168783,smell
logging-log4j2,4f474b32751f4ccad67424ca585612584440cd63,1,2026-01-22T10:08:42.000,37.01759430278098,7.803994099790704,0.0,UNIT,ABSTRACTION,"[org.apache.log4j.bridge.AppenderWrapper, org.apache.log4j.Appender, org.apache.log4j.Priority, org.apache.log4j.config.Log4j1Configuration, org.apache.log4j.builders.BuilderManager, org.apache.log4j.Level, org.apache.log4j.spi.LoggingEvent, org.apache.log4j.spi.ErrorHandler, org.apache.log4j.PropertyConfigurator, org.apache.log4j.Layout, org.apache.log4j.helpers.OptionConverter, org.apache.log4j.bridge.ErrorHandlerAdapter]",13914;14062;36808;47406;15587;28662;16203;15381;23199;16197;15964;23162,0.0,,0.0,0.0,0.0,3.5833333333333335,1.3636363636363635,31,3.430499607978392E-7,1,5.518257148301813,CIRCLE,12,45,2,0.4930066485916347,0.9151314466994849,0.0,0,cyclicDep,168789,smell
logging-log4j2,4f474b32751f4ccad67424ca585612584440cd63,1,2026-01-22T10:08:42.000,50.00437945022074,9.870139864405251,0.0,UNIT,ABSTRACTION,"[org.apache.log4j.bridge.AppenderWrapper, org.apache.log4j.config.Log4j1Configuration, org.apache.log4j.builders.BuilderManager, org.apache.log4j.spi.LoggingEvent, org.apache.log4j.spi.ErrorHandler, org.apache.log4j.PropertyConfigurator, org.apache.log4j.Logger, org.apache.log4j.Appender, org.apache.log4j.Priority, org.apache.log4j.Level, org.apache.log4j.Layout, org.apache.log4j.helpers.OptionConverter, org.apache.log4j.bridge.ErrorHandlerAdapter, org.apache.log4j.Category]",13914;14062;36808;47406;15587;28662;16203;15381;23199;16197;15964;15467;16104;23160,0.0,,0.0,0.0,0.0,3.5,1.2087912087912087,43,4.2365424696156293E-7,1,5.698527907653629,CIRCLE,14,77,3,0.5,0.966658269065901,0.0,0,cyclicDep,168805,smell
logging-log4j2,4f474b32751f4ccad67424ca585612584440cd63,1,2026-01-22T10:08:42.000,35.334015847076905,7.80397858469103,0.0,UNIT,ABSTRACTION,"[org.apache.log4j.bridge.AppenderWrapper, org.apache.log4j.Priority, org.apache.log4j.config.Log4j1Configuration, org.apache.log4j.builders.BuilderManager, org.apache.log4j.Level, org.apache.log4j.spi.LoggingEvent, org.apache.log4j.spi.ErrorHandler, org.apache.log4j.PropertyConfigurator, org.apache.log4j.helpers.OptionConverter, org.apache.log4j.bridge.ErrorHandlerAdapter]",13914;14062;36808;47406;15587;28662;16203;15381;23199;23161,0.0,,0.0,0.0,0.0,3.7,1.5555555555555556,20,3.369013013068225E-7,1,5.5182461774696225,CIRCLE,10,41,2,0.45825756949558405,0.8043093809268381,0.0,0,cyclicDep,168823,smell
logging-log4j2,4f474b32751f4ccad67424ca585612584440cd63,1,2026-01-22T10:08:42.000,34.461504845792476,5.518257148301813,0.0,UNIT,ABSTRACTION,"[org.apache.log4j.bridge.LayoutWrapper, org.apache.log4j.bridge.AppenderWrapper, org.apache.log4j.Priority, org.apache.log4j.config.Log4j1Configuration, org.apache.log4j.builders.BuilderManager, org.apache.log4j.Level, org.apache.log4j.spi.LoggingEvent, org.apache.log4j.PropertyConfigurator, org.apache.log4j.Layout, org.apache.log4j.helpers.OptionConverter]",14072;36808;47406;15587;28662;16203;15381;23199;16197;14026,0.0,,0.0,0.0,0.0,3.6,1.3333333333333333,23,3.5079677898757213E-7,1,5.518257148301813,CIRCLE,10,39,1,0.4898979485566356,0.9189365834726815,0.0,0,cyclicDep,168837,smell
logging-log4j2,4f474b32751f4ccad67424ca585612584440cd63,1,2026-01-22T10:08:42.000,37.831189792715094,5.5182461774696225,0.0,UNIT,ABSTRACTION,"[org.apache.log4j.bridge.LayoutWrapper, org.apache.log4j.bridge.AppenderWrapper, org.apache.log4j.Priority, org.apache.log4j.config.Log4j1Configuration, org.apache.log4j.builders.BuilderManager, org.apache.log4j.Level, org.apache.log4j.spi.LoggingEvent, org.apache.log4j.PropertyConfigurator, org.apache.log4j.Layout, org.apache.log4j.bridge.LayoutAdapter, org.apache.log4j.helpers.OptionConverter]",14023;14072;36808;47406;15587;28662;16203;15381;23199;16197;13937,0.0,,0.0,0.0,0.0,3.6363636363636362,1.290909090909091,26,3.2449133985337606E-7,1,5.5182461774696225,CIRCLE,11,47,1,0.48104569292083466,0.927807332521678,0.0,0,cyclicDep,168851,smell
logging-log4j2,4f474b32751f4ccad67424ca585612584440cd63,1,2026-01-22T10:08:42.000,9.728426237363475,4.864213118681738,0.0,UNIT,CONCRETE_CLASS,"[org.apache.log4j.bridge.LayoutWrapper, org.apache.log4j.bridge.LayoutAdapter]",14023;13935,0.0,,0.0,0.0,0.0,4.0,2.0,2,6.217155430413988E-8,1,4.864213118681738,TINY,2,4,1,0.0,0.0,0.0,0,cyclicDep,168866,smell
logging-log4j2,4f474b32751f4ccad67424ca585612584440cd63,1,2026-01-22T10:08:42.000,32.181299441497096,5.153132066615611,0.0,UNIT,CONCRETE_CLASS,"[org.apache.log4j.bridge.LayoutWrapper, org.apache.log4j.bridge.AppenderWrapper, org.apache.log4j.Priority, org.apache.log4j.config.Log4j1Configuration, org.apache.log4j.builders.BuilderManager, org.apache.log4j.Level, org.apache.log4j.spi.LoggingEvent, org.apache.log4j.PropertyConfigurator, org.apache.log4j.helpers.OptionConverter]",14072;36808;47406;15587;28662;16203;15381;23199;14024,0.0,,0.0,0.0,0.0,3.6666666666666665,1.4444444444444444,18,3.526766663295282E-7,1,5.153132066615611,CIRCLE,9,39,1,0.4714045207910317,0.8642416214502248,0.0,0,cyclicDep,168872,smell
logging-log4j2,4f474b32751f4ccad67424ca585612584440cd63,1,2026-01-22T10:08:42.000,30.41813307031323,5.000710272479094,0.0,UNIT,CONCRETE_CLASS,"[org.apache.log4j.bridge.AppenderWrapper, org.apache.log4j.Priority, org.apache.log4j.config.Log4j1Configuration, org.apache.log4j.builders.BuilderManager, org.apache.log4j.Level, org.apache.log4j.spi.LoggingEvent, org.apache.log4j.PropertyConfigurator, org.apache.log4j.helpers.OptionConverter]",36808;47406;15587;28662;16203;15381;23199;14071,0.0,,0.0,0.0,0.0,3.625,1.5357142857142858,15,3.8889797960861125E-7,1,5.000710272479094,CIRCLE,8,37,1,0.4841229182759271,0.8229799015573508,0.0,0,cyclicDep,168885,smell
logging-log4j2,4f474b32751f4ccad67424ca585612584440cd63,1,2026-01-22T10:08:42.000,7.549611846133,2.5165372820443332,0.0,UNIT,CONCRETE_CLASS,"[org.apache.log4j.bridge.RewritePolicyWrapper, org.apache.log4j.config.Log4j1Configuration, org.apache.log4j.builders.BuilderManager, org.apache.log4j.PropertyConfigurator, org.apache.log4j.helpers.OptionConverter, org.apache.log4j.bridge.LogEventWrapper]",14051;36800;47406;15587;28662;13866,0.0,,0.0,0.0,0.0,3.8333333333333335,1.6,7,1.5114796297450663E-7,1,2.5165372820443332,CIRCLE,6,9,1,0.3726779962499649,0.7118052168020874,0.0,0,cyclicDep,168897,smell
logging-log4j2,4f474b32751f4ccad67424ca585612584440cd63,1,2026-01-22T10:08:42.000,33.3961127083864,5.153132066615611,0.0,UNIT,CONCRETE_CLASS,"[org.apache.log4j.bridge.RewritePolicyWrapper, org.apache.log4j.Priority, org.apache.log4j.config.Log4j1Configuration, org.apache.log4j.builders.BuilderManager, org.apache.log4j.Level, org.apache.log4j.spi.LoggingEvent, org.apache.log4j.PropertyConfigurator, org.apache.log4j.helpers.OptionConverter, org.apache.log4j.bridge.LogEventWrapper]",14051;36800;47406;15587;28662;16203;15381;23199;13890,0.0,,0.0,0.0,0.0,3.6666666666666665,1.4444444444444444,18,3.4831659326613136E-7,1,5.153132066615611,CIRCLE,9,42,1,0.4714045207910317,0.8642416214502248,0.0,0,cyclicDep,168907,smell
logging-log4j2,4f474b32751f4ccad67424ca585612584440cd63,1,2026-01-22T10:08:42.000,31.345278648487668,5.153132066615611,0.0,UNIT,ABSTRACTION,"[org.apache.log4j.bridge.RewritePolicyWrapper, org.apache.log4j.Priority, org.apache.log4j.config.Log4j1Configuration, org.apache.log4j.rewrite.RewritePolicy, org.apache.log4j.builders.BuilderManager, org.apache.log4j.Level, org.apache.log4j.spi.LoggingEvent, org.apache.log4j.PropertyConfigurator, org.apache.log4j.helpers.OptionConverter]",14057;36800;47406;15587;28662;16203;15381;23199;42883,0.0,,0.0,0.0,0.0,3.6666666666666665,1.6388888888888888,18,3.48342251998827E-7,1,5.153132066615611,CIRCLE,9,37,1,0.4714045207910317,0.7510281019219874,0.0,0,cyclicDep,168920,smell
logging-log4j2,4f474b32751f4ccad67424ca585612584440cd63,1,2026-01-22T10:08:42.000,31.22942564220225,5.000710272479094,0.0,UNIT,CONCRETE_CLASS,"[org.apache.log4j.bridge.RewritePolicyWrapper, org.apache.log4j.Priority, org.apache.log4j.config.Log4j1Configuration, org.apache.log4j.builders.BuilderManager, org.apache.log4j.Level, org.apache.log4j.spi.LoggingEvent, org.apache.log4j.PropertyConfigurator, org.apache.log4j.helpers.OptionConverter]",36800;47406;15587;28662;16203;15381;23199;14053,0.0,,0.0,0.0,0.0,3.625,1.5357142857142858,15,3.832851358142396E-7,1,5.000710272479094,CIRCLE,8,39,1,0.4841229182759271,0.8229799015573508,0.0,0,cyclicDep,168933,smell
logging-log4j2,4f474b32751f4ccad67424ca585612584440cd63,1,2026-01-22T10:08:42.000,7.271678166656134,2.299506541835085,0.0,UNIT,ABSTRACTION,"[org.apache.log4j.config.Log4j1Configuration, org.apache.log4j.builders.BuilderManager, org.apache.log4j.PropertyConfigurator, org.apache.log4j.builders.AbstractBuilder, org.apache.log4j.helpers.OptionConverter]",36798;47406;15587;28662;36779,0.0,,0.0,0.0,0.0,3.8,2.0,6,1.755597687968186E-7,1,2.299506541835085,CIRCLE,5,10,1,0.4,0.0,0.0,0,cyclicDep,168945,smell
logging-log4j2,4f474b32751f4ccad67424ca585612584440cd63,1,2026-01-22T10:08:42.000,47.755744253295525,5.707903179159537,0.0,UNIT,ABSTRACTION,"[org.apache.log4j.Priority, org.apache.log4j.Appender, org.apache.log4j.xml.XmlConfiguration, org.apache.log4j.config.Log4j1Configuration, org.apache.log4j.builders.BuilderManager, org.apache.log4j.Level, org.apache.log4j.spi.LoggingEvent, org.apache.log4j.PropertyConfigurator, org.apache.log4j.Layout, org.apache.log4j.builders.AbstractBuilder, org.apache.log4j.helpers.OptionConverter]",36777;36798;47406;15587;28662;16203;15381;23199;16197;15964;36927,0.0,,0.0,0.0,0.0,3.5454545454545454,1.6363636363636365,30,3.6264939968130526E-7,1,5.707903179159537,CIRCLE,11,70,1,0.49792959773196915,0.7713892158398701,0.0,0,cyclicDep,168954,smell
logging-log4j2,4f474b32751f4ccad67424ca585612584440cd63,1,2026-01-22T10:08:42.000,37.01759430278098,5.518257148301813,0.0,UNIT,ABSTRACTION,"[org.apache.log4j.Priority, org.apache.log4j.xml.XmlConfiguration, org.apache.log4j.config.Log4j1Configuration, org.apache.log4j.builders.BuilderManager, org.apache.log4j.Level, org.apache.log4j.spi.LoggingEvent, org.apache.log4j.PropertyConfigurator, org.apache.log4j.Layout, org.apache.log4j.builders.AbstractBuilder, org.apache.log4j.helpers.OptionConverter]",36777;36798;47406;15587;28662;16203;15381;23199;16197;36937,0.0,,0.0,0.0,0.0,3.6,1.7333333333333334,25,3.57543467289848E-7,1,5.518257148301813,CIRCLE,10,45,1,0.4898979485566356,0.6798692684790381,0.0,0,cyclicDep,168969,smell
logging-log4j2,4f474b32751f4ccad67424ca585612584440cd63,1,2026-01-22T10:08:42.000,31.507836604248446,5.04529170583065,0.0,UNIT,ABSTRACTION,"[org.apache.log4j.Priority, org.apache.log4j.xml.XmlConfiguration, org.apache.log4j.config.Log4j1Configuration, org.apache.log4j.builders.BuilderManager, org.apache.log4j.Level, org.apache.log4j.PropertyConfigurator, org.apache.log4j.builders.AbstractBuilder, org.apache.log4j.helpers.OptionConverter]",36777;36798;47406;15587;28662;16203;15381;36901,0.0,,0.0,0.0,0.0,3.625,1.7857142857142858,19,2.6530157157721924E-7,1,5.04529170583065,CIRCLE,8,39,1,0.4841229182759271,0.6185895741317419,0.0,0,cyclicDep,168983,smell
logging-log4j2,4f474b32751f4ccad67424ca585612584440cd63,1,2026-01-22T10:08:42.000,16.774032795497,4.842246174937902,0.0,UNIT,ABSTRACTION,"[org.apache.log4j.Priority, org.apache.log4j.xml.XmlConfiguration, org.apache.log4j.config.Log4j1Configuration, org.apache.log4j.builders.BuilderManager, org.apache.log4j.PropertyConfigurator, org.apache.log4j.builders.AbstractBuilder, org.apache.log4j.helpers.OptionConverter]",36777;36798;47406;15587;28662;16203;36939,0.0,,0.0,0.0,0.0,3.7142857142857144,1.9047619047619047,13,2.1234172193456917E-7,1,4.842246174937902,CIRCLE,7,12,1,0.45175395145262565,0.4259177099999599,0.0,0,cyclicDep,168995,smell
logging-log4j2,4f474b32751f4ccad67424ca585612584440cd63,1,2026-01-22T10:08:42.000,21.573927147265486,4.1519042153170345,0.0,UNIT,ABSTRACTION,"[org.apache.log4j.xml.XmlConfiguration, org.apache.log4j.config.Log4j1Configuration, org.apache.log4j.builders.BuilderManager, org.apache.log4j.builders.AbstractBuilder]",36777;36798;47406;36911,0.0,,0.0,0.0,0.0,4.0,2.0,5,9.588555676252393E-8,1,4.1519042153170345,CIRCLE,4,27,1,0.0,0.0,0.0,0,cyclicDep,169006,smell
logging-log4j2,4f474b32751f4ccad67424ca585612584440cd63,1,2026-01-22T10:08:42.000,43.944419005661636,9.368981611838162,0.0,UNIT,ABSTRACTION,"[org.apache.log4j.config.PropertySetter, org.apache.log4j.Appender, org.apache.log4j.Priority, org.apache.log4j.xml.XmlConfiguration, org.apache.log4j.config.Log4j1Configuration, org.apache.log4j.builders.BuilderManager, org.apache.log4j.Level, org.apache.log4j.spi.LoggingEvent, org.apache.log4j.PropertyConfigurator, org.apache.log4j.Layout, org.apache.log4j.builders.AbstractBuilder, org.apache.log4j.helpers.OptionConverter]",36909;36777;36798;47406;15587;28662;16203;15381;23199;16197;15964;47363,0.0,,0.0,0.0,0.0,3.5833333333333335,1.696969696969697,36,3.3608960513504843E-7,1,5.409184055627417,CIRCLE,12,66,3,0.4930066485916347,0.7171005797696505,0.0,0,cyclicDep,169014,smell
logging-log4j2,4f474b32751f4ccad67424ca585612584440cd63,1,2026-01-22T10:08:42.000,31.101199211734112,7.135104441414519,0.0,UNIT,ABSTRACTION,"[org.apache.log4j.config.PropertySetter, org.apache.log4j.Priority, org.apache.log4j.xml.XmlConfiguration, org.apache.log4j.config.Log4j1Configuration, org.apache.log4j.builders.BuilderManager, org.apache.log4j.PropertyConfigurator, org.apache.log4j.builders.AbstractBuilder, org.apache.log4j.helpers.OptionConverter]",36909;36777;36798;47406;15587;28662;16203;47362,0.0,,0.0,0.0,0.0,3.75,1.9285714285714286,18,1.9129048983352594E-7,1,5.045280734998459,CIRCLE,8,38,2,0.4330127018922193,0.37115374447904514,0.0,0,cyclicDep,169030,smell
logging-log4j2,4f474b32751f4ccad67424ca585612584440cd63,1,2026-01-22T10:08:42.000,19.447910233546423,4.7877445341589056,0.0,UNIT,ABSTRACTION,"[org.apache.log4j.config.PropertySetter, org.apache.log4j.xml.XmlConfiguration, org.apache.log4j.config.Log4j1Configuration, org.apache.log4j.builders.BuilderManager, org.apache.log4j.builders.AbstractBuilder]",36909;36777;36798;47406;47347,0.0,,0.0,0.0,0.0,4.0,2.0,7,8.549481843526378E-8,1,3.3854466266925898,CIRCLE,5,33,2,0.0,0.0,0.0,0,cyclicDep,169042,smell
logging-log4j2,4f474b32751f4ccad67424ca585612584440cd63,1,2026-01-22T10:08:42.000,29.258240225302753,6.8962333562988665,0.0,UNIT,ABSTRACTION,"[org.apache.log4j.config.PropertySetter, org.apache.log4j.xml.XmlConfiguration, org.apache.log4j.config.Log4j1Configuration, org.apache.log4j.builders.BuilderManager, org.apache.log4j.PropertyConfigurator, org.apache.log4j.builders.AbstractBuilder, org.apache.log4j.helpers.OptionConverter]",36909;36777;36798;47406;15587;28662;47359,0.0,,0.0,0.0,0.0,3.857142857142857,2.0,14,1.5107531193808476E-7,1,4.876373370883792,CIRCLE,7,36,2,0.3499271061118826,0.0,0.0,0,cyclicDep,169051,smell
logging-log4j2,4f474b32751f4ccad67424ca585612584440cd63,1,2026-01-22T10:08:42.000,23.93372012772485,4.990525628638564,0.0,UNIT,ABSTRACTION,"[org.apache.log4j.xml.XmlConfiguration, org.apache.log4j.config.Log4j1Configuration, org.apache.log4j.builders.BuilderManager, org.apache.log4j.PropertyConfigurator, org.apache.log4j.builders.AbstractBuilder, org.apache.log4j.helpers.OptionConverter]",36777;36798;47406;15587;28662;36904,0.0,,0.0,0.0,0.0,3.8333333333333335,2.0,10,1.6893255307339502E-7,1,4.990525628638564,CIRCLE,6,23,1,0.3726779962499649,0.0,0.0,0,cyclicDep,169062,smell
logging-log4j2,4f474b32751f4ccad67424ca585612584440cd63,1,2026-01-22T10:08:42.000,39.01997049895352,5.518257148301813,0.0,UNIT,ABSTRACTION,"[org.apache.log4j.Appender, org.apache.log4j.Priority, org.apache.log4j.xml.XmlConfiguration, org.apache.log4j.config.Log4j1Configuration, org.apache.log4j.builders.BuilderManager, org.apache.log4j.Level, org.apache.log4j.spi.AppenderAttachable, org.apache.log4j.spi.LoggingEvent, org.apache.log4j.PropertyConfigurator, org.apache.log4j.Layout, org.apache.log4j.builders.AbstractBuilder, org.apache.log4j.helpers.OptionConverter]",36915;36777;36798;47406;15587;28662;16203;15381;23199;16197;15964;23166,0.0,,0.0,0.0,0.0,3.5833333333333335,1.696969696969697,32,3.380634229995866E-7,1,5.518257148301813,CIRCLE,12,50,1,0.4930066485916347,0.7171005797696505,0.0,0,cyclicDep,169072,smell
logging-log4j2,4f474b32751f4ccad67424ca585612584440cd63,1,2026-01-22T10:08:42.000,11.727531127488463,3.3854466266925898,0.0,UNIT,ABSTRACTION,"[org.apache.log4j.xml.XmlConfiguration, org.apache.log4j.config.Log4j1Configuration, org.apache.log4j.builders.BuilderManager, org.apache.log4j.builders.AbstractBuilder, org.apache.log4j.xml.XmlConfigurationFactory]",36912;36777;36798;47406;36885,0.0,,0.0,0.0,0.0,4.0,2.0,8,8.566342857167409E-8,1,3.3854466266925898,CIRCLE,5,12,1,0.0,0.0,0.0,0,cyclicDep,169088,smell
logging-log4j2,4f474b32751f4ccad67424ca585612584440cd63,1,2026-01-22T10:08:42.000,9.728426237363475,4.864213118681738,0.0,UNIT,CONCRETE_CLASS,"[org.apache.log4j.xml.XmlConfiguration, org.apache.log4j.xml.XmlConfigurationFactory]",36912;36887,0.0,,0.0,0.0,0.0,4.0,2.0,2,9.028569513227592E-8,1,4.864213118681738,TINY,2,4,1,0.0,0.0,0.0,0,cyclicDep,169097,smell
logging-log4j2,4f474b32751f4ccad67424ca585612584440cd63,1,2026-01-22T10:08:42.000,33.89218743839626,19.194912002289875,0.0,UNIT,ABSTRACTION,"[org.apache.logging.log4j.core.appender.rolling.RollingFileManager, org.apache.logging.log4j.core.appender.rolling.AbstractRolloverStrategy, org.apache.logging.log4j.core.appender.rolling.DirectWriteRolloverStrategy]",12191;11817;11732,0.0,,0.0,0.0,0.0,7.0,4.0,4,1.1882337170964676E-7,1,4.655449979992785,CIRCLE,3,53,17,0.0,0.0,0.0,0,cyclicDep,169109,smell
logging-log4j2,4f474b32751f4ccad67424ca585612584440cd63,1,2026-01-22T10:08:42.000,27.775774359605602,15.861084876498051,0.0,UNIT,ABSTRACTION,"[org.apache.logging.log4j.core.appender.rolling.RollingFileManager, org.apache.logging.log4j.core.appender.rolling.AbstractRolloverStrategy, org.apache.logging.log4j.core.appender.rolling.RolloverStrategy, org.apache.logging.log4j.core.appender.rolling.DirectWriteRolloverStrategy]",11745;12191;11817;12152,0.0,,0.0,0.0,0.0,7.0,4.0,7,1.0406617117681355E-7,1,4.095314505297285,CIRCLE,4,46,15,0.0,0.0,0.0,0,cyclicDep,169116,smell
logging-log4j2,4f474b32751f4ccad67424ca585612584440cd63,1,2026-01-22T10:08:42.000,42.71403618658549,5.707903179159537,0.0,UNIT,ABSTRACTION,"[org.apache.log4j.Priority, org.apache.log4j.Appender, org.apache.log4j.builders.Parser, org.apache.log4j.config.Log4j1Configuration, org.apache.log4j.config.PropertiesConfiguration, org.apache.log4j.builders.BuilderManager, org.apache.log4j.Level, org.apache.log4j.spi.LoggingEvent, org.apache.log4j.PropertyConfigurator, org.apache.log4j.Layout, org.apache.log4j.helpers.OptionConverter]",36742;36813;47406;15587;28662;16203;15381;23199;16197;15964;47525,0.0,,0.0,0.0,0.0,3.5454545454545454,1.6363636363636365,29,3.660123172912797E-7,1,5.707903179159537,CIRCLE,11,56,1,0.49792959773196915,0.7713892158398701,0.0,0,cyclicDep,169154,smell
logging-log4j2,4f474b32751f4ccad67424ca585612584440cd63,1,2026-01-22T10:08:42.000,36.60397691522737,5.518257148301813,0.0,UNIT,ABSTRACTION,"[org.apache.log4j.Priority, org.apache.log4j.builders.Parser, org.apache.log4j.config.Log4j1Configuration, org.apache.log4j.config.PropertiesConfiguration, org.apache.log4j.builders.BuilderManager, org.apache.log4j.Level, org.apache.log4j.spi.LoggingEvent, org.apache.log4j.PropertyConfigurator, org.apache.log4j.Layout, org.apache.log4j.helpers.OptionConverter]",36742;36813;47406;15587;28662;16203;15381;23199;16197;47533,0.0,,0.0,0.0,0.0,3.6,1.7333333333333334,24,3.6124267666081994E-7,1,5.518257148301813,CIRCLE,10,44,1,0.4898979485566356,0.6798692684790381,0.0,0,cyclicDep,169169,smell
logging-log4j2,4f474b32751f4ccad67424ca585612584440cd63,1,2026-01-22T10:08:42.000,10.882733886883104,4.113286778455431,0.0,UNIT,ABSTRACTION,"[org.apache.log4j.builders.Parser, org.apache.log4j.config.PropertiesConfiguration, org.apache.log4j.builders.BuilderManager]",36742;36813;47529,0.0,,0.0,0.0,0.0,4.0,2.0,4,1.1544221385082529E-7,1,4.113286778455431,CIRCLE,3,7,1,0.0,0.0,0.0,0,cyclicDep,169183,smell
logging-log4j2,4f474b32751f4ccad67424ca585612584440cd63,1,2026-01-22T10:08:42.000,13.95855403174455,3.3854466266925898,0.0,UNIT,ABSTRACTION,"[org.apache.log4j.builders.Parser, org.apache.log4j.config.Log4j1Configuration, org.apache.log4j.config.PropertiesConfiguration, org.apache.log4j.builders.BuilderManager]",36742;36813;47406;47519,0.0,,0.0,0.0,0.0,4.0,2.0,6,1.0513358018995372E-7,1,3.3854466266925898,CIRCLE,4,17,1,0.0,0.0,0.0,0,cyclicDep,169190,smell
logging-log4j2,4f474b32751f4ccad67424ca585612584440cd63,1,2026-01-22T10:08:42.000,16.14893222311927,4.869086268087865,0.0,UNIT,ABSTRACTION,"[org.apache.log4j.builders.Parser, org.apache.log4j.config.Log4j1Configuration, org.apache.log4j.config.PropertiesConfiguration, org.apache.log4j.builders.BuilderManager, org.apache.log4j.config.PropertiesConfigurationFactory]",47514;36742;36813;47406;47333,0.0,,0.0,0.0,0.0,4.0,2.0,9,9.274555393337852E-8,1,4.869086268087865,CIRCLE,5,11,1,0.0,0.0,0.0,0,cyclicDep,169198,smell
logging-log4j2,4f474b32751f4ccad67424ca585612584440cd63,1,2026-01-22T10:08:42.000,8.42506426039983,4.864213118681738,0.0,UNIT,CONCRETE_CLASS,"[org.apache.log4j.config.PropertiesConfiguration, org.apache.log4j.config.PropertiesConfigurationFactory]",47514;47337,0.0,,0.0,0.0,0.0,4.0,2.0,2,9.154925240046066E-8,1,4.864213118681738,TINY,2,3,1,0.0,0.0,0.0,0,cyclicDep,169207,smell
logging-log4j2,4f474b32751f4ccad67424ca585612584440cd63,1,2026-01-22T10:08:42.000,25.446787563512938,4.990525628638564,0.0,UNIT,ABSTRACTION,"[org.apache.log4j.builders.Parser, org.apache.log4j.config.Log4j1Configuration, org.apache.log4j.config.PropertiesConfiguration, org.apache.log4j.builders.BuilderManager, org.apache.log4j.PropertyConfigurator, org.apache.log4j.helpers.OptionConverter]",36742;36813;47406;15587;28662;47511,0.0,,0.0,0.0,0.0,3.8333333333333335,2.0,11,1.7509790202501488E-7,1,4.990525628638564,CIRCLE,6,26,1,0.3726779962499649,0.0,0.0,0,cyclicDep,169213,smell
logging-log4j2,4f474b32751f4ccad67424ca585612584440cd63,1,2026-01-22T10:08:42.000,38.92996215680198,5.678518599015278,0.0,UNIT,ABSTRACTION,"[org.apache.log4j.Appender, org.apache.log4j.Priority, org.apache.log4j.config.Log4j1Configuration, org.apache.log4j.builders.appender.AppenderBuilder, org.apache.log4j.builders.BuilderManager, org.apache.log4j.Level, org.apache.log4j.spi.LoggingEvent, org.apache.log4j.PropertyConfigurator, org.apache.log4j.Layout, org.apache.log4j.helpers.OptionConverter]",36816;47406;15587;28662;16203;15381;23199;16197;15964;22709,0.0,,0.0,0.0,0.0,3.6,1.6222222222222222,22,3.829142816418254E-7,1,5.678518599015278,CIRCLE,10,47,1,0.66332495807108,1.1012899282990103,0.0,0,cyclicDep,169223,smell
logging-log4j2,4f474b32751f4ccad67424ca585612584440cd63,1,2026-01-22T10:08:42.000,35.56758281516347,5.623728628129009,0.0,UNIT,ABSTRACTION,"[org.apache.log4j.Priority, org.apache.log4j.config.Log4j1Configuration, org.apache.log4j.builders.layout.LayoutBuilder, org.apache.log4j.builders.BuilderManager, org.apache.log4j.Level, org.apache.log4j.spi.LoggingEvent, org.apache.log4j.PropertyConfigurator, org.apache.log4j.Layout, org.apache.log4j.helpers.OptionConverter]",36825;47406;15587;28662;16203;15381;23199;16197;38069,0.0,,0.0,0.0,0.0,3.6666666666666665,1.8888888888888888,18,3.7927923683138965E-7,1,5.623728628129009,CIRCLE,9,40,1,0.6666666666666666,1.048220125784067,0.0,0,cyclicDep,169237,smell
logging-log4j2,4f474b32751f4ccad67424ca585612584440cd63,1,2026-01-22T10:08:42.000,21.456987203301964,4.797928197892629,0.0,UNIT,CONCRETE_CLASS,"[org.apache.log4j.PropertyConfigurator, org.apache.log4j.helpers.OptionConverter]",28662;15567,0.0,,0.0,0.0,0.0,3.5,2.0,2,3.1502654569513717E-7,1,4.797928197892629,TINY,2,20,1,0.5,0.0,0.0,0,cyclicDep,169250,smell
logging-log4j2,4f474b32751f4ccad67424ca585612584440cd63,1,2026-01-22T10:08:42.000,10.899316645336125,2.643472575045505,0.0,UNIT,CONCRETE_CLASS,"[org.apache.log4j.Logger, org.apache.log4j.Category]",16104;15474,0.0,,0.0,0.0,0.0,3.0,0.0,2,9.072799639439052E-7,1,2.643472575045505,TINY,2,17,1,0.0,0.0,0.0,0,cyclicDep,169256,smell
logging-log4j2,4f474b32751f4ccad67424ca585612584440cd63,1,2026-01-22T10:08:42.000,23.761375117664347,23.761375117664347,0.0,UNIT,IMPLEMENTATION,"[org.apache.logging.log4j.core.test.junit.LoggerContextSource, org.apache.logging.log4j.core.test.junit.LoggerContextResolver]",21947;21923,0.0,,0.0,0.0,0.0,7.0,4.0,2,4.5612820689471105E-7,1,5.065942196680416,TINY,2,22,22,0.0,0.0,0.0,0,cyclicDep,169262,smell
logging-log4j2,4f474b32751f4ccad67424ca585612584440cd63,1,2026-01-22T10:08:42.000,13.792699408991838,13.792699408991838,0.0,UNIT,IMPLEMENTATION,"[org.apache.logging.log4j.test.junit.DirectoryCleaner, org.apache.logging.log4j.test.junit.CleanUpDirectories]",21548;21581,0.0,,0.0,0.0,0.0,6.0,0.0,2,1.0429657609598728E-7,1,5.21315036349428,TINY,2,7,7,0.0,0.0,0.0,0,cyclicDep,169268,smell
logging-log4j2,4f474b32751f4ccad67424ca585612584440cd63,1,2026-01-22T10:08:42.000,17.36050384321253,17.36050384321253,0.0,UNIT,IMPLEMENTATION,"[org.apache.logging.log4j.test.junit.TempLoggingDirectory, org.apache.logging.log4j.test.junit.TempLoggingDir]",21449;21361,0.0,,0.0,0.0,0.0,6.0,0.0,2,1.973585497595779E-7,1,3.8819266717069567,TINY,2,20,20,0.0,0.0,0.0,0,cyclicDep,169274,smell
logging-log4j2,4f474b32751f4ccad67424ca585612584440cd63,1,2026-01-22T10:08:42.000,12.87489423372512,12.87489423372512,0.0,UNIT,IMPLEMENTATION,"[org.apache.logging.log4j.test.junit.SetTestProperty, org.apache.logging.log4j.test.junit.TestPropertyResolver]",21528;21471,0.0,,0.0,0.0,0.0,6.0,0.0,2,1.9074829334487504E-7,1,3.8819266717069567,TINY,2,11,11,0.0,0.0,0.0,0,cyclicDep,169280,smell
logging-log4j2,4f474b32751f4ccad67424ca585612584440cd63,1,2026-01-22T10:08:42.000,10.42630072698856,10.42630072698856,0.0,UNIT,IMPLEMENTATION,"[org.apache.logging.log4j.core.config.plugins.validation.constraints.ValidHost, org.apache.logging.log4j.core.config.plugins.validation.validators.ValidHostValidator]",8905;24567,0.0,,0.0,0.0,0.0,9.0,1.0,2,5.0673954576868374E-8,1,5.21315036349428,TINY,2,4,4,0.0,0.0,0.0,0,cyclicDep,169286,smell
logging-log4j2,4f474b32751f4ccad67424ca585612584440cd63,1,2026-01-22T10:08:42.000,10.42630072698856,10.42630072698856,0.0,UNIT,IMPLEMENTATION,"[org.apache.logging.log4j.core.config.plugins.validation.constraints.ValidPort, org.apache.logging.log4j.core.config.plugins.validation.validators.ValidPortValidator]",8931;24710,0.0,,0.0,0.0,0.0,9.0,1.0,2,4.9825197674685815E-8,1,5.21315036349428,TINY,2,4,4,0.0,0.0,0.0,0,cyclicDep,169292,smell
logging-log4j2,4f474b32751f4ccad67424ca585612584440cd63,1,2026-01-22T10:08:42.000,29.985023462227097,29.985023462227097,0.0,UNIT,ABSTRACTION,"[org.apache.log4j.config.AbstractLog4j1ConfigurationTest, org.apache.log4j.config.PropertiesConfigurationTest]",47674;47818,0.0,,0.0,0.0,0.0,4.0,2.0,2,3.412119371620415E-8,1,4.864213118681738,TINY,2,38,38,0.0,0.0,0.0,0,cyclicDep,169298,smell
logging-log4j2,4f474b32751f4ccad67424ca585612584440cd63,1,2026-01-22T10:08:42.000,11.914840140922289,11.914840140922289,0.0,UNIT,CONCRETE_CLASS,"[org.apache.log4j.xml.DOMConfigurator, org.apache.log4j.xml.XMLWatchdog]",37007;36872,0.0,,0.0,0.0,0.0,4.0,2.0,2,3.816430233691793E-8,1,4.864213118681738,TINY,2,6,6,0.0,0.0,0.0,0,cyclicDep,169316,smell
logging-log4j2,4f474b32751f4ccad67424ca585612584440cd63,1,2026-01-22T10:08:42.000,10.42630072698856,10.42630072698856,0.0,UNIT,IMPLEMENTATION,"[org.apache.logging.log4j.test.junit.StatusLoggerLevel, org.apache.logging.log4j.test.junit.StatusLoggerLevelExtension]",21519;21558,0.0,,0.0,0.0,0.0,6.0,0.0,2,7.13377718262362E-8,1,5.21315036349428,TINY,2,4,4,0.0,0.0,0.0,0,cyclicDep,169322,smell
logging-log4j2,4f474b32751f4ccad67424ca585612584440cd63,1,2026-01-22T10:08:42.000,13.792699408991838,13.792699408991838,0.0,UNIT,IMPLEMENTATION,"[org.apache.logging.log4j.test.junit.CleanUpFiles, org.apache.logging.log4j.test.junit.FileCleaner]",21297;21478,0.0,,0.0,0.0,0.0,6.0,0.0,2,7.270027944375036E-8,1,5.21315036349428,TINY,2,7,7,0.0,0.0,0.0,0,cyclicDep,169328,smell
logging-log4j2,4f474b32751f4ccad67424ca585612584440cd63,1,2026-01-22T10:08:42.000,76.90512814633173,76.90512814633173,0.0,UNIT,IMPLEMENTATION,"[org.apache.logging.log4j.core.config.plugins.PluginAttribute, org.apache.logging.log4j.core.config.plugins.visitors.PluginAttributeVisitor]",39465;15225,0.0,,0.0,0.0,0.0,7.5,6.0,2,4.544427869386656E-8,1,6.9913752860301575,TINY,2,121,121,0.5,0.0,0.0,0,cyclicDep,169334,smell
logging-log4j2,4f474b32751f4ccad67424ca585612584440cd63,1,2026-01-22T10:08:42.000,8.89885741666589,8.89885741666589,0.0,UNIT,CONCRETE_CLASS,"[org.apache.logging.log4j.core.async.AsyncLoggerClassLoadDeadlockTest, org.apache.logging.log4j.core.async.AsyncLoggerClassLoadDeadlock]",20153;19527,0.0,,0.0,0.0,0.0,6.0,2.0,2,4.16832646376207E-8,1,5.1377577249921496,TINY,2,3,3,0.0,0.0,0.0,0,cyclicDep,169352,smell
logging-log4j2,4f474b32751f4ccad67424ca585612584440cd63,1,2026-01-22T10:08:42.000,12.584884848273306,12.584884848273306,0.0,UNIT,CONCRETE_CLASS,"[org.apache.logging.log4j.core.lookup.MainMapLookup, org.apache.logging.log4j.core.lookup.MapLookup]",4821;5032,0.0,,0.0,0.0,0.0,6.0,2.0,2,6.761121689279806E-8,1,5.1377577249921496,TINY,2,6,6,0.0,0.0,0.0,0,cyclicDep,169358,smell
logging-log4j2,4f474b32751f4ccad67424ca585612584440cd63,1,2026-01-22T10:08:42.000,10.42630072698856,10.42630072698856,0.0,UNIT,IMPLEMENTATION,"[org.apache.logging.log4j.core.config.plugins.validation.validators.NotBlankValidator, org.apache.logging.log4j.core.config.plugins.validation.constraints.NotBlank]",8949;24758,0.0,,0.0,0.0,0.0,9.0,1.0,2,4.3901986316860984E-8,1,5.21315036349428,TINY,2,4,4,0.0,0.0,0.0,0,cyclicDep,169364,smell
logging-log4j2,4f474b32751f4ccad67424ca585612584440cd63,1,2026-01-22T10:08:42.000,6.919620621243741,6.919620621243741,0.0,UNIT,ABSTRACTION,"[org.apache.logging.log4j.core.pattern.NameAbbreviator, org.apache.logging.log4j.core.pattern.DynamicWordAbbreviator]",44383;44390,0.0,,0.0,0.0,0.0,6.0,2.0,2,1.307089216454607E-7,1,4.89291066451972,TINY,2,2,2,0.0,0.0,0.0,0,cyclicDep,169370,smell
logging-log4j2,4f474b32751f4ccad67424ca585612584440cd63,1,2026-01-22T10:08:42.000,12.584884848273306,12.584884848273306,0.0,UNIT,CONCRETE_CLASS,"[org.apache.logging.log4j.jul.DefaultLevelConverter, org.apache.logging.log4j.jul.LevelTranslator]",41621;41502,0.0,,0.0,0.0,0.0,5.0,2.0,2,9.639215914481881E-8,1,5.1377577249921496,TINY,2,6,6,0.0,0.0,0.0,0,cyclicDep,169376,smell
logging-log4j2,4f474b32751f4ccad67424ca585612584440cd63,1,2026-01-22T10:08:42.000,8.89885741666589,8.89885741666589,0.0,UNIT,CONCRETE_CLASS,"[org.apache.logging.log4j.jul.WrappedLogger, org.apache.logging.log4j.jul.ApiLogger]",41599;41582,0.0,,0.0,0.0,0.0,5.0,2.0,2,4.724684834959853E-8,1,5.1377577249921496,TINY,2,3,3,0.0,0.0,0.0,0,cyclicDep,169382,smell
logging-log4j2,4f474b32751f4ccad67424ca585612584440cd63,1,2026-01-22T10:08:42.000,21.183517778975727,21.183517778975727,0.0,UNIT,CONCRETE_CLASS,"[org.apache.logging.log4j.layout.template.json.resolver.StackTraceElementResolverContext, org.apache.logging.log4j.layout.template.json.resolver.StackTraceElementResolverFactory]",18100;17566,0.0,,0.0,0.0,0.0,8.0,2.0,2,4.168079710466389E-8,1,5.1377577249921496,TINY,2,17,17,0.0,0.0,0.0,0,cyclicDep,169406,smell
logging-log4j2,4f474b32751f4ccad67424ca585612584440cd63,1,2026-01-22T10:08:42.000,14.818817271551604,14.818817271551604,0.0,UNIT,CONCRETE_CLASS,"[org.apache.logging.slf4j.SLF4JLogBuilder, org.apache.logging.slf4j.SLF4JLogger]",38285;38260,0.0,,0.0,0.0,0.0,4.0,0.0,2,5.618330701344899E-8,1,4.939605757183868,TINY,2,9,9,0.0,0.0,0.0,0,cyclicDep,169412,smell
logging-log4j2,4f474b32751f4ccad67424ca585612584440cd63,1,2026-01-22T10:08:42.000,9.029441297068253,9.029441297068253,0.0,UNIT,IMPLEMENTATION,"[org.apache.logging.log4j.test.junit.ThreadContextInitializer, org.apache.logging.log4j.test.junit.InitializesThreadContext]",21574;21506,0.0,,0.0,0.0,0.0,6.0,0.0,2,4.5506979407184185E-8,1,5.21315036349428,TINY,2,3,3,0.0,0.0,0.0,0,cyclicDep,169418,smell
logging-log4j2,4f474b32751f4ccad67424ca585612584440cd63,1,2026-01-22T10:08:42.000,6.985657454585648,6.985657454585648,0.0,UNIT,CONCRETE_CLASS,"[org.apache.logging.slf4j.Log4jLogger, org.apache.logging.slf4j.Log4jLoggerFactory]",38489;38413,0.0,,0.0,0.0,0.0,4.0,0.0,2,7.212829125122201E-8,1,4.939605757183868,TINY,2,2,2,0.0,0.0,0.0,0,cyclicDep,169424,smell
logging-log4j2,4f474b32751f4ccad67424ca585612584440cd63,1,2026-01-22T10:08:42.000,17.81000183810356,17.81000183810356,0.0,UNIT,IMPLEMENTATION,"[org.apache.logging.slf4j.LoggerContextResolver, org.apache.logging.slf4j.LoggerContextSource]",38363;38344,0.0,,0.0,0.0,0.0,4.0,0.0,2,6.886436165773453E-8,1,4.939605757183868,TINY,2,13,13,0.0,0.0,0.0,0,cyclicDep,169430,smell
logging-log4j2,4f474b32751f4ccad67424ca585612584440cd63,1,2026-01-22T10:08:42.000,24.306270518241938,2.562105875394859,0.0,UNIT,CONCRETE_CLASS,"[org.apache.log4j.Priority, org.apache.log4j.Level, org.apache.log4j.helpers.OptionConverter]",16202;16203;15378;15381;28659;28671,0.0,,0.0,0.0,0.0,3.3333333333333335,1.3333333333333333,6,5.531341071680328E-7,1,2.562105875394859,CLIQUE,3,90,1,0.4714045207910317,0.9428090415820634,0.0,0,cyclicDep,169436,smell
logging-log4j2,4f474b32751f4ccad67424ca585612584440cd63,1,2026-01-22T10:08:42.000,68.41682607970925,3.8984104697912287,0.0,CONTAINER,PACKAGE,"[org.apache.logging.log4j.spi, org.apache.logging.log4j.internal, org.apache.logging.log4j.util]",54753;54763;54742;55286;55717;55179,0.0,,0.0,0.0,0.0,5.0,2.0,6,2.4873500678027224E-4,1,3.8984104697912287,CLIQUE,3,308,1,0.0,0.0,0.0,0,cyclicDep,169443,smell
logging-log4j2,4f474b32751f4ccad67424ca585612584440cd63,1,2026-01-22T10:08:42.000,33.23659023786026,5.068532494004295,0.0,CONTAINER,PACKAGE,"[org.apache.logging.log4j.perf.nogc, org.apache.logging.log4j.spi, org.apache.logging.log4j.core.context.internal, org.apache.logging.log4j.simple]",54355;55223;55240;55026;55632;55465,0.0,,0.0,0.0,0.0,5.75,3.0,6,9.607532657849782E-5,1,5.068532494004295,STAR,4,43,1,0.82915619758885,1.0,0.0,0,cyclicDep,169450,smell
logging-log4j2,4f474b32751f4ccad67424ca585612584440cd63,1,2026-01-22T10:08:42.000,39.1616764786664,39.1616764786664,0.0,UNIT,ABSTRACTION,"[org.apache.logging.log4j.core.util.internal.instant.InstantPatternLegacyFormatter, org.apache.logging.log4j.core.util.internal.instant.InstantPatternDynamicFormatter, org.apache.logging.log4j.core.util.internal.instant.InstantPatternFormatter, org.apache.logging.log4j.core.util.internal.instant.InstantPatternThreadLocalCachedFormatter]",24843;24849;24804;24854;24778;24838;24807;24795;24787,0.0,,0.0,0.0,0.0,8.0,0.0,7,7.9250047042012E-8,1,3.605124536060608,STAR,4,118,118,0.0,0.0,0.0,0,cyclicDep,169458,smell
logging-log4j2,4f474b32751f4ccad67424ca585612584440cd63,1,2026-01-22T10:08:42.000,29.08869381777237,5.224483638705387,0.0,UNIT,ABSTRACTION,"[org.apache.logging.log4j.core.jmx.ContextSelectorAdmin, org.apache.logging.log4j.core.jmx.LoggerContextAdmin, org.apache.logging.log4j.core.jmx.RingBufferAdminMBean, org.apache.logging.log4j.core.jmx.AsyncAppenderAdmin, org.apache.logging.log4j.core.jmx.AppenderAdmin, org.apache.logging.log4j.core.jmx.StatusLoggerAdmin, org.apache.logging.log4j.core.jmx.Server, org.apache.logging.log4j.core.jmx.LoggerConfigAdmin]",14312;14475;14366;14487;14427;14491;14296;14374;14382;14446;14250;14454;14342;14387,0.0,,0.0,0.0,0.0,6.0,2.0,14,1.1264133948816763E-7,1,5.224483638705387,STAR,8,31,1,0.0,0.0,0.0,0,cyclicDep,169466,smell
logging-log4j2,4f474b32751f4ccad67424ca585612584440cd63,1,2026-01-22T10:08:42.000,260.7167218727855,22.07074199694401,0.0,CONTAINER,PACKAGE,"[org.apache.log4j.config, org.apache.log4j.bridge, org.apache.logging.log4j, org.apache.log4j]",54843;54292;55192;54691;54440;16260;16296;54495,0.0,,0.0,0.0,0.0,3.75,2.0,9,1.0365487006815287E-4,1,4.50517134476069,STAR,4,3349,24,0.4330127018922193,1.0,0.0,0,cyclicDep,169478,smell
logging-log4j2,4f474b32751f4ccad67424ca585612584440cd63,1,2026-01-22T10:08:42.000,64.42673229087762,4.985490224293837,0.0,CONTAINER,PACKAGE,"[org.apache.log4j.config, org.apache.log4j.builders.filter, org.apache.log4j.builders.rewrite, org.apache.log4j.builders, org.apache.log4j.builders.appender, org.apache.log4j.builders.rolling, org.apache.log4j.builders.layout]",36849;54505;36845;55121;55270;55272;55273;54612;54906;54774;36853;36833;55142;36841;55509;54794;55385,0.0,,0.0,0.0,0.0,4.714285714285714,3.9047619047619047,16,7.0807396564973935E-6,1,4.985490224293837,STAR,7,167,1,0.45175395145262565,0.4259177099999599,0.0,0,cyclicDep,169486,smell
logging-log4j2,4f474b32751f4ccad67424ca585612584440cd63,1,2026-01-22T10:08:42.000,41.37448863109116,5.737609240596195,0.0,UNIT,CONCRETE_CLASS,"[org.apache.logging.log4j.core.config.builder.impl.DefaultAppenderRefComponentBuilder, org.apache.logging.log4j.core.config.builder.impl.DefaultAppenderComponentBuilder, org.apache.logging.log4j.core.config.builder.impl.DefaultConfigurationBuilder, org.apache.logging.log4j.core.config.builder.impl.DefaultCustomLevelComponentBuilder, org.apache.logging.log4j.core.config.builder.impl.DefaultScriptFileComponentBuilder, org.apache.logging.log4j.core.config.builder.impl.DefaultPropertyComponentBuilder, org.apache.logging.log4j.core.config.builder.impl.DefaultRootLoggerComponentBuilder, org.apache.logging.log4j.core.config.builder.impl.DefaultScriptComponentBuilder, org.apache.logging.log4j.core.config.builder.impl.DefaultLoggerComponentBuilder, org.apache.logging.log4j.core.config.builder.impl.DefaultFilterComponentBuilder, org.apache.logging.log4j.core.config.builder.impl.DefaultKeyValuePairComponentBuilder, org.apache.logging.log4j.core.config.builder.impl.DefaultLayoutComponentBuilder]",22300;22260;22220;22063;22269;22293;22375;22203;22237;22179;22279;22309;22095;22329;22291;22317;22139;22258;22262;22295;22351;22362,0.0,,0.0,0.0,0.0,8.0,2.0,22,4.620318180000549E-8,1,5.737609240596195,STAR,12,52,1,0.0,0.0,0.0,0,cyclicDep,169497,smell
logging-log4j2,4f474b32751f4ccad67424ca585612584440cd63,1,2026-01-22T10:08:42.000,33.294886920421824,33.294886920421824,0.0,UNIT,ABSTRACTION,"[org.apache.logging.log4j.layout.template.json.resolver.EventResolverInterceptor, org.apache.logging.log4j.layout.template.json.JsonTemplateLayout, org.apache.logging.log4j.layout.template.json.resolver.EventResolverContext, org.apache.logging.log4j.layout.template.json.resolver.EventResolverFactory]",18182;24403;18186;18212;18185;17839,0.0,,0.0,0.0,0.0,7.75,1.0,8,1.3797607376146016E-7,1,2.6917320699195115,STAR,4,153,153,0.4330127018922193,1.0,0.0,0,cyclicDep,169513,smell
logging-log4j2,4f474b32751f4ccad67424ca585612584440cd63,1,2026-01-22T10:08:42.000,33.52159393762459,16.885414275464843,0.0,UNIT,ABSTRACTION,"[org.apache.logging.log4j.core.appender.rolling.TriggeringPolicy, org.apache.logging.log4j.core.appender.rolling.RollingFileManager, org.apache.logging.log4j.core.appender.rolling.DirectFileRolloverStrategy, org.apache.logging.log4j.core.appender.rolling.DirectWriteRolloverStrategy]",11947;12519;11817;12192;11757;11761,0.0,,0.0,0.0,0.0,7.0,4.0,7,1.171584016868973E-7,1,4.095314505297285,STAR,4,67,17,0.0,0.0,0.0,0,cyclicDep,169521,smell
logging-log4j2,4f474b32751f4ccad67424ca585612584440cd63,1,2026-01-22T10:08:42.000,323.2182582651718,18.927387328442425,0.0,CONTAINER,PACKAGE,"[org.apache.logging.log4j.core, org.apache.logging.log4j.core.appender, org.apache.logging.log4j.core.appender.rolling, org.apache.logging.log4j.core.config.builder]",27072;54370;54755;54887;54597;55138;54288;3066,0.0,,0.0,0.0,0.0,6.25,2.6666666666666665,8,5.593690722704851E-5,1,5.249512732558965,STAR,4,3791,13,0.82915619758885,1.1055415967851332,0.0,0,cyclicDep,169529,smell
logging-log4j2,4f474b32751f4ccad67424ca585612584440cd63,1,2026-01-22T10:08:42.000,152.57140421999765,10.376366395909265,0.0,CONTAINER,PACKAGE,"[org.apache.logging.log4j.status, org.apache.logging.log4j.core.async, org.apache.logging.log4j.core.impl, org.apache.logging.log4j.core.jmx, org.apache.logging.log4j.message]",55112;54308;54623;55520;54456;54724;54596;54813;55073,0.0,,0.0,0.0,0.0,5.6,2.0,13,1.2739915278033582E-4,1,4.6404521241395225,CHAIN,5,1081,5,0.4898979485566356,0.0,0.0,0,cyclicDep,169537,smell
logging-log4j2,4f474b32751f4ccad67424ca585612584440cd63,1,2026-01-22T10:08:42.000,103.22384036679186,18.283313914289092,0.0,CONTAINER,PACKAGE,"[org.apache.logging.log4j.core.test, org.apache.logging.log4j.core.appender.db, org.apache.logging.log4j.core.test.appender.db]",54655;55532;55553;54903,0.0,,0.0,0.0,0.0,7.0,4.0,4,1.6822182476589732E-5,1,6.4641276256780875,CHAIN,3,255,8,0.816496580927726,1.632993161855452,0.0,0,cyclicDep,169546,smell
logging-log4j2,4f474b32751f4ccad67424ca585612584440cd63,1,2026-01-22T10:08:42.000,111.49342665083842,13.34987371174927,0.0,CONTAINER,PACKAGE,"[org.apache.logging.log4j.core.test.junit, org.apache.logging.log4j.core.appender.db.jdbc, org.apache.logging.log4j.core.test.appender.db.jdbc, org.apache.logging.log4j.core.lookup]",54839;55336;55745;54567;55409;55579,0.0,,0.0,0.0,0.0,7.5,4.666666666666667,6,2.8630477469911324E-5,1,6.674936855874635,CHAIN,4,279,4,1.118033988749895,1.9720265943665387,0.0,0,cyclicDep,169553,smell
logging-log4j2,4f474b32751f4ccad67424ca585612584440cd63,1,2026-01-22T10:08:42.000,25.120001817978334,25.120001817978334,0.0,UNIT,CONCRETE_CLASS,"[org.apache.logging.log4j.core.impl.ThrowableProxyHelper, org.apache.logging.log4j.core.impl.ThrowableProxy, org.apache.logging.log4j.core.impl.ThrowableProxyRenderer]",17047;16753;16496;17046,0.0,,0.0,0.0,0.0,6.0,2.0,4,3.089470436567109E-7,1,3.216286656682621,CHAIN,3,61,61,0.0,0.0,0.0,0,cyclicDep,169561,smell
logging-log4j2,4f474b32751f4ccad67424ca585612584440cd63,1,2026-01-22T10:08:42.000,8.6659293756469,8.6659293756469,0.0,UNIT,IMPLEMENTATION,"[org.apache.logging.log4j.test.junit.UsingThreadContextStack, org.apache.logging.log4j.test.junit.UsingAnyThreadContext, org.apache.logging.log4j.test.junit.ThreadContextExtension]",21309;21454;21544;21311,0.0,,0.0,0.0,0.0,6.0,0.0,4,1.1878534723212037E-7,1,4.33296468782345,CHAIN,3,4,4,0.0,0.0,0.0,0,cyclicDep,169568,smell
logging-log4j2,4f474b32751f4ccad67424ca585612584440cd63,1,2026-01-22T10:08:42.000,22.326753769254964,22.326753769254964,0.0,UNIT,ABSTRACTION,"[org.apache.logging.log4j.core.appender.routing.PurgePolicy, org.apache.logging.log4j.core.appender.routing.Routes, org.apache.logging.log4j.core.appender.routing.RoutingAppender]",39775;39848;39585;39779,0.0,,0.0,0.0,0.0,7.0,4.0,4,4.379706663327982E-8,1,4.655449979992785,CHAIN,3,23,23,0.0,0.0,0.0,0,cyclicDep,169575,smell
logging-log4j2,4f474b32751f4ccad67424ca585612584440cd63,1,2026-01-22T10:08:42.000,40.85960075671319,3.5297318975584777,0.0,UNIT,ABSTRACTION,"[org.apache.logging.log4j.core.appender.AsyncAppender, org.apache.logging.log4j.core.async.AsyncLoggerConfig, org.apache.logging.log4j.core.async.EventRoute, org.apache.logging.log4j.core.async.AsyncLoggerConfigDelegate]",19757;19008;19268;19752;25911;19265,0.0,,0.0,0.0,0.0,6.0,2.0,7,1.2236466975706753E-7,1,3.5297318975584777,CHAIN,4,134,1,0.0,0.0,0.0,0,cyclicDep,169582,smell
logging-log4j2,4f474b32751f4ccad67424ca585612584440cd63,1,2026-01-22T10:08:42.000,52.82684731687473,5.8696497018749705,0.0,CONTAINER,PACKAGE,"[org.apache.logging.log4j.core.config.plugins.validation.validators, org.apache.logging.log4j.core.config.plugins.validation.constraints, org.apache.logging.log4j.core.config.plugins.validation]",54605;54777;55161;55388;54635,0.0,,0.0,0.0,0.0,8.666666666666666,5.666666666666667,5,2.3243011345717044E-5,1,5.8696497018749705,CHAIN,3,81,1,0.4714045207910317,3.299831645537222,0.0,0,cyclicDep,169590,smell
logging-log4j2,4f474b32751f4ccad67424ca585612584440cd63,1,2026-01-22T10:08:42.000,36.40005555751675,4.999932159144113,0.0,UNIT,ABSTRACTION,"[org.apache.logging.log4j.core.Filter, org.apache.logging.log4j.core.Logger, org.apache.logging.log4j.core.config.Configuration]",1573;2306;45387;1547;45401,0.0,,0.0,0.0,0.0,5.333333333333333,1.3333333333333333,5,1.0702387740007022E-6,1,3.535485935203498,CHAIN,3,106,2,0.4714045207910317,0.9428090415820634,0.0,0,cyclicDep,169597,smell
logging-log4j2,4f474b32751f4ccad67424ca585612584440cd63,1,2026-01-22T10:08:42.000,10.428879063972929,4.25757204932132,0.0,UNIT,CONCRETE_CLASS,"[org.apache.logging.log4j.core.pattern.VariablesNotEmptyReplacementConverter, org.apache.logging.log4j.core.pattern.PatternParser, org.apache.logging.log4j.core.pattern.ThrowablePatternConverter]",44518;44494;44900;44506,0.0,,0.0,0.0,0.0,6.0,2.0,4,7.252875227445525E-8,1,4.25757204932132,CHAIN,3,6,1,0.0,0.0,0.0,0,cyclicDep,169604,smell
logging-log4j2,4f474b32751f4ccad67424ca585612584440cd63,1,2026-01-22T10:08:42.000,51.73297202628475,6.075729437884589,0.0,UNIT,CONCRETE_CLASS,"[org.apache.logging.log4j.core.async.RingBufferLogEvent, org.apache.logging.log4j.core.async.AsyncLoggerDisruptor, org.apache.logging.log4j.core.async.AsyncLogger]",19591;20190;19811;19568;20179,0.0,,0.0,0.0,0.0,6.0,2.0,5,9.368055470364929E-8,1,4.296189486182923,CHAIN,3,145,2,0.0,0.0,0.0,0,cyclicDep,169611,smell
logging-log4j2,4f474b32751f4ccad67424ca585612584440cd63,1,2026-01-22T10:08:42.000,24.126806493862617,4.137713177704533,0.0,UNIT,ABSTRACTION,"[org.apache.logging.log4j.core.config.composite.CompositeConfiguration, org.apache.logging.log4j.core.config.ConfigurationFactory, org.apache.logging.log4j.core.config.ConfigurationSource]",46049;45582;5235;46035;5212,0.0,,0.0,0.0,0.0,6.333333333333333,3.3333333333333335,5,3.9563425507457075E-7,1,4.137713177704533,CHAIN,3,34,1,0.4714045207910317,0.9428090415820634,0.0,0,cyclicDep,169618,smell
logging-log4j2,4f474b32751f4ccad67424ca585612584440cd63,1,2026-01-22T10:08:42.000,29.58709986830645,3.4394304969681913,0.0,CONTAINER,PACKAGE,"[org.apache.log4j.helpers, org.apache.log4j.or, org.apache.log4j.spi]",55689;54664;55583;55202;55807,0.0,,0.0,0.0,0.0,4.0,2.0,5,1.5348829577621607E-5,1,3.4394304969681913,CHAIN,3,74,1,0.0,0.0,0.0,0,cyclicDep,169625,smell
logging-log4j2,4f474b32751f4ccad67424ca585612584440cd63,1,2026-01-22T10:08:42.000,51.741199299366905,4.91105730248177,0.0,CONTAINER,PACKAGE,"[org.apache.logging.log4j.core.config, org.apache.logging.log4j.core.config.arbiters, org.apache.logging.log4j.core.appender.mom]",55743;54772;54581;55096,0.0,,0.0,0.0,0.0,6.666666666666667,4.0,4,4.503114988829343E-5,1,4.91105730248177,CHAIN,3,111,1,0.4714045207910317,0.0,0.0,0,cyclicDep,169632,smell
logging-log4j2,4f474b32751f4ccad67424ca585612584440cd63,1,2026-01-22T10:08:42.000,1702.561542254936,1702.561542254936,0.0,CONTAINER,PACKAGE,[org.apache.logging.log4j.perf.jmh.jmh_generated],,0.0,org.apache.logging.log4j.perf.jmh.jmh_generated,0.0,0.0,151.87936507936507,7.0,0.0,759,5.5353831115435485E-6,1,6.407901804879685,,630,70595,70595,0.0,0.0,0.0,0,godComponent,169639,smell
logging-log4j2,4f474b32751f4ccad67424ca585612584440cd63,1,2026-01-22T10:08:42.000,145.0953626442901,32.7913172416525,0.0,UNIT,CONCRETE_CLASS,"[org.apache.logging.log4j.core.config.LoggerConfig, org.apache.log4j.builders.layout.PatternLayoutBuilder, org.apache.log4j.builders.appender.SyslogAppenderBuilder, org.apache.log4j.builders.layout.TTCCLayoutBuilder, org.apache.log4j.builders.appender.AsyncAppenderBuilder, org.apache.log4j.builders.appender.RollingFileAppenderBuilder, org.apache.log4j.xml.XmlConfiguration, org.apache.logging.log4j.core.LoggerContext, org.apache.logging.log4j.Level, org.apache.log4j.builders.appender.DailyRollingFileAppenderBuilder, org.apache.log4j.builders.appender.NullAppenderBuilder, org.apache.log4j.builders.appender.EnhancedRollingFileAppenderBuilder, org.apache.logging.log4j.core.config.Configuration, org.apache.log4j.builders.appender.FileAppenderBuilder, org.apache.log4j.builders.appender.RewriteAppenderBuilder, org.apache.log4j.builders.appender.ConsoleAppenderBuilder, org.apache.log4j.builders.Log4j2ListAppenderBuilder, org.apache.log4j.Level, org.apache.logging.log4j.core.LifeCycle, org.apache.logging.log4j.core.Filter, org.apache.log4j.builders.appender.AppenderBuilder, org.apache.log4j.bridge.FilterAdapter, org.apache.logging.log4j.core.config.status.StatusConfiguration, org.apache.log4j.builders.layout.HtmlLayoutBuilder, org.apache.logging.log4j.core.AbstractLifeCycle, org.apache.log4j.spi.Filter, org.apache.log4j.config.PropertySetter, org.apache.log4j.builders.filter.StringMatchFilterBuilder, org.apache.logging.log4j.Logger, org.apache.log4j.builders.layout.XmlLayoutBuilder, org.apache.log4j.builders.rolling.CompositeTriggeringPolicyBuilder, org.apache.log4j.Layout, org.apache.log4j.xml.Log4jEntityResolver, org.apache.logging.log4j.core.config.ConfigurationSource, org.apache.log4j.xml.XmlConfigurationFactory, org.apache.log4j.builders.Parser, org.apache.log4j.builders.BuilderManager, org.apache.log4j.builders.filter.LevelMatchFilterBuilder, org.apache.logging.log4j.util.LoaderUtil, org.apache.log4j.builders.layout.SimpleLayoutBuilder, org.apache.log4j.Appender, org.apache.logging.log4j.core.config.AbstractConfiguration, org.apache.log4j.rewrite.RewritePolicy, org.apache.log4j.internal.annotation.SuppressFBWarnings, org.apache.log4j.builders.rolling.SizeBasedTriggeringPolicyBuilder, org.apache.log4j.builders.appender.SocketAppenderBuilder, org.apache.log4j.builders.AbstractBuilder, org.apache.logging.log4j.core.appender.rolling.TriggeringPolicy, org.apache.log4j.builders.rolling.TimeBasedRollingPolicyBuilder, org.apache.log4j.config.Log4j1Configuration, org.apache.logging.log4j.core.config.AppenderRef, org.apache.logging.log4j.core.filter.ThresholdFilter, org.apache.log4j.spi.AppenderAttachable, org.apache.log4j.spi.ErrorHandler, org.apache.log4j.bridge.AppenderAdapter, org.apache.log4j.Priority, org.apache.log4j.builders.filter.LevelRangeFilterBuilder, org.apache.logging.log4j.status.StatusLogger, org.apache.log4j.helpers.OptionConverter, org.apache.log4j.xml.UnrecognizedElementHandler, org.apache.log4j.builders.filter.DenyAllFilterBuilder]",,0.0,org.apache.log4j.xml.XmlConfiguration,0.0,0.0,0.0,4.721311475409836,3.853551912568306,328,4.661865363794593E-7,1,7.522844109576113,,61,372,19,0.8518282660174806,1.4293473447712208,0.0,0,hubLikeDep,169646,smell
logging-log4j2,4f474b32751f4ccad67424ca585612584440cd63,1,2026-01-22T10:08:42.000,107.18402982668525,31.01748086883795,0.0,UNIT,CONCRETE_CLASS,"[org.apache.logging.log4j.core.config.LoggerConfig, org.apache.log4j.builders.layout.PatternLayoutBuilder, org.apache.log4j.builders.appender.SyslogAppenderBuilder, org.apache.log4j.builders.layout.TTCCLayoutBuilder, org.apache.log4j.builders.appender.AsyncAppenderBuilder, org.apache.log4j.builders.appender.RollingFileAppenderBuilder, org.apache.logging.log4j.core.LoggerContext, org.apache.logging.log4j.Level, org.apache.log4j.builders.appender.DailyRollingFileAppenderBuilder, org.apache.log4j.builders.appender.NullAppenderBuilder, org.apache.log4j.builders.appender.EnhancedRollingFileAppenderBuilder, org.apache.logging.log4j.core.config.Configuration, org.apache.log4j.builders.appender.FileAppenderBuilder, org.apache.log4j.builders.appender.RewriteAppenderBuilder, org.apache.log4j.builders.appender.ConsoleAppenderBuilder, org.apache.log4j.builders.Log4j2ListAppenderBuilder, org.apache.log4j.builders.BuilderManagerTest, org.apache.logging.log4j.core.LifeCycle, org.apache.logging.log4j.core.Filter, org.apache.log4j.builders.appender.AppenderBuilder, org.apache.log4j.bridge.FilterAdapter, org.apache.logging.log4j.core.config.status.StatusConfiguration, org.apache.log4j.builders.layout.HtmlLayoutBuilder, org.apache.logging.log4j.core.AbstractLifeCycle, org.apache.log4j.spi.Filter, org.apache.log4j.config.PropertySetter, org.apache.log4j.builders.filter.StringMatchFilterBuilder, org.apache.log4j.config.PropertiesConfiguration, org.apache.log4j.builders.layout.XmlLayoutBuilder, org.apache.log4j.builders.rolling.CompositeTriggeringPolicyBuilder, org.apache.log4j.Layout, org.apache.log4j.config.PropertiesConfigurationFactory, org.apache.logging.log4j.core.config.ConfigurationSource, org.apache.log4j.builders.Parser, org.apache.log4j.builders.BuilderManager, org.apache.log4j.builders.filter.LevelMatchFilterBuilder, org.apache.logging.log4j.util.LoaderUtil, org.apache.log4j.PropertyConfigurator, org.apache.log4j.builders.layout.SimpleLayoutBuilder, org.apache.logging.log4j.spi.LoggerContext, org.apache.log4j.Appender, org.apache.logging.log4j.core.config.AbstractConfiguration, org.apache.log4j.builders.rolling.SizeBasedTriggeringPolicyBuilder, org.apache.log4j.builders.appender.SocketAppenderBuilder, org.apache.logging.log4j.core.appender.rolling.TriggeringPolicy, org.apache.log4j.config.Log4j1ConfigurationParser, org.apache.log4j.builders.rolling.TimeBasedRollingPolicyBuilder, org.apache.log4j.config.Log4j1Configuration, org.apache.logging.log4j.core.filter.ThresholdFilter, org.apache.log4j.spi.ErrorHandler, org.apache.log4j.bridge.AppenderAdapter, org.apache.log4j.builders.filter.LevelRangeFilterBuilder, org.apache.log4j.LogManager, org.apache.log4j.helpers.OptionConverter, org.apache.log4j.builders.filter.DenyAllFilterBuilder]",,0.0,org.apache.log4j.config.PropertiesConfiguration,0.0,0.0,0.0,4.745454545454545,3.915151515151515,248,3.631800151448742E-7,1,7.522844109576113,,55,203,17,0.8574418998219342,1.424960059906717,0.0,0,hubLikeDep,169713,smell
logging-log4j2,4f474b32751f4ccad67424ca585612584440cd63,1,2026-01-22T10:08:42.000,105.80979972017036,17.20996521093066,0.0,UNIT,CONCRETE_CLASS,"[org.apache.log4j.builders.layout.PatternLayoutBuilder, org.apache.log4j.builders.appender.SyslogAppenderBuilder, org.apache.log4j.builders.layout.TTCCLayoutBuilder, org.apache.log4j.builders.appender.AsyncAppenderBuilder, org.apache.log4j.builders.appender.RollingFileAppenderBuilder, org.apache.log4j.xml.XmlConfiguration, org.apache.log4j.builders.appender.DailyRollingFileAppenderBuilder, org.apache.log4j.builders.appender.NullAppenderBuilder, org.apache.log4j.builders.appender.EnhancedRollingFileAppenderBuilder, org.apache.log4j.builders.appender.FileAppenderBuilder, org.apache.log4j.builders.appender.RewriteAppenderBuilder, org.apache.log4j.builders.appender.ConsoleAppenderBuilder, org.apache.log4j.builders.rolling.TriggeringPolicyBuilder, org.apache.log4j.builders.Log4j2ListAppenderBuilder, org.apache.log4j.builders.layout.LayoutBuilder, org.apache.log4j.builders.BuilderManagerTest, org.apache.log4j.bridge.RewritePolicyWrapper, org.apache.log4j.builders.appender.AppenderBuilder, org.apache.log4j.builders.layout.HtmlLayoutBuilder, org.apache.log4j.spi.Filter, org.apache.log4j.builders.filter.StringMatchFilterBuilder, org.apache.logging.log4j.Logger, org.apache.log4j.config.PropertiesConfiguration, org.apache.log4j.builders.layout.XmlLayoutBuilder, org.apache.log4j.builders.filter.FilterBuilder, org.apache.log4j.builders.rolling.CompositeTriggeringPolicyBuilder, org.apache.logging.log4j.util.Strings, org.apache.log4j.builders.rewrite.RewritePolicyBuilder, org.apache.log4j.Layout, org.apache.log4j.bridge.FilterWrapper, org.apache.log4j.bridge.AppenderWrapper, org.apache.log4j.builders.Parser, org.apache.log4j.builders.BuilderManager, org.apache.log4j.builders.filter.LevelMatchFilterBuilder, org.apache.logging.log4j.util.LoaderUtil, org.apache.log4j.builders.layout.SimpleLayoutBuilder, org.apache.log4j.Appender, org.apache.log4j.builders.Builder, org.apache.log4j.rewrite.RewritePolicy, org.apache.log4j.builders.rolling.SizeBasedTriggeringPolicyBuilder, org.apache.log4j.builders.appender.SocketAppenderBuilder, org.apache.log4j.builders.AbstractBuilder, org.apache.logging.log4j.core.appender.rolling.TriggeringPolicy, org.apache.log4j.builders.rolling.TimeBasedRollingPolicyBuilder, org.apache.log4j.config.Log4j1Configuration, org.apache.log4j.bridge.LayoutWrapper, org.apache.logging.log4j.core.config.plugins.util.PluginManager, org.apache.log4j.builders.filter.LevelRangeFilterBuilder, org.apache.logging.log4j.core.config.plugins.util.PluginType, org.apache.logging.log4j.status.StatusLogger, org.apache.log4j.builders.filter.DenyAllFilterBuilder]",,0.0,org.apache.log4j.builders.BuilderManager,0.0,0.0,0.0,4.764705882352941,4.035294117647059,297,3.925552532097518E-7,1,7.696530420409491,,51,189,5,0.9201073103254954,1.4212426942108625,0.0,0,hubLikeDep,169775,smell
logging-log4j2,4f474b32751f4ccad67424ca585612584440cd63,1,2026-01-22T10:08:42.000,277.1748584012171,44.64727256244448,0.0,UNIT,CONCRETE_CLASS,"[org.apache.log4j.xml.XmlConfiguration, org.apache.logging.log4j.core.LoggerUpdateTest, org.apache.logging.log4j.core.LoggerContext, org.apache.logging.log4j.Level, org.apache.logging.log4j.core.async.AsyncLoggerConfig, org.apache.logging.log4j.core.LogEvent, org.apache.logging.log4j.core.config.Configuration, org.apache.logging.log4j.core.impl.DefaultLogEventFactory, org.apache.logging.log4j.core.config.Node, org.apache.logging.log4j.core.config.plugins.PluginElement, org.apache.logging.log4j.core.config.CompositeConfigurationTest, org.apache.logging.log4j.core.config.AwaitUnconditionallyReliabilityStrategy, org.apache.logging.log4j.core.config.LoggersPlugin, org.apache.logging.log4j.jul.CoreLogger, org.apache.logging.log4j.core.async.AsyncLoggerConfigTest, org.apache.logging.log4j.core.LoggerTest, org.apache.log4j.config.Log4j1ConfigurationFactoryTest, org.apache.logging.log4j.core.config.plugins.PluginConfiguration, org.apache.logging.log4j.core.config.AppenderControl, org.apache.logging.log4j.core.appender.ConfigurationTestUtils, org.apache.logging.log4j.core.config.CustomConfigurationTest, org.apache.logging.log4j.core.jmx.LoggerConfigAdmin, org.apache.logging.log4j.core.config.builder.impl.DefaultConfigurationBuilder, org.apache.logging.log4j.core.test.BasicConfigurationFactory, org.apache.logging.log4j.util.Strings, org.apache.logging.log4j.core.config.CompositeConfigurationMissingTest, org.apache.logging.log4j.core.util.Booleans, org.apache.logging.log4j.core.async.QueueFullAbstractTest, org.apache.logging.log4j.core.jmx.Server, org.apache.logging.log4j.core.Appender, org.apache.logging.log4j.core.config.AppenderControlArraySet, org.apache.logging.log4j.core.filter.AbstractFilterable, org.apache.logging.log4j.core.config.Configurator1Test, org.apache.log4j.BasicConfigurationFactory, org.apache.logging.log4j.core.config.PropertyTest, org.apache.logging.log4j.core.async.AsyncLogger, org.apache.logging.log4j.core.config.ReliabilityStrategy, org.apache.logging.log4j.core.layout.HtmlLayout, org.apache.logging.log4j.core.Logger, org.apache.logging.log4j.Marker, org.apache.logging.log4j.core.config.json.JsonConfiguration, org.apache.logging.log4j.core.config.properties.PropertiesConfigurationBuilder, com.example.ExampleConfiguration, org.apache.logging.log4j.core.config.properties.PropertiesConfigurationTest, org.apache.logging.log4j.core.async.AbstractAsyncThreadContextTestBase, org.apache.logging.log4j.core.config.MissingRootLoggerTest, org.apache.logging.log4j.core.config.builder.ConfigurationAssemblerTest, org.apache.logging.log4j.core.config.plugins.Plugin, org.apache.logging.log4j.core.config.LocationAwareReliabilityStrategy, org.apache.logging.log4j.core.impl.LocationAware, org.apache.logging.log4j.core.config.plugins.PluginBuilderFactory, org.apache.log4j.config.AbstractLog4j1ConfigurationTest, org.apache.logging.log4j.core.config.LoggerConfig, org.apache.logging.log4j.jul.test.Log4jBridgeHandlerTest, org.apache.logging.log4j.core.config.JiraLog4j2_2134Test, org.apache.logging.log4j.util.PerformanceSensitive, org.apache.logging.log4j.core.async.AsyncLoggerContext, org.apache.logging.log4j.core.config.DefaultReliabilityStrategy, org.apache.logging.log4j.core.config.plugins.PluginBuilderAttribute, org.apache.logging.log4j.core.config.properties.PropertiesConfiguration, org.apache.logging.log4j.core.config.ConfiguratorSetLevelTest, org.apache.logging.log4j.perf.jmh.LoggerConfigBenchmark, org.apache.logging.log4j.core.impl.Log4jLogEvent, org.apache.logging.log4j.core.async.AsyncLoggerContextSelector, org.apache.logging.log4j.core.config.LoggerConfigTest, org.apache.logging.log4j.core.Filter, org.apache.logging.log4j.perf.jmh.ThreadContextBenchmark2, org.apache.logging.log4j.core.config.ReliabilityStrategyFactory, org.apache.logging.log4j.core.AbstractLifeCycle, org.apache.logging.log4j.core.impl.LogEventFactory, org.apache.logging.log4j.core.config.MockReliabilityStrategy, org.apache.logging.log4j.core.config.xml.XmlConfigurationPropsTest, org.apache.logging.log4j.core.Core, org.apache.log4j.config.PropertiesConfiguration, org.apache.log4j.config.PropertiesReconfigurationTest, org.apache.log4j.config.PropertiesConfigurationTest, org.apache.logging.log4j.core.config.plugins.validation.constraints.Required, org.apache.logging.log4j.core.config.NullConfiguration, org.apache.log4j.legacy.core.CategoryUtil, org.apache.logging.log4j.util.LoaderUtil, org.apache.logging.log4j.core.config.AbstractConfiguration, org.apache.logging.log4j.jul.Log4jBridgeHandler, org.apache.logging.log4j.message.Message, org.apache.logging.log4j.core.config.Configurator, org.apache.logging.log4j.core.impl.ReusableLogEventFactory, org.apache.logging.log4j.core.config.Loggers, org.apache.logging.log4j.core.layout.AbstractStringLayout, org.apache.logging.log4j.core.util.Constants, org.apache.logging.log4j.core.config.AppenderRef, org.apache.logging.log4j.osgi.tests.CustomConfiguration, org.apache.logging.log4j.util.StackLocatorUtil, org.apache.logging.log4j.core.config.AwaitCompletionReliabilityStrategy, org.apache.logging.log4j.core.config.LockingReliabilityStrategy, org.apache.logging.log4j.core.util.Builder, org.apache.logging.log4j.core.config.Property, org.apache.logging.log4j.core.config.Configurator2Test, org.apache.logging.log4j.LogManager]",,0.0,org.apache.logging.log4j.core.config.LoggerConfig,0.0,0.0,0.0,5.711340206185567,2.7873711340206184,557,5.088639682399616E-7,1,7.339966395212136,,97,1426,37,1.0837008268880741,1.3496767958755276,0.0,0,hubLikeDep,169832,smell
logging-log4j2,4f474b32751f4ccad67424ca585612584440cd63,1,2026-01-22T10:08:42.000,345.9520415634943,260.65304085628077,0.0,UNIT,CONCRETE_CLASS,"[org.apache.log4j.config.AbstractLog4j1ConfigurationTest, org.apache.logging.log4j.core.appender.rolling.DefaultRolloverStrategy, org.apache.logging.log4j.core.appender.rolling.RollingFileAppenderBuilderTest, org.apache.logging.log4j.core.appender.rolling.RollingAppenderDirectWriteWithHtmlLayoutTest, org.apache.log4j.builders.appender.RollingFileAppenderBuilder, org.apache.logging.log4j.core.appender.rolling.RollingFileAppenderLayoutTest, org.apache.logging.log4j.core.HostNameTest, org.apache.log4j.builders.appender.DailyRollingFileAppenderBuilder, org.apache.logging.log4j.core.appender.AbstractOutputStreamAppender, org.apache.log4j.builders.appender.EnhancedRollingFileAppenderBuilder, org.apache.logging.log4j.core.util.Integers, org.apache.logging.log4j.core.LogEvent, org.apache.logging.log4j.core.appender.rolling.RollingFileManagerTest, org.apache.logging.log4j.core.config.plugins.PluginBuilderAttribute, org.apache.logging.log4j.core.appender.rolling.RollingAppenderDirectCustomDeleteActionTest, org.apache.logging.log4j.core.config.Configuration, org.apache.logging.log4j.core.config.plugins.PluginElement, org.apache.logging.log4j.core.appender.rolling.RollingDirectSizeTimeNewDirectoryTest, org.apache.logging.log4j.core.appender.rolling.DirectFileRolloverStrategy, org.apache.log4j.config.XmlConfigurationTest, org.apache.logging.log4j.core.Filter, org.apache.logging.log4j.core.appender.rolling.RollingFileAppenderUpdateDataTest, org.apache.logging.log4j.core.appender.rolling.RollingAppenderDirectWriteStartupSizeTest, org.apache.logging.log4j.core.AbstractLifeCycle, org.apache.logging.log4j.core.net.Advertiser, org.apache.logging.log4j.core.Core, org.apache.logging.log4j.core.appender.rolling.RollingAppenderSizeTest, org.apache.logging.log4j.core.Layout, org.apache.logging.log4j.core.util.Booleans, org.apache.logging.log4j.core.appender.RollingFileAppender, org.apache.logging.log4j.core.appender.rolling.RollingFileAppenderInterruptedThreadTest, org.apache.logging.log4j.core.appender.rolling.RollingAppenderDirectCronTest, org.apache.logging.log4j.core.config.plugins.validation.constraints.Required, org.apache.logging.log4j.core.appender.rolling.DirectWriteRolloverStrategy, org.apache.logging.log4j.core.Appender, org.apache.logging.log4j.core.appender.rolling.RollingAppenderSizeMaxWidthTest, org.apache.logging.log4j.core.filter.AbstractFilterable, org.apache.logging.log4j.core.appender.ReconfigureAppenderTest, org.apache.logging.log4j.core.appender.rolling.RollingAppenderCronOnceADayTest, org.apache.logging.log4j.core.appender.rolling.RollingFileManager, org.apache.logging.log4j.core.appender.rolling.CronTriggeringPolicyTest, org.apache.logging.log4j.core.appender.rolling.RollingFileAppenderAccessTest, org.apache.logging.log4j.core.appender.rolling.TriggeringPolicy, org.apache.log4j.config.Log4j1ConfigurationParser, org.apache.logging.log4j.core.appender.AbstractAppender, org.apache.logging.log4j.core.config.plugins.Plugin, org.apache.logging.log4j.core.appender.rolling.RollingAppenderCronTest, org.apache.logging.log4j.core.config.MultipleTriggeringPolicyTest, org.apache.logging.log4j.core.appender.rolling.RollingAppenderRestartTest, org.apache.logging.log4j.core.util.Builder, org.apache.logging.log4j.core.config.Property, org.apache.logging.log4j.core.appender.rolling.RolloverStrategy, org.apache.logging.log4j.core.config.plugins.PluginBuilderFactory, org.apache.logging.log4j.core.appender.rolling.RollingDirectSize3490Test]",,0.0,org.apache.logging.log4j.core.appender.RollingFileAppender,0.0,0.0,0.0,6.277777777777778,4.039832285115304,200,2.8672651515698844E-7,1,7.938773575832466,,54,1899,1078,1.0076865081787252,1.4188334791205748,0.0,0,hubLikeDep,169938,smell
logging-log4j2,4f474b32751f4ccad67424ca585612584440cd63,1,2026-01-22T10:08:42.000,168.42098802181775,83.22133482783713,0.0,UNIT,CONCRETE_CLASS,"[org.apache.log4j.config.AbstractLog4j1ConfigurationTest, org.apache.logging.log4j.core.appender.rolling.DefaultRolloverStrategy, org.apache.logging.log4j.core.appender.AbstractManager, org.apache.logging.log4j.core.LoggerContext, org.apache.logging.log4j.core.appender.rolling.RolloverListener, org.apache.logging.log4j.core.LogEvent, org.apache.logging.log4j.core.appender.rolling.RollingFileManagerTest, org.apache.logging.log4j.core.appender.FileManager, org.apache.logging.log4j.core.config.Configuration, org.apache.logging.log4j.core.appender.rolling.DirectFileRolloverStrategy, org.apache.logging.log4j.core.appender.rolling.action.Action, org.apache.logging.log4j.core.appender.rolling.OnStartupTriggeringPolicyTest, org.apache.logging.log4j.core.appender.rolling.FileExtension, org.apache.logging.log4j.core.LifeCycle, org.apache.logging.log4j.core.appender.rolling.RollingAppenderDirectWriteStartupSizeTest, org.apache.logging.log4j.core.LifeCycle2, org.apache.logging.log4j.core.appender.rolling.EligibleFilesTest, org.apache.logging.log4j.Logger, org.apache.logging.log4j.core.appender.rolling.PatternProcessor, org.apache.logging.log4j.core.appender.rolling.RollingAppenderSizeTest, org.apache.logging.log4j.core.appender.rolling.RollingRandomAccessFileManager, org.apache.logging.log4j.core.Layout, org.apache.logging.log4j.core.appender.OutputStreamManager, org.apache.logging.log4j.core.appender.RollingFileAppender, org.apache.logging.log4j.core.appender.rolling.RolloverDescription, org.apache.logging.log4j.core.appender.rolling.RollingAppenderDirectCronTest, org.apache.logging.log4j.core.appender.rolling.DirectWriteRolloverStrategy, org.apache.logging.log4j.core.appender.rolling.RollingAppenderSizeMaxWidthTest, org.apache.logging.log4j.core.appender.rolling.OnStartupTriggeringPolicy, org.apache.logging.log4j.core.appender.rolling.RollingFileManager, org.apache.logging.log4j.core.appender.rolling.CronTriggeringPolicyTest, org.apache.logging.log4j.core.appender.rolling.RollingFileAppenderAccessTest, org.apache.logging.log4j.core.appender.rolling.TriggeringPolicy, org.apache.logging.log4j.core.util.Constants, org.apache.logging.log4j.core.appender.rolling.CompositeTriggeringPolicy, org.apache.logging.log4j.core.appender.rolling.AbstractRolloverStrategy, org.apache.logging.log4j.core.appender.ManagerFactory, org.apache.logging.log4j.core.internal.annotation.SuppressFBWarnings, org.apache.logging.log4j.core.appender.rolling.TimeBasedTriggeringPolicy, org.apache.logging.log4j.core.appender.rolling.SizeBasedTriggeringPolicy, org.apache.logging.log4j.core.appender.rolling.CronTriggeringPolicy, org.apache.logging.log4j.core.appender.rolling.RollingAppenderRestartTest, org.apache.logging.log4j.core.appender.rolling.action.AbstractAction, org.apache.logging.log4j.core.appender.rolling.RolloverStrategy, org.apache.logging.log4j.core.util.FileUtils, org.apache.logging.log4j.core.appender.rolling.NoOpTriggeringPolicy, org.apache.logging.log4j.core.appender.ConfigurationFactoryData, org.apache.logging.log4j.core.appender.rolling.RollingRandomAccessFileManagerTest, org.apache.logging.log4j.core.util.Log4jThreadFactory]",,0.0,org.apache.logging.log4j.core.appender.rolling.RollingFileManager,0.0,0.0,0.0,6.510204081632653,3.864795918367347,205,3.993628228326133E-7,1,7.7604294875135205,,49,471,115,0.8834637070168719,1.1002096858819734,0.0,0,hubLikeDep,169997,smell
logging-log4j2,4f474b32751f4ccad67424ca585612584440cd63,1,2026-01-22T10:08:42.000,120.58309505995062,23.879011059626574,0.0,UNIT,CONCRETE_CLASS,"[org.apache.log4j.bridge.LogEventAdapter, org.apache.log4j.bridge.AppenderWrapper, org.apache.logging.log4j.message.SimpleMessage, org.apache.log4j.LoggingTest, org.apache.log4j.varia.FallbackErrorHandler, org.apache.log4j.legacy.core.CategoryUtil, org.apache.logging.log4j.core.Appender, org.apache.logging.log4j.Level, org.apache.log4j.PropertyConfigurator, org.apache.log4j.LogManagerTest, org.apache.logging.log4j.message.ObjectMessage, org.apache.logging.log4j.spi.LoggerContext, org.apache.log4j.spi.NOPLoggerRepository, org.apache.log4j.Hierarchy, org.apache.log4j.Logger, org.apache.log4j.Appender, org.apache.log4j.jmx.HierarchyDynamicMBean, org.apache.logging.log4j.message.Message, org.apache.log4j.spi.NOPLogger, org.apache.logging.log4j.message.MapMessage, org.apache.logging.log4j.message.LocalizedMessage, org.apache.log4j.Level, org.apache.log4j.LoggerTest, org.apache.log4j.Category, org.apache.log4j.CategoryTest, org.apache.log4j.helpers.NullEnumeration, org.apache.log4j.spi.HierarchyEventListener, org.apache.logging.log4j.perf.jmh.FileAppenderThrowableBenchmark, org.apache.log4j.spi.LoggingEvent, org.apache.log4j.spi.AppenderAttachable, org.apache.log4j.bridge.AppenderAdapter, org.apache.logging.log4j.util.StackLocatorUtil, org.apache.log4j.bridge.LogEventWrapper, org.apache.log4j.spi.ThrowableInformation, org.apache.log4j.PropertyConfiguratorTest, org.apache.log4j.Priority, org.apache.logging.log4j.Logger, org.apache.log4j.xml.DOMTestCase, org.apache.logging.log4j.util.Strings, org.apache.log4j.spi.LoggerRepository, org.apache.log4j.helpers.AppenderAttachableImpl, org.apache.logging.log4j.spi.ExtendedLogger, org.apache.log4j.LogManager, org.apache.log4j.helpers.OptionConverter]",,0.0,org.apache.log4j.Category,0.0,0.0,0.0,4.0,2.3456659619450315,204,8.287916571187027E-7,1,6.893276731628727,,44,306,12,0.7977240352174656,1.2988721853814909,0.0,0,hubLikeDep,170055,smell
logging-log4j2,4f474b32751f4ccad67424ca585612584440cd63,1,2026-01-22T10:08:42.000,728.9479673172866,42.68717852564007,1.1724137931034482,CONTAINER,PACKAGE,"[org.apache.logging.log4j.core.test.junit, org.apache.logging.log4j.status, org.apache.logging.log4j.core.appender.db.jdbc, org.apache.logging.log4j.core, org.apache.logging.log4j.core.config, org.apache.logging.log4j.core.appender, org.apache.logging.log4j.perf.appender, org.apache.logging.log4j.core.test.layout, org.apache.logging.log4j.layout.template.json, org.apache.logging.log4j.core.net, org.apache.logging.log4j.perf.jmh.instant, org.apache.logging.log4j.core.appender.mom.jeromq, org.apache.logging.log4j.core.time, org.apache.logging.log4j.layout.template.json.resolver, org.apache.logging.log4j.core.config.plugins.util, org.apache.logging.log4j.core.config.builder, org.apache.log4j.config, org.apache.logging.log4j.core.async, org.apache.logging.log4j.spring.boot, org.apache.logging.log4j.core.lookup, org.apache.logging.log4j.core.appender.db, org.apache.logging.log4j.core.util.datetime, org.apache.log4j.builders.layout, org.apache.logging.log4j.perf.nogc, org.apache.logging.log4j.perf.jmh, org.apache.logging.log4j.spi, org.apache.logging.log4j.core.appender.rolling, org.apache.logging.log4j.core.layout, org.apache.logging.log4j.web.appender, org.apache.log4j.layout, customplugin4, org.apache.logging.log4j.core.test.appender, org.apache.logging.log4j.core.impl, org.apache.logging.log4j.core.test, org.apache.logging.log4j.test.junit, org.apache.logging.log4j, org.apache.logging.log4j.perf.util, org.apache.logging.log4j.core.internal.annotation, org.apache.logging.log4j.core.layout.internal, org.apache.logging.log4j.message, org.apache.logging.log4j.util, org.apache.logging.log4j.core.pattern, customplugin3, org.apache.logging.log4j.core.test.categories, org.apache.logging.log4j.core.util, org.apache.logging.log4j.core.script, org.apache.logging.log4j.core.config.plugins.convert, org.apache.logging.log4j.smtp, org.apache.log4j.bridge, org.apache.logging.log4j.core.config.plugins, org.apache.logging.log4j.core.jackson, org.apache.log4j, org.apache.logging.log4j.core.appender.mom.kafka]",,0.27586206896551724,org.apache.logging.log4j.core.layout,0.896551724137931,0.0,0.0,5.90566037735849,3.6262699564586356,574,5.774477650371711E-5,1,8.067118467847175,,53,8165,28,1.6283357743691635,1.548567629653666,0.0,0,hubLikeDep,170109,smell
logging-log4j2,4f474b32751f4ccad67424ca585612584440cd63,1,2026-01-22T10:08:42.000,499.5010216034462,25.345261136095345,1.2857142857142858,CONTAINER,PACKAGE,"[org.apache.logging.log4j.core.test.junit, org.apache.logging.log4j.core.filter.mutable, org.apache.logging.log4j.status, org.apache.logging.log4j.core.util.internal, org.apache.logging.log4j.core.appender.db.jdbc, org.apache.log4j.builders.filter, org.apache.logging.log4j.core, org.apache.logging.log4j.core.test.appender, org.apache.logging.log4j.core.config, org.apache.logging.log4j.core.impl, org.apache.logging.log4j.core.appender, org.apache.logging.log4j.layout.template.json, org.apache.logging.log4j.core.appender.mom, org.apache.logging.log4j.core.config.properties, org.apache.log4j.xml, org.apache.logging.log4j.cassandra, org.apache.logging.log4j.test.junit, org.apache.logging.log4j, org.apache.logging.log4j.core.config.builder.impl, org.apache.log4j.builders, org.apache.logging.log4j.core.internal.annotation, org.apache.logging.log4j.util, org.apache.logging.log4j.message, org.apache.logging.log4j.core.appender.mom.jeromq, org.apache.logging.log4j.core.config.builder, org.apache.logging.log4j.core.util, org.apache.log4j.config, org.apache.logging.log4j.core.appender.rewrite, org.apache.logging.log4j.core.script, org.apache.logging.log4j.core.async, org.apache.logging.log4j.core.config.composite, org.apache.logging.log4j.test, org.apache.logging.log4j.core.config.plugins.validation.constraints, org.apache.logging.log4j.core.filter, org.apache.log4j.bridge, org.apache.logging.log4j.core.appender.mom.jakarta, org.apache.logging.log4j.spi, org.apache.logging.log4j.core.jmx, org.apache.logging.log4j.core.config.plugins, org.apache.logging.log4j.core.appender.routing, org.apache.logging.log4j.core.appender.nosql, org.apache.logging.log4j.web.appender, org.apache.log4j.builders.appender, org.apache.logging.log4j.core.appender.mom.kafka]",,0.30952380952380953,org.apache.logging.log4j.core.filter,0.9761904761904762,0.0,0.0,6.181818181818182,4.116279069767442,467,6.699326535578907E-5,1,8.014875308180814,,44,3884,10,1.2662171161076472,1.6370477289098642,0.0,0,hubLikeDep,170173,smell
logging-log4j2,4f474b32751f4ccad67424ca585612584440cd63,1,2026-01-22T10:08:42.000,1025.0302958598184,62.428340686343965,1.1313131313131313,CONTAINER,PACKAGE,"[org.apache.logging.log4j.core.test.junit, org.apache.logging.log4j.mongodb4, org.apache.logging.log4j.status, org.apache.logging.log4j.core.appender.db.jdbc, org.apache.logging.log4j.core.util.internal, org.apache.logging.log4j.core, org.apache.logging.log4j.core.config, org.apache.logging.log4j.core.appender, org.apache.logging.log4j.core.selector, org.apache.logging.log4j.perf.appender, org.apache.logging.log4j.core.config.plugins.validation.validators, org.apache.logging.log4j.core.test.net.ssl, org.apache.logging.log4j.layout.template.json, org.apache.logging.log4j.core.config.plugins.validation, org.apache.logging.log4j.core.net, org.apache.logging.log4j.core.appender.mom, org.apache.logging.log4j.core.config.builder.impl, org.apache.logging.log4j.core.appender.mom.jeromq, org.apache.logging.log4j.core.config.plugins.util, org.apache.logging.log4j.core.config.builder, org.apache.logging.log4j.core.test.smtp, org.apache.log4j.config, org.apache.logging.log4j.core.net.ssl, org.apache.logging.log4j.core.async, org.apache.logging.log4j.spring.boot, org.apache.logging.log4j.core.test.net.mock, org.apache.logging.log4j.core.config.arbiters, org.apache.logging.log4j.core.lookup, org.apache.logging.log4j.core.appender.db, org.apache.logging.log4j.test, org.apache.logging.log4j.core.config.plugins.validation.constraints, org.apache.logging.log4j.core.filter, org.apache.logging.log4j.perf.nogc, org.apache.logging.log4j.perf.jmh, org.apache.logging.log4j.core.appender.mom.jakarta, org.apache.logging.log4j.spi, org.apache.logging.log4j.core.appender.rolling, org.apache.logging.log4j.core.layout, org.apache.logging.log4j.core.appender.routing, org.apache.logging.log4j.web.appender, org.apache.log4j.builders.appender, org.apache.logging.log4j.core.internal, org.apache.logging.log4j.core.appender.db.jpa, org.apache.logging.log4j.core.config.builder.api, org.apache.logging.log4j.perf, org.apache.logging.log4j.core.test.appender, org.apache.logging.log4j.core.impl, org.apache.logging.log4j.couchdb, org.apache.logging.log4j.core.test, org.apache.log4j.xml, org.apache.logging.log4j.cassandra, org.apache.logging.log4j.test.junit, org.apache.logging.log4j, org.apache.logging.log4j.fuzz, org.apache.logging.log4j.perf.util, org.apache.logging.log4j.core.internal.annotation, org.apache.log4j.builders, org.apache.logging.log4j.message, org.apache.logging.log4j.util, org.apache.logging.log4j.core.pattern, org.apache.logging.log4j.core.test.categories, org.apache.logging.log4j.core.util, org.apache.logging.log4j.core.appender.rewrite, org.apache.logging.log4j.core.script, org.apache.logging.log4j.smtp, org.apache.log4j.bridge, org.apache.logging.log4j.core.jmx, org.apache.logging.log4j.core.config.plugins, org.apache.logging.log4j.core.jackson, org.apache.logging.log4j.core.appender.nosql, org.apache.log4j, org.apache.logging.log4j.core.appender.mom.kafka]",,0.20202020202020202,org.apache.logging.log4j.core.appender,0.9292929292929293,0.0,0.0,6.263888888888889,3.715962441314554,875,4.82937025540763E-5,1,7.803542585792996,,72,17254,64,1.269219527850302,1.5430429375738524,0.0,0,hubLikeDep,170225,smell
logging-log4j2,4f474b32751f4ccad67424ca585612584440cd63,1,2026-01-22T10:08:42.000,462.9551215284282,43.44522257616567,1.5185185185185186,CONTAINER,PACKAGE,"[org.apache.logging.log4j.status, org.apache.logging.log4j.core.util.internal, org.apache.logging.log4j.core.appender.db.jdbc, org.apache.logging.log4j.core, org.apache.logging.log4j.core.config, org.apache.logging.log4j.core.impl, org.apache.logging.log4j.core.appender, org.apache.logging.log4j.core.selector, org.apache.logging.log4j.layout.template.json, org.apache.logging.log4j.core.net, org.apache.logging.log4j.core.appender.mom, org.apache.log4j.xml, org.apache.logging.log4j.cassandra, org.apache.logging.log4j.test.junit, org.apache.logging.log4j, org.apache.logging.log4j.core.internal.annotation, org.apache.logging.log4j.util, org.apache.logging.log4j.message, org.apache.logging.log4j.layout.template.json.resolver, org.apache.logging.log4j.core.util, org.apache.log4j.config, org.apache.logging.log4j.core.net.ssl, org.apache.logging.log4j.core.async, org.apache.logging.log4j.spring.boot, org.apache.logging.log4j.core.lookup, org.apache.logging.log4j.test, org.apache.logging.log4j.core.config.plugins.convert, org.apache.logging.log4j.core.config.plugins.validation.constraints, org.apache.logging.log4j.smtp, org.apache.logging.log4j.core.appender.mom.jakarta, org.apache.logging.log4j.spi, org.apache.logging.log4j.core.config.plugins, org.apache.logging.log4j.core.layout, org.apache.logging.log4j.spring, org.apache.log4j, org.apache.log4j.layout, org.apache.log4j.builders.appender, org.apache.logging.log4j.core.internal]",,0.7037037037037037,org.apache.logging.log4j.core.net,0.8148148148148148,0.0,0.0,5.894736842105263,3.593172119487909,408,7.618116254301072E-5,1,8.067575298458372,,38,3293,29,1.313682523615651,1.643837245811238,0.0,0,hubLikeDep,170310,smell
logging-log4j2,4f474b32751f4ccad67424ca585612584440cd63,1,2026-01-22T10:08:42.000,700.8404936669904,51.88192529629883,1.2083333333333333,CONTAINER,PACKAGE,"[org.apache.logging.log4j.core.test.junit, org.apache.logging.log4j.status, org.apache.log4j.util, org.apache.log4j.legacy.core, org.apache.log4j.builders.filter, org.apache.logging.log4j.perf, org.apache.logging.log4j.core, org.apache.logging.log4j.core.test.appender, org.apache.logging.log4j.core.config, org.apache.logging.log4j.core.appender, org.apache.logging.log4j.osgi.tests, org.apache.logging.log4j.core.tools, org.apache.logging.log4j.core.net, example, org.apache.logging.log4j.core.test, org.apache.log4j.xml, org.apache.logging.log4j.test.junit, org.apache.logging.log4j, org.apache.log4j.jmx, org.apache.logging.log4j.core.test.net, org.apache.logging.log4j.perf.util, org.apache.log4j.builders, org.apache.log4j.or, org.apache.logging.log4j.util, org.apache.logging.log4j.message, org.apache.logging.log4j.layout.template.json.resolver, org.apache.logging, org.apache.logging.log4j.core.config.builder, org.apache.log4j.config, org.apache.log4j.helpers, org.apache.logging.log4j.test, org.apache.log4j.varia, org.apache.log4j.builders.layout, org.apache.logging.log4j.perf.jmh, org.apache.log4j.bridge, org.apache.logging.log4j.spi, org.apache.log4j.pattern, org.apache.logging.log4j.core.config.plugins, org.apache.logging.log4j.core.layout, org.apache.log4j.internal.annotation, org.apache.logging.log4j.core.async.perftest, org.apache.log4j, org.apache.log4j.builders.appender, org.apache.log4j.spi]",,0.3333333333333333,org.apache.log4j,0.875,0.0,0.0,5.090909090909091,3.7304439746300213,368,6.221114574719896E-5,1,8.005554875701907,,44,7664,42,1.4112886087509113,1.6963657252852253,0.0,0,hubLikeDep,170358,smell
logging-log4j2,4f474b32751f4ccad67424ca585612584440cd63,1,2026-01-22T10:08:42.000,31.585618201201015,5.969120769043799,0.0,CONTAINER,PACKAGE,"[org.apache.logging.log4j.core.test.appender, org.apache.logging.log4j.core.appender, org.apache.logging.log4j.core.layout, org.apache.logging.log4j.core.filter]",,0.0,org.apache.logging.log4j.core.test.appender,0.0,0.3741626290859202,0.0,6.25,2.0,9,3.8205923187029546E-5,1,5.969120769043799,,4,28,1,0.4330127018922193,0.0,0.3333333333333333,0,unstableDep,170414,smell
logging-log4j2,4f474b32751f4ccad67424ca585612584440cd63,1,2026-01-22T10:08:42.000,120.98547826417773,6.752750899195,0.0,CONTAINER,PACKAGE,"[org.apache.logging.log4j.core.util.internal, org.apache.logging.log4j.core.async, org.apache.logging.log4j.core, org.apache.logging.log4j.core.impl, org.apache.logging.log4j.core.appender, org.apache.logging.log4j.core.filter, org.apache.logging.log4j.core.test, org.apache.logging.log4j.core.config.properties, org.apache.logging.log4j.core.config.builder.impl, org.apache.logging.log4j.core.jmx, org.apache.logging.log4j.core.layout, org.apache.logging.log4j.core.pattern, org.apache.logging.log4j.core.jmx.internal, org.apache.logging.log4j.core.config.xml]",,0.0,org.apache.logging.log4j.core,0.0,0.4888478391687735,0.0,6.357142857142857,3.131868131868132,60,3.671041641371402E-5,1,6.752750899195,,14,321,1,0.7178482586514922,1.2856673232711795,0.4642857142857143,0,unstableDep,170423,smell
logging-log4j2,4f474b32751f4ccad67424ca585612584440cd63,1,2026-01-22T10:08:42.000,279.4971945881114,12.652243514412818,0.0,CONTAINER,PACKAGE,"[org.apache.logging.log4j.core.util.internal, org.apache.logging.log4j.core.script, org.apache.logging.log4j.core.async, org.apache.logging.log4j.core.config, org.apache.logging.log4j.core.config.arbiters, org.apache.logging.log4j.core.selector, org.apache.logging.log4j.core.appender, org.apache.logging.log4j.core.lookup, org.apache.logging.log4j.core.config.composite, org.apache.logging.log4j.core.filter, org.apache.logging.log4j.core.net, org.apache.logging.log4j.core.appender.mom, org.apache.logging.log4j.core.config.properties, org.apache.logging.log4j.core.config.builder.impl, org.apache.logging.log4j.core.appender.rolling, org.apache.logging.log4j.core.layout, org.apache.logging.log4j.core.config.xml, org.apache.logging.log4j.core.config.plugins.util, org.apache.logging.log4j.simple, org.apache.logging.log4j.core.internal]",,0.0,org.apache.logging.log4j.core.config,0.0,0.4709651838960097,0.0,6.5,3.3421052631578947,88,3.0164755899912418E-5,1,7.304776198898938,,20,1464,3,0.7416198487095663,1.1981634145086537,0.5277777777777778,0,unstableDep,170442,smell
logging-log4j2,4f474b32751f4ccad67424ca585612584440cd63,1,2026-01-22T10:08:42.000,80.02423228996854,6.887389310046267,0.0,CONTAINER,PACKAGE,"[org.apache.logging.log4j.core.util.internal, org.apache.logging.log4j.core.async, org.apache.logging.log4j.core.impl, org.apache.logging.log4j.core.selector, org.apache.logging.log4j.core.context.internal, org.apache.logging.log4j.core.config.composite, org.apache.logging.log4j.core.config.plugins.convert, org.apache.logging.log4j.core.pattern]",,0.0,org.apache.logging.log4j.core.impl,0.0,0.37464133240838743,0.0,6.625,3.2857142857142856,12,2.9495573991149202E-5,1,6.887389310046267,,8,135,1,0.6959705453537527,1.1605769149479943,0.3888888888888889,0,unstableDep,170467,smell
logging-log4j2,4f474b32751f4ccad67424ca585612584440cd63,1,2026-01-22T10:08:42.000,29.65235463289174,6.80271669909501,0.0,CONTAINER,PACKAGE,"[org.apache.logging.log4j.core.util, org.apache.logging.log4j.core.async, org.apache.logging.log4j.core.impl, org.apache.logging.log4j.core.selector, org.apache.logging.log4j.core.config.plugins.util, org.apache.logging.log4j.core.net]",,0.0,org.apache.logging.log4j.core.util,0.0,0.41684919533245235,0.0,6.333333333333333,2.3333333333333335,19,5.443979056398945E-5,1,6.80271669909501,,6,19,1,0.7453559924999298,0.4714045207910317,0.3125,0,unstableDep,170480,smell
logging-log4j2,4f474b32751f4ccad67424ca585612584440cd63,1,2026-01-22T10:08:42.000,89.5829619215941,28.667896924156917,0.0,CONTAINER,PACKAGE,"[org.apache.logging.log4j.core.util.internal, org.apache.logging.log4j.core.appender.db.jdbc, org.apache.logging.log4j.perf.jmh, org.apache.logging.log4j.perf.nogc, org.apache.logging.log4j.core.async, org.apache.logging.log4j.layout.template, org.apache.logging.log4j.core.appender.db, org.apache.logging.log4j.perf.appender, org.apache.logging.log4j.core.pattern, org.apache.logging.log4j.core.appender.db.jpa]",,0.0,org.apache.logging.log4j.perf.jmh,0.0,0.40701408463256644,0.0,6.6,3.6,12,1.5353593862771713E-5,1,6.9529862989775655,,10,166,17,0.8,1.1430952132988166,0.36,0,unstableDep,170491,smell
logging-log4j2,4f474b32751f4ccad67424ca585612584440cd63,1,2026-01-22T10:08:42.000,40.61772002886778,7.5425212567414155,0.0,CONTAINER,PACKAGE,"[org.apache.logging.log4j, org.apache.logging.log4j.internal, org.apache.logging.log4j.core.jackson, org.apache.log4j, org.apache.logging.log4j.core.test.util, org.apache.logging.log4j.simple]",,0.0,org.apache.logging.log4j,0.0,0.624289417192322,0.0,5.0,2.8,10,9.68093768710199E-5,1,7.5425212567414155,,6,29,1,1.2909944487358056,0.9797958971132712,0.3333333333333333,0,unstableDep,170506,smell
logging-log4j2,4f474b32751f4ccad67424ca585612584440cd63,1,2026-01-22T10:08:42.000,58.95246109429538,6.248948378111052,0.0,CONTAINER,PACKAGE,"[org.apache.logging.log4j.util.internal, org.apache.logging.log4j.internal, org.apache.logging.log4j.util, org.apache.logging.log4j.test, org.apache.logging.log4j.simple.internal]",,0.0,org.apache.logging.log4j.util,0.0,0.5409255368814193,0.0,5.4,3.4,9,1.543962664864513E-4,1,6.248948378111052,,5,89,1,0.4898979485566356,0.9165151389911681,0.4,0,unstableDep,170517,smell
logging-log4j2,4f474b32751f4ccad67424ca585612584440cd63,1,2026-01-22T10:08:42.000,39.17880826163521,6.7191101844400745,0.0,CONTAINER,PACKAGE,"[org.apache.logging.log4j.perf.nogc, org.apache.logging.log4j.spi, org.apache.logging.log4j.internal, org.apache.logging.log4j.core.context.internal, org.apache.logging.log4j.simple, org.apache.logging.log4j.internal.map]",,0.0,org.apache.logging.log4j.spi,0.0,0.6058730158730158,0.0,5.666666666666667,3.1333333333333333,9,8.124242586181325E-5,1,6.7191101844400745,,6,34,1,0.7453559924999299,0.9568466729604882,0.4166666666666667,0,unstableDep,170527,smell
logging-log4j2,4f474b32751f4ccad67424ca585612584440cd63,1,2026-01-22T10:08:42.000,40.227522582896086,7.741790330688934,0.0,CONTAINER,PACKAGE,"[org.apache.logging.log4j.core.config.plugins.visitors, org.apache.logging.log4j.core.config.plugins, org.apache.logging.log4j.core.appender.rolling, org.apache.logging.log4j.test, org.apache.logging.log4j.core.internal]",,0.0,org.apache.logging.log4j.core.config.plugins,0.0,0.6599848118716297,0.0,6.6,3.5,7,6.709784469430892E-5,1,7.741790330688934,,5,27,1,1.019803902718557,1.118033988749895,0.8,0,unstableDep,170538,smell
logging-log4j2,4f474b32751f4ccad67424ca585612584440cd63,1,2026-01-22T10:08:42.000,51.79302962706627,6.10386707791572,0.0,CONTAINER,PACKAGE,"[org.apache.log4j.bridge, org.apache.log4j.helpers, org.apache.log4j.or, org.apache.log4j, org.apache.log4j.spi]",,0.0,org.apache.log4j.spi,0.0,0.3450020014419048,0.0,3.8,1.7,16,2.022664215360958E-5,1,6.10386707791572,,5,72,1,0.39999999999999997,0.6403124237432849,0.6666666666666666,0,unstableDep,170548,smell
logging-log4j2,4f474b32751f4ccad67424ca585612584440cd63,1,2026-01-22T10:08:42.000,84.89981059390867,17.83252708686008,0.0,CONTAINER,PACKAGE,"[org.apache.log4j.config, org.apache.log4j.builders.filter, org.apache.log4j.builders, org.apache.logging.log4j.core.appender.rolling, org.apache.logging, org.apache.log4j.builders.appender, org.apache.log4j.builders.rolling, org.apache.log4j.builders.layout, org.apache.log4j.varia]",,0.0,org.apache.log4j.builders,0.0,0.3694179242351272,0.0,4.666666666666667,3.9722222222222223,20,1.0178168596243318E-5,1,7.28009869786116,,9,136,6,1.0540925533894598,1.6412412496358275,0.32,0,unstableDep,170558,smell
